tree
version=v4
num_class=1
num_tree_per_iteration=1
label_index=0
max_feature_idx=7
objective=binary sigmoid:1
feature_names=rsi_14 macd macd_hist ema_9 ema_21 ema_50 bb_width adx_14
feature_infos=[25.014729939424583:84.177889215806587] [-43.451166938842107:81.914300661743709] [-24.90123523374325:27.534846518819293] [344.19471252041262:3422.0933523898993] [346.55044381161986:3337.7089188120449] [343.2763020989442:3253.1802142747265] [0.022388764024378914:0.23733036157172926] [10.162901016135823:53.801063713139627]
tree_sizes=3251 3346 3350 3356 3347 3368 3360 3363 3360 3366 3374 3373 3378 3384 3381 3378 3358 3375 3361 3367 3354 3361 3381 3341 3372 3375 3366 3363 3374 3362 3373 3373 3357 3382 3366 3381 3370 3362 3372 3374 3365 3371 3376 3355 3372 3384 3369 3375 3389 3367 3366 3365 3375 3363 3379 3368 3386 3360 3377 3382 3357 3369 3380 3383 3370 3365 3368 3382 3360 3356 3361 3370 3397 3365 3365 3352 3377 3383 3368 3373 3362 3369 3385 3380 3391 3368 3389 3359 3376 3369 3384 3378 3355 3357 3368 3386 3358 3384 3357 3378

Tree=0
num_leaves=31
num_cat=0
split_feature=1 3 0 5 6 1 4 6 0 2 6 1 4 2 1 7 6 2 7 5 3 2 0 1 6 1 4 7 3 4
split_gain=12.0309 21.671 18.312 14.5148 11.8239 10.3953 15.7797 11.8648 12.4001 10.8595 15.8609 16.2228 15.9998 9.73382 9.08637 15.0157 8.73868 11.1804 8.13611 7.14418 9.89501 13.4399 9.39275 6.84289 6.67386 10.9469 6.1167 7.40517 16.7538 12.2349
threshold=-1.8914954688761723 722.81603997991351 43.667473531366376 756.01111721779591 0.058712321775387662 20.446581377260319 1115.8889566376215 0.060576164956762768 59.370756127184833 -1.3519189046559228 0.03547708960016787 3.2826346704351583 935.81567108649676 2.5686727760753656 -6.3558716845336098 27.302012715251852 0.072436080022373936 5.4494339586272851 21.678963301844686 1179.5621494761042 1267.3947733701659 0.37841645073300773 61.388354913119777 -0.53673070306530224 0.14848995902777426 36.186495570535733 774.75460812549238 20.535350177208361 918.89174925212785 2474.7514662332155
decision_type=2 2 2 2 2 2 2 2 2 2 2 2 2 2 2 2 2 2 2 2 2 2 2 2 2 2 2 2 2 2
left_child=1 4 -2 -3 -1 6 9 -7 -9 -4 -11 13 -13 23 -6 18 17 19 -16 22 -21 -22 -8 -12 25 -10 -5 28 -28 -30
right_child=2 3 5 26 14 7 16 8 24 10 11 12 -14 -15 15 -17 -18 -19 -20 20 21 -23 -24 -25 -26 -27 27 -29 29 -31
leaf_value=0.27503227380595807 0.1382855298779114 0.10929165937740676 0.15274818387913683 0.23468709086693104 0.26119344223870045 0.11235008453568783 0.28362189339942834 0.24325068131011804 0.20851266160536272 0.26274023197392304 0.17451050937426549 0.20814527949332653 0.11846693485224999 0.20705580150590888 0.19772569746472565 0.14232265108684242 0.24437210386815447 0.13222984806451485 0.26119344223870045 0.14387539001335437 0.18269386317615269 0.25838988584360945 0.19278666619848026 0.11940001371409846 0.11204424201985973 0.12381917887924189 0.22054187450988105 0.20178835538055617 0.081765832952877024 0.18269386317615269
leaf_weight=11.641959100961683 18.577594310045242 5.4494276642799369 22.540814429521561 8.1741414964199048 8.917245268821711 8.1741414964199048 6.6879339516162855 6.1925314366817501 10.651154071092611 7.1833364665508261 9.1649465262889915 56.971289217472076 5.4494276642799369 7.1833364665508261 11.641959100961694 7.431037724018096 17.834490537643433 4.9540251493453971 8.9172452688217145 6.44023269414902 14.366672933101656 9.9080502986907941 4.9540251493453979 14.614374190568922 4.9540251493453971 5.9448301792144767 7.9264402389526394 36.659786105155945 6.6879339516162855 5.4494276642799377
leaf_count=47 75 22 91 33 36 33 27 25 43 29 37 230 22 29 47 30 72 20 36 26 58 40 20 59 20 24 32 148 27 22
internal_value=0.192372 0.205403 0.185989 0.187669 0.231098 0.189943 0.194646 0.165292 0.180892 0.184115 0.191146 0.185639 0.200316 0.156049 0.21724 0.203237 0.214546 0.203302 0.225254 0.211615 0.198973 0.21359 0.244969 0.140641 0.162972 0.178175 0.194251 0.188423 0.164003 0.12708
internal_weight=0 118.897 242.747 70.3472 48.5494 224.17 188.253 35.9167 27.7425 123.108 100.567 93.3834 62.4207 30.9627 36.9075 27.9902 65.1454 47.3109 20.5592 42.3569 30.715 24.2747 11.642 23.7793 21.55 16.596 64.8977 56.7236 20.0638 12.1374
internal_count=1460 480 980 284 196 905 760 145 112 497 406 377 252 125 149 113 263 191 83 171 124 98 47 96 87 67 262 229 81 49
is_linear=0
shrinkage=1


Tree=1
num_leaves=31
num_cat=0
split_feature=1 3 0 5 6 1 4 6 0 5 3 4 2 2 6 6 7 1 7 6 2 7 5 5 4 0 4 5 6 3
split_gain=10.8731 19.6717 16.4389 13.0115 10.8562 9.3637 14.2757 10.6209 11.8135 10.5513 13.7644 11.1001 12.9791 9.11932 8.97411 13.411 8.54768 8.29811 13.5512 7.95638 10.0694 7.43552 7.39127 11.5633 7.20567 7.90991 7.01759 6.53824 9.5298 7.77018
threshold=-1.8914954688761723 722.81603997991351 43.667473531366376 756.01111721779591 0.058712321775387662 20.446581377260319 1115.8889566376215 0.07022913523269346 72.518359792118289 372.11199355375476 535.6452648704585 950.39376886299135 -1.3519189046559228 0.81738693588933065 0.05069166686971769 0.060017219985314389 23.997670684434727 -6.3558716845336098 27.302012715251852 0.072436080022373936 5.4494339586272851 21.678963301844686 383.26523514550598 376.97916901644498 726.23224106984287 49.563183588787602 764.4538643142854 688.77434672650588 0.082837475182216042 573.99670831601122
decision_type=2 2 2 2 2 2 2 2 2 2 2 2 2 2 2 2 2 2 2 2 2 2 2 2 2 2 2 2 2 2
left_child=1 4 -2 -3 -1 6 9 -7 16 13 22 12 24 -4 -14 -16 -9 -6 21 20 -8 -19 23 -11 -12 -26 27 28 -17 -30
right_child=2 3 5 -5 17 7 19 8 -10 10 11 -13 14 -15 15 26 -18 18 -20 -21 -22 -23 -24 -25 25 -27 -28 -29 29 -31
leaf_value=0.079304781154818593 -0.051147020493896495 -0.078420135783503972 0.053308564850496447 0.0017891421999067182 0.065903202693214064 -0.072821093444943738 0.018333793397198938 0.050419983175866691 -0.073895943752018176 -0.083420294543736673 0.012449741704513984 -0.072200878530283896 0.051052147527721553 -0.014678874999236103 -0.06865898697439933 -0.042670734389312057 -0.01605842571353374 0.0050888314488377762 -0.047343082477007851 0.049687434051949211 -0.0568496490650525 0.065903202693214022 -0.09371557063688031 0.007618517098147092 -0.012456880735799335 -0.093882377175285192 -0.023917238898684953 0.052706931532797346 0.068142405216718452 -0.010482572427799954
leaf_weight=11.530571207404135 18.660646677017212 5.4836087226867667 11.883733168244364 64.859927415847778 8.8482293486595101 8.9676691591739637 42.250965639948845 7.4198763072490754 5.708668276667594 5.9601359069347408 4.9709481000900295 5.7240977436304084 11.368888288736342 8.431802958250044 5.9426064789295188 6.693216919898993 13.881653785705565 11.635901033878335 7.4621482193469992 17.733922719955444 4.9782076478004447 8.8482293486595136 6.7060225754976264 8.4089501947164518 5.2194955050945264 6.9593273401260376 10.403492197394369 11.87123793363571 6.6774424612522107 5.9354796409606934
leaf_count=47 75 22 48 262 36 36 171 30 23 24 20 23 46 34 24 27 56 47 30 72 20 36 27 34 21 28 42 48 27 24
internal_value=0 0.0124096 -0.0060576 -0.00446355 0.0369708 -0.002303 0.00216667 -0.0256738 -0.0100205 -0.00783692 -0.0143416 -0.00505483 -3.92624e-07 0.0250909 0.0111468 0.00160034 0.00709773 0.0237042 0.0103434 0.0211314 0.0104091 0.0313579 -0.0503718 -0.0301434 -0.0382798 -0.0589857 0.0116416 0.0235071 0.0055523 0.0311425
internal_weight=0 118.669 242.758 70.3435 48.3251 224.098 188.12 35.9779 27.0102 123.157 102.841 81.7662 76.0421 20.3155 58.8924 47.5235 21.3015 36.7945 27.9463 64.9631 47.2292 20.4841 21.0751 14.3691 17.1498 12.1788 41.5809 31.1774 19.3061 12.6129
internal_count=1460 480 980 284 196 905 760 145 109 497 415 330 307 82 238 192 86 149 113 263 191 83 85 58 69 49 168 126 78 51
is_linear=0
shrinkage=0.05


Tree=2
num_leaves=31
num_cat=0
split_feature=1 3 0 5 6 1 4 6 0 6 5 7 0 7 7 6 3 6 7 0 7 1 7 6 5 0 0 2 3 2
split_gain=9.83156 17.8946 14.7844 11.7076 10.0139 8.44396 12.9123 9.58705 10.7989 9.55547 13.8656 10.9295 10.4639 9.29303 13.7313 18.3176 12.056 10.785 9.23161 7.75826 9.4178 17.9626 10.5137 7.26106 9.5803 8.6546 7.18723 6.02228 8.93192 12.2701
threshold=-1.8914954688761723 722.81603997991351 43.667473531366376 756.01111721779591 0.058712321775387662 20.446581377260319 1115.8889566376215 0.060576164956762768 59.370756127184833 0.096224735492367749 353.60642875520358 41.731853755245758 63.685418512050994 41.731853755245758 23.234079066352642 0.049535515566390777 386.34615167293481 0.042602855704374602 15.024489128789755 35.431682244981332 27.019011802385126 -6.1174051115558532 21.61633729815377 0.072436080022373936 1179.5621494761042 61.388354913119777 43.667473531366376 5.4494339586272851 1267.3947733701659 0.37841645073300773
decision_type=2 2 2 2 2 2 2 2 2 2 2 2 2 2 2 2 2 2 2 2 2 2 2 2 2 2 2 2 2 2
left_child=1 4 -2 -3 -1 6 9 -7 -9 10 -4 12 -11 14 16 -16 17 -12 -18 -6 22 -22 26 24 25 -8 -21 28 -26 -30
right_child=2 3 5 -5 19 7 23 8 -10 11 13 -13 -14 -15 15 -17 18 -19 -20 20 21 -23 -24 -25 27 -27 -28 -29 29 -31
leaf_value=0.07630134223013646 -0.048446017678398762 -0.074288422351888886 0.050608076487062753 0.0016999878142736479 0.072760916402573733 -0.071701163123387077 0.086968541500615115 0.048160989790735249 -0.026937570642735838 -0.024647195894456325 0.0085033967827801687 -0.049256578059207627 0.052226564293716062 0.044153874716023472 0.015772731027352958 -0.076810532760671416 -0.046514202096560507 -0.079426668675967024 0.01620036745043096 -0.043887682655093997 0.03531306879129293 -0.094959247133535471 0.070381869817851578 0.047525952168576753 -0.04686116873981544 -0.00052277145706080544 0.040305542650141975 -0.053843642301750462 -0.010119219572697687 0.062431537425559326
leaf_weight=11.38876551389694 18.714451789855957 5.4986896812915793 7.4165831804275504 64.848653808236122 6.373299151659011 8.2467781305313093 6.5984466075897199 6.14888668060303 21.611819103360176 5.9529678523540559 5.4395896941423407 4.9588694870471945 17.265489622950554 5.2113970071077338 7.1814485341310528 20.863127365708351 7.1904297471046439 9.7161714285612089 31.902235522866249 5.1963800936937385 5.6349398642778397 4.9887406826019269 9.497803792357443 17.61642050743103 6.4574299454689053 4.9446964263916016 4.9489334225654602 4.9929040670394889 14.354486763477327 9.8109769821166974
leaf_count=47 75 22 30 262 26 33 27 25 87 24 22 20 70 21 29 84 29 39 129 21 23 20 39 72 26 20 20 20 58 40
internal_value=0 0.0118234 -0.00575363 -0.00423964 0.0353506 -0.00218493 0.00206614 -0.0243654 -0.0103035 -0.00744247 -0.0150324 0.0181258 0.0325169 -0.0205959 -0.0246963 -0.0531025 -0.0100113 -0.0478675 0.00466509 0.022622 0.0120642 -0.0258611 0.0325756 0.0201362 0.00990463 0.0494902 -0.00281782 -0.00292513 0.00537687 0.0193358
internal_weight=0 118.376 242.596 70.3473 48.0289 223.881 187.874 36.0075 27.7607 123.098 94.921 28.1773 23.2185 87.5044 82.293 28.0446 54.2484 15.1558 39.0927 36.6401 30.2668 10.6237 19.6431 64.7754 47.1589 11.5431 10.1453 35.6158 30.6229 24.1655
internal_count=1460 480 980 284 196 905 760 145 112 497 383 114 94 353 332 113 219 61 158 149 123 43 80 263 191 47 41 144 124 98
is_linear=0
shrinkage=0.05


Tree=3
num_leaves=31
num_cat=0
split_feature=1 3 0 5 6 6 6 0 2 5 7 6 5 1 3 6 1 2 0 6 3 3 2 4 2 4 3 1 2 6
split_gain=8.89787 16.3131 13.3173 10.5685 9.26854 8.31956 8.08433 7.10677 8.64527 11.218 6.67592 19.1367 17.5426 12.885 13.9888 12.619 7.47469 7.07214 8.05773 10.9 5.98297 10.7138 7.87658 5.66255 10.7751 8.63372 18.1098 9.48262 6.82075 6.75104
threshold=-1.8914954688761723 722.81603997991351 43.667473531366376 756.01111721779591 0.058712321775387662 0.17174151728186801 0.11950389932208842 35.431682244981332 -2.4029698689378689 372.78707042225017 22.970694822597867 0.074532817970536028 372.11199355375476 20.238088360163776 703.7558318275386 0.037123181482600451 6.7694362602548503 -0.67270238514827629 60.803186167160803 0.052874999849001666 1243.7586286818287 948.33957151842026 -5.9377736580518912 2365.186302714957 -1.1153608564953199 1216.2013520142712 1151.6876698628041 -9.961621299394265 -7.3649882703955143 0.059297484371505997
decision_type=2 2 2 2 2 2 2 2 2 2 2 2 2 2 2 2 2 2 2 2 2 2 2 2 2 2 2 2 2 2
left_child=1 4 -2 -3 -1 6 10 -6 -9 -10 11 13 -12 14 15 -4 -14 20 -19 -20 21 -16 -22 25 28 26 27 -5 -25 -29
right_child=2 3 5 23 7 -7 -8 8 9 -11 12 -13 16 -15 17 -17 -18 18 19 -21 22 -23 -24 24 -26 -27 -28 29 -30 -31
leaf_value=0.073593349516849607 -0.045951580287280296 -0.070590025615622373 0.037900819202536129 0.068453924729728985 0.069900711423315595 -0.059174332810407106 0.027148975321636265 -0.042654897435450617 -0.03508368220820874 0.044116402612811564 0.049952999767154969 0.038631191798873754 -0.056105536620570655 -0.077233702733419049 -0.033044050230491895 -0.051371256406740284 -0.015579960313575543 0.041469638991602574 -0.065969785539110981 0.024811683317043386 0.0087444748825848458 0.067627991583512695 -0.072206812692311079 -0.034435359439014344 -0.072237491193575629 0.054074569231042549 -0.073964698217366939 0.029735337052417422 0.037410877094719408 -0.025977596153523387
leaf_weight=11.221647605299948 18.742983788251877 5.4974088668823233 4.9114544540643719 6.9158203899860373 6.3041114807128897 6.2021227329969397 23.655321419239044 5.9172827005386344 5.9168611615896287 18.296615034341812 8.8651800006628019 29.172417432069778 14.904841199517248 6.2331830561161032 5.4764562547206896 20.402352899312973 48.088851302862167 23.502483978867531 4.9708083271980277 9.8758231848478299 5.4501895308494568 5.1075871884822845 6.6974752843379957 5.9484747499227533 6.6945181638002387 9.4092653095722181 6.6793872267007819 10.63240116834641 7.4290931373834619 11.128887847065924
leaf_count=47 75 22 20 28 26 25 96 24 24 75 36 119 60 25 22 82 194 96 20 40 22 21 27 24 27 38 27 43 30 45
internal_value=0 0.011275 -0.00546858 -0.00402831 0.033861 -0.00207388 -0.000444241 0.0216237 0.0115229 0.0247629 -0.00381473 0.00331581 -0.0159009 -0.0078065 -0.00279748 -0.0340504 -0.0251687 0.0101547 0.0232535 -0.00558291 -0.0119433 0.0155377 -0.0358871 0.00161526 -0.0204515 0.0115096 0.000181932 0.0174519 0.0054637 0.00124332
internal_weight=0 117.992 242.26 70.3353 47.6565 223.517 217.314 36.4349 30.1308 24.2135 193.659 121.8 71.8589 92.6278 86.3946 25.3138 62.9937 61.0808 38.3491 14.8466 22.7317 10.584 12.1477 64.8378 20.0721 44.7658 35.3565 28.6771 13.3776 21.7613
internal_count=1460 480 980 284 196 905 880 149 123 99 784 494 290 375 350 102 254 248 156 60 92 43 49 262 81 181 143 116 54 88
is_linear=0
shrinkage=0.05


Tree=4
num_leaves=31
num_cat=0
split_feature=3 6 6 6 1 0 3 7 1 7 1 0 5 0 0 5 3 3 7 4 5 4 6 1 5 6 2 2 6 4
split_gain=8.54414 8.34838 12.0044 14.62 11.318 11.1758 10.9315 9.67822 16.3132 17.5226 11.5601 10.8244 10.0129 8.45912 7.83775 7.7647 10.0027 10.1185 7.74247 7.32595 7.09265 8.26209 10.1114 8.80845 7.29199 7.0782 7.00592 7.42859 10.6163 6.59923
threshold=348.89280735806057 0.029438950040589953 0.042171295728264169 0.056328471474141384 -1.832666861123698 60.42819845744102 920.8455879607144 23.934430259193849 7.2129729694610498 17.833603736061551 -7.9573334428777676 43.424142925584512 360.62100238242039 70.198941991309468 41.947840334459897 533.67000557265953 701.18207020618945 628.75285808085266 24.691948767234724 794.98651377861165 378.3692104196121 719.68806785205118 0.063919514431183724 -9.019045663618213 539.0993811997115 0.071995029291072724 -5.7204458598054062 1.561409189240635 0.15601436148538042 764.4538643142854
decision_type=2 2 2 2 2 2 2 2 2 2 2 2 2 2 2 2 2 2 2 2 2 2 2 2 2 2 2 2 2 2
left_child=-1 -2 5 4 6 14 -4 8 9 19 11 -9 -12 -10 -3 -14 17 -17 -6 25 -11 24 -23 -24 -22 -5 -18 -28 29 -29
right_child=1 2 3 7 18 -7 -8 10 13 20 12 -13 15 -15 -16 16 26 -19 -20 -21 21 22 23 -25 -26 -27 27 28 -30 -31
leaf_value=0.060210051421553536 -0.060926708650655664 -0.01769192761939067 0.054530349482792201 -0.053520448577630012 -0.041829707575345411 -0.04662096518981329 -0.026605294626634635 0.046520043938120703 0.0496647639587992 -0.030838297838867559 0.046282167475264618 -0.037090697238428616 -0.055738741522216112 -0.020657217801374979 0.042660015449000742 -0.012320593050634487 0.030641100181439687 0.06345235031069929 0.0072742422677730713 -0.085761814404347214 0.011400056079151509 0.055559177779546547 0.022253721883226538 -0.039127852537916799 0.067348872515900923 0.024275217756783079 -0.055159755224298314 0.044829197545076624 -0.081520440278954456 -0.015860044194927026
leaf_weight=5.8008334636688224 5.711614027619361 6.4095271527767173 8.1869369000196475 6.703063905239107 47.386620447039604 4.9599569588899604 8.4220739006996137 15.620286345481874 31.919674098491669 8.1267441809177381 6.1101519018411627 5.1462963670492163 12.883254915475844 4.9380167424678794 33.478352084755898 10.884414598345758 5.2109641134738913 7.4020044803619376 9.6649256497621518 6.4519179612398139 10.782619997859003 6.9017025530338314 10.138286262750626 13.800972327589989 12.663315549492834 5.1858668327331543 18.626113802194595 5.8498675227165284 4.9910032898187628 19.118489429354668
leaf_count=24 23 26 34 27 191 20 34 64 131 33 25 21 52 20 137 44 21 30 39 26 44 28 41 56 52 21 75 24 20 77
internal_value=0 -0.000967442 1.67536e-05 -0.00355548 -0.0229363 0.0241606 0.0133882 0.00266621 0.01268 9.95799e-05 -0.00786409 0.0257999 -0.0155399 0.0402434 0.0329621 -0.0199857 -0.0135957 0.0183509 -0.0335112 -0.0428656 0.0127253 0.0192468 0.0022394 -0.0131327 0.0416184 -0.0195865 -0.0244549 -0.0303641 -0.0149484 -0.00164109
internal_weight=0 353.675 347.963 303.116 73.6606 44.8478 16.609 229.455 117.612 80.7545 111.843 20.7666 91.0763 36.8577 39.8879 84.9661 72.0829 18.2864 57.0515 18.3408 62.4136 54.2869 30.841 23.9393 23.4459 11.8889 53.7964 48.5855 29.9594 24.9684
internal_count=1460 1436 1413 1230 298 183 68 932 479 328 453 85 368 151 163 343 291 74 230 74 254 221 125 97 96 48 217 196 121 101
is_linear=0
shrinkage=0.05


Tree=5
num_leaves=31
num_cat=0
split_feature=3 6 6 6 1 0 3 7 1 7 1 0 5 0 0 5 3 3 7 4 5 1 6 6 7 6 2 2 6 6
split_gain=7.79736 7.52347 10.8739 13.1979 10.1961 10.1145 9.95251 8.75987 14.8473 15.8004 10.4573 9.82351 9.06959 7.71921 7.13085 6.97834 9.02951 9.21229 6.97114 6.54323 6.49379 8.35197 6.47282 6.44233 6.38171 6.37715 6.3212 6.69849 7.44176 6.98162
threshold=348.89280735806057 0.029438950040589953 0.042171295728264169 0.056328471474141384 -1.832666861123698 60.42819845744102 920.8455879607144 23.934430259193849 7.2129729694610498 17.833603736061551 -7.9573334428777676 43.424142925584512 360.62100238242039 70.198941991309468 41.947840334459897 533.67000557265953 701.18207020618945 628.75285808085266 24.691948767234724 794.98651377861165 535.37726193356457 20.238088360163776 0.063919514431183724 0.095023483391456207 20.777572092260367 0.071995029291072724 -5.7204458598054062 2.1997354828813651 0.15395829275619788 0.13140280491354359
decision_type=2 2 2 2 2 2 2 2 2 2 2 2 2 2 2 2 2 2 2 2 2 2 2 2 2 2 2 2 2 2
left_child=-1 -2 5 4 6 14 -4 8 9 19 11 -9 -12 -10 -3 23 17 -17 20 25 -6 -22 -11 -14 -24 -5 -18 29 -29 -28
right_child=1 2 3 7 18 -7 -8 10 13 22 12 -13 15 -15 -16 16 26 -19 -20 -21 21 -23 24 -25 -26 -27 27 28 -30 -31
leaf_value=0.057841310180387809 -0.057792550139450664 -0.016779152544221066 0.052363467001124799 -0.050743224655604373 -0.070654976008983336 -0.044182898469047868 -0.025219635391141533 0.044510976267989326 0.047569665423143039 0.047395112339900389 0.044300398870848419 -0.035081274471620127 -0.080665692256082888 -0.019583347324257257 0.040775004361457722 -0.011693826674227754 0.029141870208984285 0.060760893588178072 0.0069134797699789783 -0.08103863759211552 -0.018108234003801939 -0.085339234679937939 -0.018072389392639061 -0.0080082630767251747 0.018325529949970405 0.023118346775990846 -0.068959826080712772 -0.00087616946014838065 -0.068296886964640077 -0.0047892606459162849
leaf_weight=5.7380651831626883 5.7200260013341895 6.4200098216533652 8.1016143858432788 6.7160485386848467 12.47469988465309 4.9716392904520026 8.440084829926489 15.511831209063532 31.665701910853386 10.759823143482206 6.0654549449682227 5.1684181690216056 7.9656016081571561 4.9480871856212607 33.279810398817062 10.894148498773577 5.2052344083786002 7.3448201566934577 9.6609081178903562 6.4855638146400443 29.498737692832947 5.4771576076745978 19.2014170140028 4.9447158873081207 32.301487505435944 5.1734255999326706 14.683900207281114 22.980241850018505 4.9798066765069953 5.9586273431777945
leaf_count=24 23 26 34 27 50 20 34 64 131 44 25 21 32 20 137 44 21 30 39 26 119 22 78 20 132 21 59 93 20 24
internal_value=0 -0.000916073 2.0738e-05 -0.00337863 -0.0217889 0.0230483 0.0127782 0.00254384 0.0120898 0.000100638 -0.00747625 0.0246192 -0.0147683 0.0384944 0.0314677 -0.0189855 -0.0129194 0.0174836 -0.0318009 -0.0406407 -0.0396831 -0.0286365 0.0121243 -0.0528375 0.00475558 -0.0186041 -0.023225 -0.0288334 -0.0128841 -0.0504365
internal_weight=0 352.999 347.279 302.608 73.6532 44.6715 16.5417 228.954 117.252 80.6378 111.703 20.6802 91.0226 36.6138 39.6998 84.9571 72.0468 18.239 57.1115 18.375 47.4506 34.9759 62.2627 12.9103 51.5029 11.8895 53.8078 48.6026 27.96 20.6425
internal_count=1460 1436 1413 1230 298 183 68 932 479 328 453 85 368 151 163 343 291 74 230 74 191 141 254 52 210 48 217 196 113 83
is_linear=0
shrinkage=0.05


Tree=6
num_leaves=31
num_cat=0
split_feature=2 2 2 1 3 6 0 3 6 6 6 5 3 3 6 0 3 3 4 1 4 0 0 7 2 7 1 1 1 0
split_gain=7.29242 10.4597 9.59347 9.16535 12.7564 8.05325 14.0208 6.75849 7.16923 8.37512 9.29417 7.76068 17.0293 11.9361 8.90922 6.80876 6.59259 11.1541 11.6514 11.6205 8.93557 6.35872 6.69276 6.33298 6.31268 6.40834 6.17642 11.3084 6.0653 10.6244
threshold=-11.286465102201374 -5.9377736580518912 -4.6355392193214149 23.067219596891054 2979.697204013492 0.072258024976986399 63.234063904445257 348.89280735806057 0.029438950040589953 0.042171295728264169 0.056328471474141384 533.67000557265953 542.25652386067475 374.57302494320453 0.10009220542757682 43.534258832733066 554.34783007450108 719.85598620345888 1141.5976062650063 8.2054805903350161 1153.810617262388 60.240725904642375 41.947840334459897 20.371545681793261 0.56854932245674739 29.322998241661516 -1.832666861123698 7.7059002715061249 -8.3919626986680083 64.854157303370542
decision_type=2 2 2 2 2 2 2 2 2 2 2 2 2 2 2 2 2 2 2 2 2 2 2 2 2 2 2 2 2 2
left_child=-1 23 -3 4 7 -5 -7 -4 -9 21 24 13 -13 15 -15 -12 -14 -18 28 20 -20 22 -10 -2 25 26 -11 -28 -19 -30
right_child=1 2 3 5 -6 6 -8 8 9 10 11 12 16 14 -16 -17 17 18 19 -21 -22 -23 -24 -25 -26 -27 27 -29 29 -31
leaf_value=-0.054756900150978387 -0.0023162772034484229 -0.042516253040504555 0.055633620729874635 -0.077118194997092146 0.067587077458527753 0.049712563573011577 -0.039189800063982844 -0.054919040234044508 -0.015917164622703983 0.019609678415226036 -0.012019812976133269 0.086713943678274716 -0.039451631404774389 -0.060504643488359988 0.0098107156300330338 0.05216525119524993 0.034698382881675219 0.024330885956464335 0.050306663652262752 0.04812483361878752 -0.02432173624751675 -0.028948797540491247 0.0404853668974633 0.060331294430008613 -0.039241021919903696 0.04429170742368517 -0.055809631354700219 0.021578939415485481 -0.041702496886671651 0.010089555503422068
leaf_weight=5.9732702523469916 6.2091484665870693 13.37698835134506 5.6692324578762046 6.2026560604572323 7.5130928158760062 6.3601205796003368 14.651350691914557 5.7183500230312339 6.429057151079177 9.0984329581260699 9.5513512343168276 6.7725057601928702 7.7116083055734626 15.616496190428736 6.331175208091735 7.2818653583526602 29.97439056634903 7.8054879903793255 5.3511762022972134 18.986404374241829 16.015658617019653 5.2090711593627921 28.912698775529861 11.515703931450842 23.503796592354774 5.4041226357221595 13.976861089468004 7.127827674150466 28.232006236910827 15.25096946954727
leaf_count=24 25 54 24 25 31 26 59 23 26 38 39 28 31 63 26 30 124 32 22 79 65 21 120 47 95 22 56 29 114 62
internal_value=0 0.000956067 -0.00103004 0.000700653 0.00327495 -0.0270574 -0.0122793 0.00158509 0.000491774 0.0016459 -0.00198956 0.00380389 0.00942637 -0.015928 -0.040221 0.0157459 0.00537906 0.00822174 -0.000438299 0.0196611 -0.00563157 0.0226238 0.0302251 0.0383854 -0.0191296 -0.00585435 -0.0148268 -0.0296727 -0.0162523 -0.0235372
internal_weight=0 351.76 334.035 320.658 293.444 27.2141 21.0115 285.931 280.261 274.543 233.992 174.881 136.1 38.7809 21.9477 16.8332 129.328 121.616 91.6417 40.3532 21.3668 40.5508 35.3418 17.7249 59.111 35.6072 30.2031 21.1047 51.2885 43.483
internal_count=1460 1436 1364 1310 1200 110 85 1169 1145 1122 955 715 557 158 89 69 529 498 374 166 87 167 146 72 240 145 123 85 208 176
is_linear=0
shrinkage=0.05


Tree=7
num_leaves=31
num_cat=0
split_feature=1 3 0 5 6 0 7 1 7 6 6 0 5 7 3 4 7 3 5 0 4 6 1 2 2 2 7 7 2 6
split_gain=6.80463 13.4107 10.6709 9.25959 7.74331 6.40786 7.40864 14.6034 8.97827 6.14454 7.18033 5.58447 4.58076 6.65458 11.476 10.9501 7.50332 7.11083 4.53041 13.3996 11.7375 11.1058 10.1104 9.1001 9.85264 8.76765 8.66112 7.39729 7.34387 7.31031
threshold=-1.8914954688761723 722.81603997991351 43.667473531366376 756.01111721779591 0.058712321775387662 35.431682244981332 27.019011802385126 -6.1174051115558532 21.61633729815377 0.17174151728186801 0.13400831973657604 43.667473531366376 777.18500870733999 20.535350177208361 918.89174925212785 2474.7514662332155 26.775996187898404 1151.6876698628041 902.21830555496138 60.42819845744102 764.4538643142854 0.050623046484043616 4.3835118970279163 -0.37267758977123538 0.71603169693086655 2.5686727760753656 23.127907183182753 19.825645386794875 -2.026023101030562 0.054578433827917924
decision_type=2 2 2 2 2 2 2 2 2 2 2 2 2 2 2 2 2 2 2 2 2 2 2 2 2 2 2 2 2 2
left_child=1 4 -2 -3 -1 -6 8 -8 11 10 18 -7 -5 14 -14 -16 -15 -18 20 28 22 -21 23 -4 -25 -26 -23 -22 -20 -24
right_child=2 3 9 12 5 6 7 -9 -10 -11 -12 -13 13 16 15 -17 17 -19 19 21 27 26 29 24 25 -27 -28 -29 -30 -31
leaf_value=0.068024128450551544 -0.041083127266116522 -0.066434795425672696 -0.075836088033316332 0.038725612033717209 0.066099335727534347 -0.040105293276504708 0.032123165834990718 -0.085914565845343335 0.064256270464693926 -0.050825679673997419 0.034792963936914098 0.034455667458843278 0.021596425649692354 0.026887607959391026 -0.099503866575311142 -0.004262189633125457 0.025038215411774853 -0.046754236311729647 -0.0016715549771907552 -0.075230999136563545 -0.013156324222242262 0.015651956337116555 0.06985938591559876 0.03166348505332954 -0.047175106751823737 0.020950200828508476 -0.034521276410087322 -0.078474990879644255 0.032876838189301719 0.0070641071759954257
leaf_weight=10.715471461415289 18.670331388711929 5.4578025043010703 6.193973019719123 7.2876657396554938 6.1372941434383383 5.2106475383043342 5.5338413119316101 4.9768874347209913 9.159167751669882 6.1926614046096793 13.645214051008223 4.8476665019989014 7.5529092997312572 22.869305193424225 6.7344055622816068 5.4684870392084122 5.6177825182676306 8.9344187527894956 25.858924150466919 6.9490599334239951 8.1922541260719317 19.896537572145462 5.3743920773267737 9.9999005496501905 16.542682930827144 6.6100047528743735 15.151515915989874 9.2046208679676038 37.964813068509102 33.674367815256119
leaf_count=47 75 22 25 30 26 21 23 20 39 25 56 20 31 93 27 22 23 36 105 28 33 82 22 41 67 27 61 37 158 138
internal_value=0 0.00994411 -0.00478216 -0.00390176 0.0307282 0.0195853 0.00998265 -0.0237683 0.0284423 -0.00172166 -0.000309011 -0.00417018 0.00139248 -0.0033659 -0.0268423 -0.0568232 0.00902792 -0.0190392 -0.00268472 0.00444642 -0.0105624 -0.0174873 -0.00231756 -0.0202055 -0.00981191 -0.0277256 -0.00603828 -0.0477162 0.0188792 0.0157068
internal_weight=0 116.504 240.121 69.9228 46.581 35.8655 29.7282 10.5107 19.2175 221.451 215.258 10.0583 64.465 57.1773 19.7558 12.2029 37.4215 14.5522 201.613 105.821 95.7922 41.9971 78.3953 39.3466 33.1526 23.1527 35.0481 17.3969 63.8237 39.0488
internal_count=1460 480 980 284 196 149 123 43 80 905 880 41 262 232 80 49 152 59 824 434 390 171 320 160 135 94 143 70 263 160
is_linear=0
shrinkage=0.05


Tree=8
num_leaves=31
num_cat=0
split_feature=2 2 2 1 3 6 0 3 6 6 6 5 3 4 7 1 1 4 3 5 4 5 4 1 3 7 3 0 0 2
split_gain=6.57378 9.76397 8.2596 7.93995 11.3475 7.43171 12.3359 5.80957 5.94715 7.56873 8.02167 6.92181 15.5277 11.2877 8.08609 5.84603 9.21912 10.3943 11.7892 8.7698 9.35172 8.25729 8.1648 10.5095 8.11641 5.62859 5.60706 5.50971 6.05437 5.29702
threshold=-11.286465102201374 -5.9377736580518912 -4.6355392193214149 23.067219596891054 2979.697204013492 0.072258024976986399 63.234063904445257 348.89280735806057 0.029438950040589953 0.042171295728264169 0.056328471474141384 533.67000557265953 542.25652386067475 394.24462445048079 19.890542292690217 -10.480068199543267 7.3430420880598044 719.68806785205118 554.34783007450108 1122.2990033316566 764.4538643142854 708.43686657928799 790.25555198532822 4.7516964200223706 701.18207020618945 20.371545681793261 1148.763744429883 58.795524736435347 41.947840334459897 0.56854932245674739
decision_type=2 2 2 2 2 2 2 2 2 2 2 2 2 2 2 2 2 2 2 2 2 2 2 2 2 2 2 2 2 2
left_child=-1 25 -3 4 7 -5 -7 -4 -9 27 29 13 -13 14 -12 26 17 18 -17 20 21 24 -19 -24 -18 -2 -14 28 -10 -11
right_child=1 2 3 5 -6 6 -8 8 9 10 11 12 15 -15 -16 16 19 22 -20 -21 -22 -23 23 -25 -26 -27 -28 -29 -30 -31
leaf_value=-0.051953424605015112 -0.0011005731865501897 -0.039501897196761532 0.052193167121556527 -0.073601525775903801 0.064184001401596039 0.047409364185539364 -0.03625808601618638 -0.050262538014213425 -0.01409685881728477 -0.0057372849644775122 -0.048661365511180943 0.083434683943828095 0.059401170288514486 -0.074533140486223171 0.010924705879959778 -0.036263033888487069 0.024760492823242608 -0.060614674953441909 0.040041951557527988 0.04240443103738261 -0.03379066694360338 0.068721141021150248 0.0067200887969107656 -0.075601220254541565 -0.051961980073052118 0.058058362787910545 -0.0018347388320351502 -0.02105090985076441 0.03983028077974219 -0.036395388842102888
leaf_weight=5.9792799353599539 6.210737586021426 13.372090980410574 5.5258257091045371 6.150329232215884 7.390554577112197 6.301058083772662 14.644549399614332 5.6703394055366507 6.4277754426002494 35.348596677184105 7.4177440702915218 6.6174969673156729 8.9524859935045225 6.6500020027160636 24.496007025241852 7.7071296572685268 11.208560228347784 13.293438240885733 14.748987615108488 19.699732527136803 12.587848216295241 6.2773330360651007 17.738932549953464 4.961398407816886 4.9781449735164633 11.402123615145682 6.4181850254535666 6.3929596394300452 27.35235895216465 23.426047876477242
leaf_count=24 25 54 24 25 31 26 59 23 26 145 30 28 38 27 101 31 46 54 62 83 51 26 72 20 20 47 26 26 115 95
internal_value=0 0.000920092 -0.00100587 0.000610965 0.00301917 -0.0252779 -0.0110884 0.0014269 0.000419164 0.001473 -0.00198933 0.00341191 0.00874196 -0.0152732 -0.00292494 0.00489759 0.000968902 -0.0128411 0.0138534 0.0157118 0.000710059 0.0200427 -0.0294956 -0.0112721 0.00116486 0.0371974 0.0338315 0.0215135 0.0295689 -0.0179568
internal_weight=0 349.369 331.756 318.384 291.288 27.0959 20.9456 283.897 278.372 272.701 232.528 173.753 135.19 38.5638 31.9138 128.572 113.202 58.4499 22.4561 54.7516 35.0519 22.464 35.9938 22.7003 16.1867 17.6129 15.3707 40.1731 33.7801 58.7746
internal_count=1460 1436 1364 1310 1200 110 85 1169 1145 1122 955 715 557 158 131 529 465 239 93 226 143 92 146 92 66 72 64 167 141 240
is_linear=0
shrinkage=0.05


Tree=9
num_leaves=31
num_cat=0
split_feature=0 2 2 2 3 0 7 6 5 3 1 6 7 5 5 6 7 1 7 0 1 1 6 0 6 1 0 6 5 7
split_gain=6.11401 5.83127 8.05488 8.03238 7.71744 10.3238 7.64711 7.36064 7.65664 12.9026 10.6484 8.18327 10.3367 9.09675 10.7153 11.1808 10.94 13.1846 13.9735 11.1878 8.18267 8.08018 8.05857 6.69591 5.9289 8.14112 6.02831 5.83727 5.11303 6.01814
threshold=36.395919409487696 -9.7809333283715247 -5.9377736580518912 -2.3256171381452653 791.18385036479481 48.731410288128181 29.873678625242977 0.17174151728186801 2402.1336623815955 2979.697204013492 32.282521064003966 0.093686615121030978 41.731853755245758 353.60642875520358 361.97194270541075 0.042602855704374602 23.234079066352642 7.3430420880598044 19.391802389198912 58.180425799330727 0.36239270621192082 16.208157848311775 0.0559828865712226 42.153455045919394 0.041172188189291352 1.5068045727348365 42.626104877130686 0.074264605728801669 945.30565376871766 21.934042292189684
decision_type=2 2 2 2 2 2 2 2 2 2 2 2 2 2 2 2 2 2 2 2 2 2 2 2 2 2 2 2 2 2
left_child=-1 -2 23 4 6 28 -4 8 11 -10 -11 13 -13 -5 -15 24 17 18 -17 -20 27 22 -22 -3 25 26 -16 -18 -6 -30
right_child=1 2 3 7 5 -7 -8 -9 9 10 -12 12 -14 14 15 16 20 -19 19 -21 21 -23 -24 -25 -26 -27 -28 -29 29 -31
leaf_value=0.023371227467705143 -0.050774409076878128 -0.0094395230774020657 -0.068455722984778353 0.05059144492996525 0.065079238078512819 -0.032736571366851028 0.0053685769387270014 -0.054125253742161851 -0.058160589594951274 0.054396701840542266 -0.027414151701590117 0.03346209358794261 -0.039980671790692299 -0.061214639071965317 -0.012700791290543946 -0.023258762628537027 0.021202434342149763 0.039874593508163747 0.048188981401798267 -0.032469405462290261 -0.0036421735190528513 0.0093920285684172926 -0.072557875024833809 0.064018932127772862 0.077164197063179119 -0.025442153157662507 0.051352211606946412 -0.042632448790412142 -0.033433935279728565 0.042045677029183437
leaf_weight=26.002149641513824 5.971492424607276 4.8966676145791999 12.511778563261034 8.677004545927046 4.9478376805782309 17.704411894083023 4.8744390159845343 5.9130661785602561 13.283035114407541 7.0668895989656475 9.0979745090007764 39.46621136367321 5.4529117196798316 7.2862079441547385 4.9136511832475724 41.63881354033947 11.928971514105799 20.445321545004845 15.790324360132219 5.9076216220855704 5.6473160386085572 6.1051139384508124 17.045201182365417 8.4649610221385938 5.0023777931928626 7.7390784025192252 14.551843076944349 5.1176196336746207 5.3981053531169874 5.1701982170343399
leaf_count=108 24 20 51 37 20 72 20 24 54 30 37 164 22 30 20 170 50 86 66 24 23 25 69 35 21 32 62 21 22 21
internal_value=0 -0.00181677 -0.000908975 -0.00255416 -0.0207682 -0.00664274 -0.0477582 0.00101746 0.00231052 -0.02165 0.00835158 0.00547863 0.0245466 0.000661237 -0.00190053 0.000769965 -0.00578094 0.00496388 -0.00630542 0.0262284 -0.0254175 -0.0416698 -0.0554073 0.0370984 0.027136 0.0179368 0.0351834 0.00203833 0.0231311 0.00349201
internal_weight=0 328.016 322.045 308.683 50.6068 33.2206 17.3862 258.077 252.163 29.4479 16.1649 222.716 44.9191 177.796 169.119 161.833 129.626 83.7821 63.3368 21.6979 45.8442 28.7976 22.6925 13.3616 32.207 27.2046 19.4655 17.0466 15.5161 10.5683
internal_count=1460 1352 1328 1273 206 135 71 1067 1043 121 67 922 186 736 699 669 534 346 260 90 188 117 92 55 135 114 82 71 63 43
is_linear=0
shrinkage=0.05


Tree=10
num_leaves=31
num_cat=0
split_feature=1 3 0 5 6 0 7 1 7 2 2 6 6 6 1 7 0 3 1 7 6 6 3 7 6 0 6 6 4 6
split_gain=5.58565 11.5002 9.13152 7.88574 7.09404 5.5874 6.65938 12.5482 7.88814 5.07408 5.89772 8.1208 5.74803 5.11116 5.32666 10.2399 7.21777 8.39032 8.56793 6.06949 11.4098 6.47168 6.78837 5.93291 4.78562 4.66643 4.49414 5.70937 4.03012 5.50299
threshold=-1.8914954688761723 722.81603997991351 43.667473531366376 756.01111721779591 0.058712321775387662 35.431682244981332 27.019011802385126 -6.1174051115558532 21.61633729815377 -5.9377736580518912 -1.3820132901391331 0.17174151728186801 0.13400831973657604 0.033427240688796177 3.8438495336483247 14.505831303079226 60.340845079812347 1335.2013813348804 19.165762278575531 40.267790005922343 0.093686615121030978 0.078506909727922056 547.46399914143069 33.564210508194144 0.065720102566495422 43.667473531366376 0.066632057680839643 0.055694979645508763 774.75460812549238 0.090716362122076108
decision_type=2 2 2 2 2 2 2 2 2 2 2 2 2 2 2 2 2 2 2 2 2 2 2 2 2 2 2 2 2 2
left_child=1 4 -2 -3 -1 -6 8 -8 25 -4 -11 12 13 -12 -15 -16 26 18 19 20 21 22 -18 -22 -24 -7 27 -17 -5 -30
right_child=2 3 9 28 5 6 7 -9 -10 10 11 -13 -14 14 15 16 17 -19 -20 -21 23 -23 24 -25 -26 -27 -28 -29 29 -31
leaf_value=0.065036891554679968 -0.038040246163360408 -0.061835073958782606 0.034488083258168316 0.034552605444741355 0.062113144565638691 -0.036629622859893539 0.029078502685104264 -0.081061569608450582 0.060867043634072686 -0.020255278798096479 0.046604624737164133 -0.057970356167045906 0.040935721389626478 -0.015229770149756015 0.071302585058202431 0.029440906974924564 0.050958289221642743 -0.035747385625598725 0.06659242435012587 -0.055620597921853893 0.074770762014512812 -0.047871364990940968 -0.035589132321663601 0.0023635383922725687 0.022616007440892719 0.031825902914789948 0.043519073433292296 -0.037478073664736704 -0.009970124412360901 0.034613625682221281
leaf_weight=10.335198074579237 18.532755091786385 5.3845373988151541 9.3805685937404615 7.9208740741014472 5.9437132328748694 5.2061937600374275 5.4426472783088684 4.9270084351301175 8.8925090879201871 40.439013943076134 5.8379720151424399 5.644562914967536 9.4242739081382734 45.989487633109093 5.5498468279838553 7.9804637432098406 5.3230227231979432 18.625285893678665 4.8600676059722892 4.9320652037858954 6.8708418905734998 9.3251572549343091 9.7881714552640897 4.8093105852603912 5.5247357338666907 4.7707120478153229 13.710054919123648 5.3068859279155731 48.035445913672447 8.0864044278860074
leaf_count=47 75 22 39 33 26 21 23 20 39 165 25 23 39 189 24 33 22 76 20 20 29 38 40 20 23 20 58 22 196 33
internal_value=0 0.00908546 -0.00433816 -0.00372024 0.0286176 0.0179192 0.00893548 -0.0232531 0.0266247 -0.00149032 -0.00309791 0.000995415 0.00302667 0.000713271 -0.00108969 0.0052481 0.00147098 -0.00699331 0.00341925 -0.00317307 0.00303891 -0.0133026 0.00231863 0.044957 -0.0145893 -0.00389587 0.0234359 0.00271388 0.0011659 -0.00354621
internal_weight=0 114.945 237.855 69.4273 45.518 35.1828 29.2391 10.3697 18.8694 219.322 209.941 169.502 163.858 154.433 148.595 102.606 97.0561 70.0587 51.4334 46.5733 41.6412 29.9611 20.6359 11.6802 15.3129 9.97691 26.9974 13.2873 64.0427 56.1219
internal_count=1460 480 980 284 196 149 123 43 80 905 866 701 678 639 614 425 401 288 212 192 172 123 85 49 63 41 113 55 262 229
is_linear=0
shrinkage=0.05


Tree=11
num_leaves=31
num_cat=0
split_feature=3 2 2 2 1 3 6 0 7 0 6 6 6 2 0 4 1 2 1 1 3 7 0 5 1 7 4 3 0 3
split_gain=6.4983 5.55728 8.48473 6.38099 5.71253 9.95576 6.5337 11.0274 5.22439 4.98719 4.14972 7.65374 6.4044 6.04453 7.18048 9.57556 6.51174 5.90451 5.3786 5.36478 7.41951 5.31046 9.22776 10.6599 7.8545 9.57162 6.06158 12.0764 5.17919 4.48789
threshold=348.19299808653403 -11.286465102201374 -5.9377736580518912 -4.6355392193214149 23.067219596891054 2979.697204013492 0.072258024976986399 63.234063904445257 20.371545681793261 31.665262127436922 0.030191815952423991 0.042171295728264169 0.05195914829726999 -2.4029698689378689 41.742378063653142 372.4551540628633 -3.5139069120120321 -3.5045780858684012 -1.8021753147556863 3.6624082424904434 1172.1411750671139 23.234079066352642 70.198941991309468 360.62100238242039 7.3430420880598044 16.670884162033012 718.90475247465599 388.03345616055043 58.795524736435347 1143.1439361767461
decision_type=2 2 2 2 2 2 2 2 2 2 2 2 2 2 2 2 2 2 2 2 2 2 2 2 2 2 2 2 2 2
left_child=-1 -2 8 -4 5 9 -6 -8 -3 -5 -11 28 18 17 15 -15 -17 -14 -13 -20 -21 24 23 -23 25 -16 27 -27 -12 -28
right_child=1 2 3 4 6 -7 7 -9 -10 10 11 12 13 14 21 16 -18 -19 19 20 -22 22 -24 -25 -26 26 29 -29 -30 -31
leaf_value=0.063528159668928261 -0.048520416761145907 -0.0026962090338427482 -0.035573750047770601 0.051410622357798155 -0.068135237734966325 0.059955911834632572 0.046491061411345465 -0.03285071691260362 0.054581055380566193 -0.037904559240194556 0.029058460573016965 0.014557292336443681 0.0091148004832063319 -0.030160224613711852 -0.045411959879591124 0.071947290768793137 0.0038021138091557955 -0.038101225765749258 -0.048052142883434928 0.017184199880976848 -0.051104161930260551 0.050104713970802253 0.02030746345852296 -0.029004721673068314 0.035174350120329753 -0.014271430831439122 -0.046722545699064207 0.060922759064677014 -0.020233306903276335 0.010724224854108158
leaf_weight=3.9845586121082297 5.9684771597385398 6.1812105327844646 13.314410552382467 4.7009127885103217 6.0227764844894436 7.1873700916767111 6.2608211934566524 14.57277701795101 11.185448750853537 7.2304152101278296 32.508966371417046 8.8638356178998929 10.656694635748865 4.7661380171775845 9.6685563027858716 11.110891893506054 5.1215502023696873 17.485723614692688 17.996087700128555 10.450593397021295 6.4218256771564475 4.7305372655391684 18.779984012246132 42.658221647143364 21.90954464673996 9.6700737476348895 6.2049673199653608 11.923397868871687 6.3739584237337104 7.520201176404953
leaf_count=18 24 25 54 20 25 31 26 59 47 30 138 37 44 20 39 48 21 72 73 43 26 20 78 175 94 40 25 51 26 31
internal_value=0 -0.000689691 0.000146312 -0.00167808 -0.000226006 0.00185875 -0.0222672 -0.00900728 0.0341947 0.000349951 -0.000532349 0.000488022 -0.00303824 0.0010859 0.00497814 0.0321509 0.0504466 -0.0202219 -0.0202211 -0.029062 -0.00880709 0.000690104 -0.00935327 -0.0211077 0.0106242 -0.00133218 0.0107348 0.027249 0.0209782 -0.0152467
internal_weight=0 347.446 341.478 324.111 310.797 283.94 26.8564 20.8336 17.3667 276.753 272.052 264.822 225.939 182.206 154.064 20.9986 16.2324 28.1424 43.7323 34.8685 16.8724 133.065 66.1687 47.3888 66.8967 44.9872 35.3186 21.5935 38.8829 13.7252
internal_count=1460 1442 1418 1346 1292 1182 110 85 72 1151 1131 1101 937 758 642 89 69 116 179 142 69 553 273 195 280 186 147 91 164 56
is_linear=0
shrinkage=0.05


Tree=12
num_leaves=31
num_cat=0
split_feature=3 2 2 2 6 6 1 3 2 6 6 7 3 3 3 4 7 6 6 5 1 6 6 2 3 2 5 3 7 1
split_gain=5.99537 5.02347 7.71002 5.76495 5.63428 5.17542 8.40462 9.46866 8.02838 6.16754 8.25831 4.79449 4.74349 18.7952 11.4959 13.248 12.3041 9.19582 7.84282 7.65605 10.0474 7.64571 7.46049 7.42539 6.64002 8.44506 6.24579 11.5307 7.33391 9.21806
threshold=348.19299808653403 -11.286465102201374 -5.9377736580518912 -4.6355392193214149 0.17174151728186801 0.093386393735261489 23.067219596891054 2979.697204013492 6.6349076347455433 0.10220622895544255 0.10948747009641356 20.371545681793261 534.09142011082133 542.25652386067475 671.93832974069574 729.50078859455891 16.326502080116004 0.030191815952423991 0.071791377635505763 353.60642875520358 -1.832666861123698 0.033951304740501391 0.058250104677373057 -0.3405911625118489 792.48683463667328 1.561409189240635 902.21830555496138 766.9299714960124 25.223245266709512 -8.1991139070353807
decision_type=2 2 2 2 2 2 2 2 2 2 2 2 2 2 2 2 2 2 2 2 2 2 2 2 2 2 2 2 2 2
left_child=-1 -2 11 -4 5 6 7 8 12 -7 -11 -3 19 -14 23 18 24 -18 -16 -5 22 -19 -21 -15 -17 -26 27 -23 29 -28
right_child=1 2 3 4 -6 9 -8 -9 -10 10 -12 -13 13 14 15 16 17 21 -20 20 -22 26 -24 -25 25 -27 28 -29 -30 -31
leaf_value=0.06168095897763938 -0.046160738414688741 -0.0025609364821591769 -0.033828872163771416 0.042258117184881726 -0.048850112674618786 0.035574852841185022 -0.04627364543484893 0.057195782536836631 -0.053814029239440765 -0.040308408312675209 0.013183894987734389 0.052408026480596476 0.082684479166857144 -0.086810829740916778 0.08081009564403463 -0.012028314537267135 -0.078036377107221111 0.051095526597849952 0.013979374361603489 0.057617576480890824 -0.037189591097008111 0.016633093934031378 -0.013908003566875838 -0.016595649601651816 0.058240082369384917 -0.0081425529673834519 0.067467695626539634 -0.083008419260287791 -0.033043165995290495 -0.0026269300442967099
leaf_weight=3.9008264988660803 5.9600892215967169 6.1823000758886364 13.301410168409346 5.4362138360738745 5.8418502360582343 20.835400491952896 10.594405516982077 6.8462980538606635 7.3709351271390906 8.9539282619953138 37.156119748950005 11.06972876191139 7.1630008667707434 5.4146050065755871 8.2382262200117129 8.7429496496915799 4.8525398075580588 5.2636839300394049 9.3978313803672773 5.7048853933811179 30.5792016685009 4.7710682004690153 10.100506529211996 12.361096084117888 16.585541382431988 6.7372970134019843 5.2982427924871294 7.4172090739011765 16.94532336294651 40.883866921067252
leaf_count=18 24 25 54 23 24 88 44 30 30 37 156 47 31 22 36 36 20 22 40 26 126 20 42 51 70 28 22 30 69 169
internal_value=0 -0.00065436 0.000143245 -0.00159731 -0.000212053 0.000723682 -0.00274778 -0.000708379 -0.00251638 0.012998 0.00279644 0.0327098 -0.000731933 0.00352458 -0.000183642 0.00478863 -0.00127663 -0.0111893 0.0451976 -0.0138801 -0.0204595 -0.00716372 0.0119088 -0.0379837 0.0251334 0.039064 -0.0112354 -0.044004 -0.00490858 0.00541468
internal_weight=0 346.006 340.046 322.794 309.492 303.65 236.705 226.111 219.264 66.9454 46.11 17.252 211.893 160.072 152.909 135.134 117.498 85.4319 17.6361 51.8208 46.3846 80.5794 15.8054 17.7757 32.0658 23.3228 75.3157 12.1883 63.1274 46.1821
internal_count=1460 1442 1418 1346 1292 1268 987 943 913 281 193 72 883 666 635 562 486 352 76 217 194 332 68 73 134 98 310 50 260 191
is_linear=0
shrinkage=0.05


Tree=13
num_leaves=31
num_cat=0
split_feature=3 0 2 2 0 2 6 5 5 6 2 6 1 2 3 4 7 3 2 6 6 3 0 1 1 4 4 7 1 6
split_gain=5.53729 4.95516 4.55611 6.18336 6.03745 5.35258 4.81844 4.16724 11.5469 7.75433 6.54314 6.62036 6.92241 6.46688 5.91111 7.13999 8.52267 6.55948 9.53005 6.31462 11.6226 7.18956 7.0309 11.6218 7.11431 6.8798 9.5751 7.28432 5.8496 5.73504
threshold=348.19299808653403 36.395919409487696 -9.7809333283715247 -5.9377736580518912 42.153455045919394 -4.6355392193214149 0.17174151728186801 539.0993811997115 548.82650628729971 0.030191815952423991 0.84989454014199328 0.049408912367650652 -0.53673070306530224 0.26612000261611085 560.6123266956605 726.23224106984287 16.236989944824007 792.48683463667328 1.4655604357272762 0.034601316871820539 0.055694979645508763 742.40190774026689 60.182429971971082 -2.1916785996662891 14.816935673914431 766.18516570585791 916.9850278636502 28.096285704111384 -2.5611287745169586 0.071791377635505763
decision_type=2 2 2 2 2 2 2 2 2 2 2 2 2 2 2 2 2 2 2 2 2 2 2 2 2 2 2 2 2 2
left_child=-1 -2 -3 4 -4 -5 7 10 -9 -10 11 12 -7 28 -11 29 17 -17 -19 -18 22 -22 23 -21 -25 -23 -27 -28 -13 -16
right_child=1 2 3 5 -6 6 -8 8 9 14 -12 13 -14 -15 15 16 19 18 -20 20 21 25 -24 24 -26 26 27 -29 -30 -31
leaf_value=0.059951143489992711 0.020660193435836648 -0.045693903494087834 -0.012038114447917705 -0.035972207337328345 0.058390556803657512 -0.010191389909329988 -0.046679546279242756 0.052811714544309198 -0.055985729116699634 -0.048822503358109018 -0.037075077402037207 0.008430283270530135 0.057087275314739783 0.026545748688653139 0.063032781880809768 -0.017501438366667618 0.040807142209520919 0.054810100028627018 -0.0096051312897924845 -0.075519746787815881 -0.048157924319638806 0.055995532210918332 -0.075440882585927571 0.024537357256088872 -0.048252942609806497 -0.05076320293327749 0.013285238371163206 -0.029787363203544293 -0.041320546548279609 0.012693908038405264
leaf_weight=3.8149026632308951 25.342741683125496 5.9390586316585532 4.8413762748241416 11.790093243122099 8.1916261911392194 7.2525766491889945 5.8086581528186789 10.933857679367064 5.9886889755725852 5.6099741607904425 18.22665336728096 8.6570781767368299 8.0860632956027967 7.6321831345558158 7.7251387834548977 8.2558894008398038 6.6264400333166114 17.478229418396953 8.5511491149663907 6.9130340069532439 7.2266530096530905 5.8750034421682349 8.2127838730812055 10.947338834404944 4.8412990272045144 8.3330343067646009 57.681757181882858 11.828748553991316 18.608115017414097 21.145761609077454
leaf_count=18 107 24 20 48 35 31 24 48 25 23 76 37 34 32 34 34 28 75 36 28 30 25 34 45 20 34 241 48 77 89
internal_value=0 -0.000620328 -0.00230984 -0.00148735 0.0322284 -0.00295092 -0.0016012 -0.000674762 0.00275783 6.50561e-05 -0.0114131 -0.0021024 0.0252759 -0.0141361 0.00176679 0.0032477 -0.000816871 0.0213316 0.0336485 -0.00672697 -0.00931176 -0.000308862 -0.0357968 -0.0214548 0.00221753 0.00382151 -0.000116167 0.00595548 -0.025524 0.0261633
internal_weight=0 344.551 319.208 313.269 13.033 300.236 288.446 282.637 214.175 203.241 68.4627 50.236 15.3386 34.8974 197.252 191.642 162.771 34.2853 26.0294 128.486 121.86 90.9452 30.9145 22.7017 15.7886 83.7185 77.8435 69.5105 27.2652 28.8709
internal_count=1460 1442 1335 1311 55 1256 1208 1184 897 849 287 211 65 146 824 801 678 145 111 533 505 378 127 93 65 348 323 289 114 123
is_linear=0
shrinkage=0.05


Tree=14
num_leaves=31
num_cat=0
split_feature=3 0 2 2 0 2 6 5 5 6 6 2 0 0 1 6 6 4 7 7 6 3 2 0 1 6 3 1 4 4
split_gain=5.11934 4.4875 4.12333 5.62586 5.54963 4.84321 4.37944 3.77162 10.7668 7.25375 5.96967 5.71946 6.06537 8.541 7.66072 5.29592 3.98863 3.53103 13.1702 8.38459 9.98313 7.51483 10.8591 7.45859 8.23039 7.03202 6.49529 6.45583 6.30412 8.66107
threshold=348.19299808653403 36.395919409487696 -9.7809333283715247 -5.9377736580518912 42.153455045919394 -4.6355392193214149 0.17174151728186801 539.0993811997115 547.02044456520503 0.030191815952423991 0.042171295728264169 0.84989454014199328 57.299931767241382 66.285507071961504 -1.8914954688761723 0.034169089417318388 0.053181791192166289 726.23224106984287 16.670884162033012 16.236989944824007 0.055694979645508763 792.48683463667328 1.4655604357272762 60.182429971971082 -2.1916785996662891 0.071791377635505763 742.40190774026689 14.816935673914431 766.18516570585791 916.9850278636502
decision_type=2 2 2 2 2 2 2 2 2 2 2 2 2 2 2 2 2 2 2 2 2 2 2 2 2 2 2 2 2 2
left_child=-1 -2 -3 4 -4 -5 7 10 -9 -10 -7 12 14 -14 -12 -11 -13 18 -17 21 23 -19 -23 24 -21 -20 -22 -26 -28 -30
right_child=1 2 3 5 -6 6 -8 8 9 15 11 16 13 -15 -16 17 -18 19 25 20 26 22 -24 -25 27 -27 28 -29 29 -31
leaf_value=0.058323899036136023 0.019695907369310532 -0.043527637879919284 -0.011420813597709831 -0.034262270499354069 0.056245333846240912 0.02213568029266233 -0.044641812401370724 0.071847268315551757 -0.053661070308589791 0.038751296973857541 0.0079617573052587123 -0.075420462622356896 0.073002334969710161 -0.017296546396282291 -0.041965660553713605 -0.054613015860888028 -0.023266214755354477 -0.02227322847905196 0.070025084555344674 -0.06185026536014681 -0.045788824811497077 0.059435441513052328 -0.011571865519810591 -0.073447118392999999 0.02336745821270042 0.014172749203504387 0.053949085803699726 -0.046161958364590444 -0.048334389138612321 0.0056670702278761552
leaf_weight=3.7275026589632025 25.256555363535881 5.9232874512672415 4.8477328121662131 11.760329350829123 8.0816615670919401 11.413435012102125 5.7710696756839743 5.4746838063001624 5.9370316267013541 9.5520292967557889 14.247910261154169 5.9796481430530539 4.9256666600704175 5.5912116020917892 16.674537196755416 5.9054335951805106 9.4743821024894697 7.7992264330387142 7.2333603650331488 7.3928833603858992 7.2206547558307639 15.240096822381021 8.3257297575473768 8.3592565357685071 10.921319797635077 25.512752562761307 5.7950103878974906 4.8084019124507913 8.3146219551563245 69.401764407753944
leaf_count=18 107 24 20 48 35 49 24 24 25 42 61 25 21 23 69 24 39 32 33 30 30 66 35 35 45 108 25 20 34 289
internal_value=0 -0.000589482 -0.00220119 -0.00141652 0.0308747 -0.00281271 -0.00152523 -0.000641291 0.00263467 0.00081049 -0.010866 -0.0174865 -0.00780522 0.0249957 -0.018961 0.0024132 -0.0434463 0.000607544 0.0141156 -0.00279205 -0.0087105 0.0202692 0.0343488 -0.0329706 -0.0183376 0.0265101 -0.00029281 0.00211308 0.00364092 -0.000110369
internal_weight=0 343.142 317.885 311.962 12.9294 299.032 287.272 281.501 213.194 207.72 68.3068 56.8934 41.4393 10.5169 30.9224 201.783 15.454 192.231 38.6515 153.579 122.214 31.3651 23.5658 31.4819 23.1226 32.7461 90.7321 15.7297 83.5114 77.7164
internal_count=1460 1442 1335 1311 55 1256 1208 1184 897 873 287 238 174 44 130 848 64 806 165 641 508 133 101 130 95 141 378 65 348 323
is_linear=0
shrinkage=0.05


Tree=15
num_leaves=31
num_cat=0
split_feature=3 0 2 2 0 2 6 6 1 3 2 7 2 1 3 5 7 1 5 6 7 6 7 5 5 7 7 6 2 0
split_gain=4.7369 4.06461 3.73479 5.12227 5.10763 4.38404 3.98313 3.56483 6.64951 8.73966 6.60908 5.55646 5.61733 6.45497 5.12418 10.927 9.52889 8.7657 9.78361 7.33392 6.49941 8.66755 7.17744 6.12186 11.7955 8.50107 6.24173 5.77971 5.47661 8.30737
threshold=348.19299808653403 36.395919409487696 -9.7809333283715247 -5.9377736580518912 42.153455045919394 -4.6355392193214149 0.17174151728186801 0.093386393735261489 23.067219596891054 2979.697204013492 6.6349076347455433 41.731853755245758 -2.4029698689378689 40.137954191333854 671.93832974069574 737.39875129686573 31.092086817753927 -1.8021753147556863 353.60642875520358 0.058250104677373057 16.326502080116004 0.030191815952423991 18.159286472842773 363.85718984825058 372.78707042225017 26.275215358814645 16.760799483188766 0.071791377635505763 1.799373354323029 47.391198554858455
decision_type=2 2 2 2 2 2 2 2 2 2 2 2 2 2 2 2 2 2 2 2 2 2 2 2 2 2 2 2 2 2
left_child=-1 -2 -3 4 -4 -5 7 8 9 10 14 12 -9 -14 17 27 20 19 -19 -7 -17 -22 -23 -20 -25 26 -26 -16 29 -24
right_child=1 2 3 5 -6 6 -8 11 -10 -11 -12 -13 13 -15 15 16 -18 18 23 -21 21 22 28 24 25 -27 -28 -29 -30 -31
leaf_value=0.056786557612593151 0.018777017326755782 -0.04149888901133604 -0.010836614627444091 -0.032648825903030379 0.054232222218008976 0.057923593495185326 -0.042722342876334543 -0.025147552609997393 -0.042587563125671614 0.054617192841443889 -0.050130442934312326 -0.038040222280728737 0.028480110486675331 -0.029680505708858815 0.077287320161967168 0.021913707034041569 -0.053424057324566822 0.041428970371647444 -0.081628998786789808 -0.0062753868073302842 -0.071235818556565855 -0.034928504512239687 0.02000920151819479 0.046519939938139188 -0.049589504639989533 -0.086734448498023586 -0.0044925496875510892 0.016524439493292128 0.028675249785991088 -0.030810757861545801
leaf_weight=3.6392473280429831 25.170155793428421 5.9027307331562033 4.853467181324957 11.725318178534506 7.9655409306287766 6.9141699522733715 5.7298936694860449 7.4378706514835349 10.382593750953673 6.693945884704589 7.3089842349290839 5.3987987637519828 40.766531199216843 5.4029008001089087 6.9768538028001776 31.250192686915398 8.0829603970050794 5.3697190135717383 5.0811402201652518 12.474875703454016 4.6866697818040839 12.393194228410719 16.261869102716446 5.265658125281333 12.945565506815912 6.2303417623043051 18.837703973054886 8.9132814407348615 19.106374904513359 15.907874956727026
leaf_count=18 107 24 20 48 35 33 24 31 44 30 30 22 174 22 32 133 33 23 21 53 20 52 67 22 54 26 78 38 81 65
internal_value=0 -0.000560837 -0.00209984 -0.00135052 0.0295962 -0.00268379 -0.00145452 -0.000610288 -0.00352443 -0.00159954 -0.00344414 0.0103084 0.0151776 0.021674 -0.00170935 0.00449826 -0.00121292 -0.0122009 -0.0226005 0.0166181 0.00302397 -0.00561181 -0.000781261 -0.02971 -0.0236146 -0.0333296 -0.0228609 0.0432035 0.00747197 -0.00512117
internal_weight=0 341.437 316.267 310.364 12.819 297.545 285.82 280.09 221.084 210.701 204.007 59.0061 53.6073 46.1694 196.698 123.579 107.689 73.1192 53.7301 19.389 99.6062 68.356 63.6693 48.3604 43.2793 38.0136 31.7833 15.8901 51.2761 32.1697
internal_count=1460 1442 1335 1311 55 1256 1208 1184 935 891 861 249 227 196 831 521 451 310 224 86 418 285 265 201 180 158 132 70 213 132
is_linear=0
shrinkage=0.05


Tree=16
num_leaves=31
num_cat=0
split_feature=4 0 1 3 2 2 2 5 3 7 3 6 7 3 5 5 1 3 6 6 7 7 6 5 6 1 1 7 1 5
split_gain=4.43658 4.01511 4.65351 5.76693 4.49189 5.16388 5.13823 6.01137 12.9944 10.9493 6.24465 5.19981 4.72345 5.16972 4.224 9.3081 7.78505 5.28831 4.97215 6.03178 7.41771 5.6136 9.904 9.33948 6.67201 4.8741 10.7737 6.11386 5.37464 5.22593
threshold=347.60575791924651 37.188766596299068 -18.422650975832422 722.81603997991351 -9.7809333283715247 -5.9377736580518912 -1.5589314376035037 902.21830555496138 1240.012091669277 21.934042292189684 2398.075727644004 0.17174151728186801 29.873678625242977 703.7558318275386 2402.1336623815955 2449.7393968390952 20.238088360163776 3154.6012424910573 0.042171295728264169 0.093686615121030978 41.731853755245758 23.39640172839675 0.088624727129060249 378.3692104196121 0.076780883023101251 7.4570391214907383 4.7516964200223706 19.391802389198912 11.19696061162597 926.25914335342361
decision_type=2 2 2 2 2 2 2 2 2 2 2 2 2 2 2 2 2 2 2 2 2 2 2 2 2 2 2 2 2 2
left_child=-1 2 -2 -4 -3 -6 7 12 -9 -10 -11 14 -7 -14 18 -16 -17 -18 -8 21 -21 23 -23 -20 25 26 27 29 -27 -25
right_child=1 4 3 -5 5 6 11 8 9 10 -12 -13 13 -15 15 16 17 -19 19 20 -22 22 -24 24 -26 28 -28 -29 -30 -31
leaf_value=0.068762208332312919 0.060520363675520786 -0.049670851986269381 0.036214182710340152 -0.011691848889534479 0.030450267698975089 -0.042485969480027162 0.023342295255159986 0.041726991247834057 -0.058324228131850044 -0.026261177293574474 0.050234818975079365 -0.047408319132209532 0.032286355274935861 -0.038188603592699245 -0.077663584149660791 0.031997060429325978 -0.06692077443111466 0.00061596212802555571 -0.038078455285820753 0.026963623749261301 -0.036138666297030018 -0.0097340007200944489 -0.082288843736298134 0.0034092526173657781 0.03897342410017221 0.068808754360483712 -0.072628756480515921 0.035983066797228257 0.0042779471009680619 -0.047933368983480357
leaf_weight=2.3328354656696311 5.0752550959587124 4.892406925559043 10.727278098464014 15.160138502717016 12.232219129800795 23.050865024328232 30.02100270986557 12.027152612805365 10.919980093836786 5.2137362957000715 5.4637406468391418 5.4358439594507209 5.3616388738155347 5.056050032377243 5.0616971254348782 9.3120310902595538 5.1904262304306013 6.5642271935939789 11.695263147354124 33.904272347688675 5.3987165540456763 36.324845522642136 5.4030743390321723 19.62572750449181 15.649170890450476 5.0520951747894278 5.3695382177829734 10.246265277266501 8.9302366524934751 6.630661964416503
leaf_count=12 21 20 48 63 53 97 132 50 45 21 23 23 23 21 21 41 22 27 49 146 22 153 22 83 67 22 22 45 39 27
internal_value=0 -0.00042608 0.0167423 0.00815955 -0.00214067 -0.0013786 -0.00270782 -0.014857 7.46076e-05 -0.0231207 0.0128824 0.000901905 -0.0298583 -0.00191748 0.00209352 -0.0167808 -0.00215252 -0.0292058 0.00463228 0.00121211 0.0182958 -0.00416255 -0.0191287 0.0033436 0.0101187 0.00203421 -0.00650101 0.00322637 0.0275942 -0.00955657
internal_weight=0 340.996 30.9627 25.8874 310.033 305.14 292.908 67.0932 33.6246 21.5975 10.6775 225.815 33.4686 10.4177 220.379 26.1284 21.0667 11.7547 194.251 164.23 39.303 124.927 41.7279 83.199 71.5037 55.8545 41.8722 36.5027 13.9823 26.2564
internal_count=1460 1448 132 111 1316 1296 1243 280 139 89 44 963 141 44 940 111 90 49 829 697 168 529 175 354 305 238 177 155 61 110
is_linear=0
shrinkage=0.05


Tree=17
num_leaves=31
num_cat=0
split_feature=3 2 2 7 2 0 6 6 1 1 6 1 7 1 7 0 5 4 3 0 1 5 0 5 5 3 3 2 1 1
split_gain=4.16252 3.68651 5.36922 4.27166 3.71123 4.09258 3.44759 6.26182 8.73684 8.56601 5.96902 4.91709 4.89384 6.45999 9.05509 5.88 4.60379 6.94465 9.61713 6.24416 4.90418 4.54685 4.51598 5.51328 6.35884 6.54988 7.22178 4.38426 4.35153 3.9799
threshold=348.19299808653403 -11.286465102201374 -5.9377736580518912 20.371545681793261 -4.6355392193214149 31.665262127436922 0.042171295728264169 0.041390325633345278 1.5068045727348365 -6.2086286422916137 0.056328471474141384 4.7516964200223706 23.934430259193849 7.3430420880598044 15.507694258322667 70.198941991309468 378.3692104196121 718.90475247465599 792.48683463667328 49.120125225733268 -2.7443302003138679 539.0993811997115 40.659144225284159 360.62100238242039 533.67000557265953 701.18207020618945 628.75285808085266 1.9979490634199537 20.238088360163776 13.400084018090014
decision_type=2 2 2 2 2 2 2 2 2 2 2 2 2 2 2 2 2 2 2 2 2 2 2 2 2 2 2 2 2 2
left_child=-1 -2 3 -3 -4 -6 7 8 9 -7 28 -10 13 14 -12 -15 20 21 -19 -20 -16 -18 -14 -24 -25 26 -26 -21 -8 -27
right_child=1 2 4 -5 5 6 10 -9 11 -11 12 -13 22 15 16 -17 17 18 19 27 -22 -23 23 24 25 29 -28 -29 -30 -31
leaf_value=0.054435527007362053 -0.039843909369573272 -0.0055996568048755227 -0.027328957525034156 0.046975449693533788 0.046912983094070666 -0.021013493888287681 -0.012578225720886028 0.062968387464610018 -0.062740750668783027 0.03902283161097353 -0.067607020097882276 -0.00057804306571374465 0.018526830180338485 0.036472677228438222 0.011950866306220704 -0.023309412117549846 0.006726484569584342 -0.070076862396765541 0.035551572346019716 -0.050962883383728279 -0.057351944906569099 0.049369940849563844 0.035469314466686344 -0.053065775662794946 -0.014816926797164684 -0.037534574306677088 0.053297351609317048 0.012762647597342714 -0.058833651010913174 -0.0077164573616259604
leaf_weight=3.4815908521413794 5.8556983321905127 6.0776412934064892 13.109850436449049 10.604689598083494 4.548747867345809 8.5492536723613721 54.932072088122368 5.2738474756479254 5.8844816088676435 19.477785080671314 4.6038036644458762 6.9247110635042191 14.58273510634899 27.122250020504001 4.7302453070878983 4.8484348505735388 11.488789513707163 4.8913174569606808 10.315265983343126 5.3554705530405027 5.5453339815139753 13.710959896445273 5.7300342619419089 9.7439903020858747 7.9600000828504545 17.860450357198715 7.6133858561515808 5.4413791298866272 5.6032382845878592 29.965855211019516
leaf_count=18 24 25 54 47 20 36 231 23 25 87 19 30 63 121 20 20 48 20 43 22 23 62 25 41 33 74 33 23 25 125
internal_value=0 -0.000516308 0.000176304 0.0278215 -0.00128401 -0.000156022 -0.000874122 0.0116962 0.00507464 0.0207096 -0.00317379 -0.0291353 0.00115226 0.00895547 2.88392e-05 0.0274066 0.00509371 0.0112231 -0.00690401 0.00773206 -0.0254492 0.0299284 -0.00703477 -0.0117608 -0.0154608 -0.00968118 0.0184822 -0.0188466 -0.0168597 -0.0188519
internal_weight=0 338.352 332.496 16.6823 315.814 302.704 298.155 46.1101 40.8362 28.027 252.045 12.8092 191.51 98.0533 66.0826 31.9707 61.4788 51.2032 26.0034 21.1121 10.2756 25.1997 93.4565 78.8737 73.1437 63.3997 15.5734 10.7968 60.5353 47.8263
internal_count=1460 1442 1418 72 1346 1292 1272 201 178 123 1071 55 815 421 280 141 261 218 108 88 43 110 394 331 306 265 66 45 256 199
is_linear=0
shrinkage=0.05


Tree=18
num_leaves=31
num_cat=0
split_feature=4 0 1 3 5 4 0 7 6 1 7 3 4 5 2 7 1 2 7 6 2 5 5 0 6 2 5 2 1 3
split_gain=3.92259 3.39755 4.40887 5.2508 3.94045 9.98518 6.00922 9.87884 5.49103 7.43192 6.04723 5.89687 8.84539 7.16643 8.44591 7.69211 8.16658 11.9058 6.92756 7.05949 6.17331 7.15464 10.3203 5.85729 5.4861 5.04038 7.10073 6.92461 5.15915 4.97592
threshold=347.60575791924651 37.188766596299068 -18.422650975832422 722.81603997991351 2402.1336623815955 2474.7514662332155 59.561322495650423 19.577804097568563 0.042602855704374602 1.5068045727348365 24.506275503407867 1054.9758406641106 950.39376886299135 1161.448257725677 6.6349076347455433 31.092086817753927 12.354798958864821 -5.39617686863693 14.892390508903061 0.050380609012334737 -4.6355392193214149 539.0993811997115 548.82650628729971 61.388354913119777 0.086628766632628543 0.84989454014199328 358.97763775909101 0.27851508627611593 -3.8834721177773583 763.74664617650444
decision_type=2 2 2 2 2 2 2 2 2 2 2 2 2 2 2 2 2 2 2 2 2 2 2 2 2 2 2 2 2 2
left_child=-1 2 -2 -4 8 -6 7 -7 9 29 -11 12 18 23 15 16 17 -15 19 -10 -20 25 -23 -13 -19 26 -22 28 -28 -3
right_child=1 4 3 -5 5 6 -8 -9 11 10 -12 13 -14 14 -16 -17 -18 24 20 -21 21 22 -24 -25 -26 -27 27 -29 -30 -31
leaf_value=0.066616270570102998 0.058350791645476345 0.010719387825630707 0.034147384241636269 -0.01181318049319678 -0.067210768100037011 -0.014303275397288588 -0.03105633059581895 0.049655146364888582 -0.00899187985839414 -0.045648471393824948 0.02373900609841767 0.079138769498358491 -0.064183828189699949 0.07359153679222076 -0.040796971099731974 -0.044783269284960417 0.047413860321300821 -0.028758741959501139 -0.058179491137746189 -0.084901690946258268 0.04756300643835281 0.062090825845618008 0.0031900614084619246 0.0053479358829076505 0.028366909565281009 -0.040996677214109482 0.023842175229196155 0.037417228591371449 -0.034580784837053728 0.054748580036965311
leaf_weight=2.1984463334083548 5.0160072296857861 12.469718337059023 10.558782085776331 15.103409871459005 7.7217708826065055 16.420265689492229 14.402282625436781 9.5480328202247602 7.2817823737859708 6.7711105942726117 5.8554351776838303 6.1381989866495115 6.6983132511377326 4.7267315983772233 9.3670888096094114 5.4394071102142325 15.378029763698576 16.182421535253535 4.7331320345401755 5.2862328886985779 5.4439258575439444 8.3225028216838819 69.885750442743301 4.7861493080854416 5.6773175448179236 13.362386479973791 4.5548955649137488 5.4068740755319586 22.176962524652485 13.220218867063521
leaf_count=12 21 57 48 63 32 70 61 42 31 29 25 27 28 21 39 22 68 67 20 22 24 38 297 20 25 56 20 23 94 58
internal_value=0 -0.000388629 0.0154776 0.00709742 -0.00197279 -0.0151172 -0.00515317 0.00921298 0.000466376 0.0179392 -0.0134707 -0.00256511 -0.007997 0.00972391 0.00258755 0.0111604 0.0184118 0.00163652 -0.00542721 -0.0409203 -0.00209545 -4.01148e-05 0.00945796 0.0468097 -0.0139223 -0.0146211 -0.00524333 -0.0141881 -0.024626 0.0333771
internal_weight=0 337.935 30.6782 25.6622 307.257 48.0924 40.3706 25.9683 259.165 38.3165 12.6265 220.848 153.153 67.6953 56.771 47.4039 41.9645 26.5865 146.454 12.568 133.886 129.153 78.2083 10.9243 21.8597 50.945 37.5827 32.1387 26.7319 25.6899
internal_count=1460 1448 132 111 1316 205 173 112 1111 169 54 942 653 289 242 203 181 113 625 53 572 552 335 47 92 217 161 137 114 115
is_linear=0
shrinkage=0.05


Tree=19
num_leaves=31
num_cat=0
split_feature=4 2 2 1 3 5 0 5 5 4 0 3 6 2 1 6 0 3 6 1 7 6 0 3 7 4 3 3 7 7
split_gain=3.66968 3.49065 4.69774 3.71645 7.73405 7.36308 5.58677 4.54195 4.01776 4.0028 3.70327 7.53251 4.71375 5.34076 4.9314 6.58765 4.98172 6.92029 4.74 6.78933 5.84991 8.66497 5.79047 5.59774 7.13828 3.93182 8.47402 7.23763 5.31952 3.69925
threshold=347.60575791924651 -11.286465102201374 -5.9377736580518912 -1.8914954688761723 722.81603997991351 760.83614945984516 43.667473531366376 372.78707042225017 777.18500870733999 358.13285602520858 47.086274580334567 797.60078627936525 0.17174151728186801 -1.3820132901391331 3.8438495336483247 0.03547708960016787 60.340845079812347 1335.2013813348804 0.1275916470922398 18.326498217012389 34.906054382366165 0.093686615121030978 68.75536543061655 547.46399914143069 23.997670684434727 726.23224106984287 1054.9758406641106 1243.7586286818287 20.371545681793261 20.371545681793261
decision_type=2 2 2 2 2 2 2 2 2 2 2 2 2 2 2 2 2 2 2 2 2 2 2 2 2 2 2 2 2 2
left_child=-1 -2 29 4 7 -6 -5 9 -7 -4 11 -8 13 25 15 -15 -16 18 19 20 21 23 -22 -18 -25 -12 -27 -28 -29 -3
right_child=1 2 3 6 5 8 10 -9 -10 -11 12 -13 -14 14 16 -17 17 -19 -20 -21 22 -23 -24 24 -26 26 27 28 -30 -31
leaf_value=0.065559289167848853 -0.038758506279544226 -0.004538132964951317 0.031061141901717285 -0.033688912844934339 -0.062258931681017371 0.039711368705746604 -0.019621836900802408 0.03321119695795724 -0.0042093090745360792 -0.032401698648961363 0.016235956627800498 0.066717551588672541 -0.051591071422002768 0.035073468512448185 0.023714388763195888 -0.02065165709615354 0.037983366313580208 -0.026109994900721113 0.04282869464078104 0.060018974743538539 -0.0012707850072822275 0.059345886539857597 -0.076504057087074778 -0.0018842311335557497 -0.070363516873807971 -0.065678696781619847 0.045482603292884449 -0.069213178507941855 -0.0014149988856301872 0.044596553975612685
leaf_weight=2.1240816414356223 5.8186281323432913 6.0878233611583736 4.3301644474267942 15.448013707995413 5.0902204215526572 5.8703879117965689 4.686478450894354 30.717795684933662 46.075673118233681 5.8297774940729141 5.7905772477388373 5.4801470190286636 5.0758180469274512 6.1605075448751441 31.329891055822372 38.127255588769913 5.9195150136947658 19.019288167357445 8.6287210881710035 4.6771038323640814 5.4745223224163038 6.3464441299438468 4.8001644611358643 17.629933491349224 4.8531017750501624 9.9876830428838748 4.6554145812988308 4.7392242550849897 7.42751544713974 10.33198471367359
leaf_count=12 24 25 20 65 22 25 20 143 192 25 25 23 22 28 139 161 25 80 37 20 23 29 20 75 20 42 20 20 31 47
internal_value=0 -0.000367994 0.000307705 -0.0010549 0.00702701 -0.00486948 -0.00471411 0.0236261 0.000754136 -0.00535385 -0.00248512 0.0269179 -0.00405313 -0.00275282 0.00116311 -0.0129002 0.00689405 8.10304e-05 0.00862104 0.00268214 -0.00327407 0.00652618 -0.0364185 -0.00527618 -0.0166659 -0.021127 -0.0291969 -0.00753687 -0.0278239 0.0263793
internal_weight=0 336.41 330.591 314.171 97.914 57.0363 216.257 40.8777 51.9461 10.1599 200.809 10.1666 190.643 185.567 152.966 44.2878 108.679 77.3488 58.3295 49.7008 45.0237 34.749 10.2747 28.4026 22.483 32.6004 26.8098 16.8222 12.1667 16.4198
internal_count=1460 1448 1424 1352 427 239 925 188 217 45 860 43 817 795 657 189 468 329 249 212 192 149 43 120 95 138 113 71 51 72
is_linear=0
shrinkage=0.05


Tree=20
num_leaves=31
num_cat=0
split_feature=4 2 2 0 1 3 5 0 6 5 0 2 3 4 1 0 4 2 6 0 3 6 2 6 4 3 3 7 1 6
split_gain=3.43678 3.16734 4.27768 3.63564 3.3702 7.04109 6.71971 5.07176 4.39663 5.38197 4.32397 4.14921 3.7493 11.3516 5.63074 5.02719 4.72423 9.46463 3.63733 3.35986 6.85284 4.31932 4.85859 4.52454 3.58146 7.78887 6.57475 4.87776 3.27606 5.97613
threshold=347.60575791924651 -11.286465102201374 -5.9377736580518912 42.501353031121589 -1.8914954688761723 722.81603997991351 760.83614945984516 43.667473531366376 0.058712321775387662 372.11199355375476 37.610915253536071 -2.167122138613975 1151.6876698628041 1214.2424898944098 -8.1991139070353807 40.398449621342721 2365.186302714957 -1.1153608564953199 0.05850682724017315 47.086274580334567 797.60078627936525 0.17174151728186801 -1.3820132901391331 0.13571881009555989 726.23224106984287 1054.9758406641106 1243.7586286818287 20.371545681793261 3.8438495336483247 0.03547708960016787
decision_type=2 2 2 2 2 2 2 2 2 2 2 2 2 2 2 2 2 2 2 2 2 2 2 2 2 2 2 2 2 2
left_child=-1 -2 3 -3 5 8 -7 -6 -4 -10 -11 -12 14 -14 -8 -16 -15 -18 -17 20 -9 22 24 28 -21 -26 -27 -28 29 -24
right_child=1 2 4 -5 7 6 12 19 9 10 11 -13 13 16 15 18 17 -19 -20 21 -22 -23 23 -25 25 26 27 -29 -30 -31
leaf_value=0.064584280367121757 -0.037011490315124178 0.0012315429030893069 0.055990370328593275 0.048491973659908844 -0.032180675485682708 -0.059756387099414388 0.045542731015174975 -0.018685503604887813 -0.027402516963676654 0.064146529338845779 -0.027294803624670523 0.026010594198866824 -0.075303402878592648 0.038244093664995239 -0.045583243371683069 0.036169470896809545 0.029538681515696882 -0.056306515069885821 -0.019240506144301367 0.015437926678110628 0.06385711530110498 -0.049680219066755571 0.033724582779148693 0.03724962603555567 -0.06322089292506862 0.043557458396720115 -0.066480039913673364 -0.0013442836026271378 0.0040709400875478235 -0.019621318996206321
leaf_weight=2.0502133369445792 5.7893638312816611 7.996775925159457 7.9408103972673407 8.2857546508312208 15.365552484989164 5.0395125895738593 9.1785521656274813 4.6755367368459684 6.2044416815042487 5.4232045114040401 4.7049441188573864 16.290402039885521 5.677466586232188 6.9122631549835232 4.932965204119685 7.4426210075616819 6.476235449314121 6.3678325712680763 4.9193598479032516 5.785542979836463 5.4403393268585205 5.0092042386531821 6.0884282141923896 8.195860028266905 9.8603981137275714 4.6190477311611202 4.688636437058447 7.427329033613205 99.954215064644814 38.122976541519165
leaf_count=12 24 34 41 38 65 22 39 20 27 26 20 74 23 29 20 32 27 27 20 25 23 22 28 35 42 20 20 31 433 161
internal_value=0 -0.000349668 0.000295413 0.0252811 -0.00100543 0.00670595 -0.00463367 -0.00449904 0.0226254 0.014504 0.0243459 0.0140651 0.000718014 -0.0129918 0.0138894 -0.00290928 0.00491499 -0.0130217 0.0141195 -0.00237092 0.0257061 -0.00386773 -0.00262555 0.00111253 -0.0202143 -0.02797 -0.00719995 -0.0265505 -0.000941873 -0.012275
internal_weight=0 334.816 329.026 16.2825 312.744 97.5106 56.9468 215.233 40.5638 32.623 26.4186 20.9953 51.9073 25.4338 26.4735 17.2949 19.7563 12.8441 12.362 199.868 10.1159 189.752 184.742 152.361 32.381 26.5954 16.735 12.116 144.166 44.2114
internal_count=1460 1448 1424 72 1352 427 239 925 188 147 120 94 217 106 111 72 83 54 52 860 43 817 795 657 138 113 71 51 622 189
is_linear=0
shrinkage=0.05


Tree=21
num_leaves=31
num_cat=0
split_feature=4 0 1 3 2 2 2 3 0 7 5 3 1 1 1 3 4 3 4 5 2 4 4 1 7 1 6 7 7 2
split_gain=3.22173 3.01986 4.23265 4.36214 3.51092 4.49832 3.63735 5.01838 10.9305 7.16174 4.72847 4.01517 3.79413 5.18625 7.26165 4.6222 6.21506 5.68373 6.15154 5.00729 7.51993 7.00106 5.29771 4.98016 8.92553 6.28832 5.6735 4.99061 4.92766 4.33767
threshold=347.60575791924651 37.188766596299068 -18.422650975832422 722.81603997991351 -9.1370834480862211 -5.9377736580518912 -1.5589314376035037 791.18385036479481 49.338899385992399 29.873678625242977 1217.3458136793654 542.25652386067475 34.258113254866096 29.010199327274908 23.067219596891054 2979.697204013492 2384.7375733727895 1267.3947733701659 2365.186302714957 1179.5621494761042 1.9979490634199537 1144.4333090181228 929.69246522310084 -2.3513234015699989 27.019011802385126 3.2826346704351583 0.03547708960016787 43.930990676881713 16.96805842792558 2.5686727760753656
decision_type=2 2 2 2 2 2 2 2 2 2 2 2 2 2 2 2 2 2 2 2 2 2 2 2 2 2 2 2 2 2
left_child=-1 2 -2 -4 -3 -6 7 9 10 11 -9 -7 13 14 15 16 17 19 -19 21 -21 22 23 24 -8 26 -25 -27 -24 -28
right_child=1 4 3 -5 5 6 12 8 -10 -11 -12 -13 -14 -15 -16 -17 -18 18 -20 20 -22 -23 28 25 -26 27 29 -29 -30 -31
leaf_value=0.06368309961602503 0.056998682893637125 -0.039130829949968374 0.031595316294646597 -0.010706214836091996 0.031425208402270643 -0.019654124523288945 0.040571707569964477 0.048615049723160886 -0.025375221920583363 0.0071895698580075555 -0.0036578182715632547 -0.06867842313905885 -0.028247006964442004 0.054080327112418919 -0.055183544320930304 0.047644357805206011 -0.035336811357976304 0.050158943733401663 -0.010499331272802465 -0.064737872361454049 0.0072265713753378816 0.051191304484143045 0.020065701431920945 0.03791620608085227 -0.016009457385936149 0.01427585549463159 -0.032353953616732462 -0.037005844600513337 -0.041132389181203287 0.011517261778531136
leaf_weight=1.9771171510219563 4.9537891000509289 6.181567817926406 10.254344031214716 15.022555291652678 10.288088619709013 7.1291942447423997 20.906522795557965 10.686848789453508 21.532631635665894 8.7454961687326414 7.2686941474676123 10.084547549486159 10.670441418886183 4.7297214120626441 5.5707581639289847 5.5595716685056678 10.865694373846052 12.394964247941973 6.3061859011650077 6.9963156729936582 7.5447373390197754 7.2707142382860175 4.4449557960033443 4.2348780333995952 10.455770269036291 50.623046293854713 27.576848074793816 5.2348667532205573 12.651707291603087 7.080991953611373
leaf_count=12 21 26 48 63 47 31 98 45 92 38 30 44 45 20 24 26 46 56 27 30 32 32 20 20 47 217 118 22 53 30
internal_value=0 -0.000332072 0.0147371 0.00645469 -0.00183537 -0.00105874 -0.00222496 -0.0125792 -0.00135335 -0.0296554 0.0274541 -0.0483747 0.000839711 0.00231451 0.00112435 0.00269158 0.00140723 0.00358035 0.0297045 0.000619813 -0.0273986 0.00332726 0.00089721 0.00443803 0.0217083 -0.0012784 -0.0167151 0.00946986 -0.0252215 -0.0233906
internal_weight=0 333.266 30.2307 25.2769 303.036 296.854 286.566 65.4474 39.4882 25.9592 17.9555 17.2137 221.119 210.448 205.719 200.148 194.588 183.723 18.7012 165.021 14.5411 150.48 143.21 126.113 31.3623 94.7506 38.8927 55.8579 17.0967 34.6578
internal_count=1460 1448 132 111 1316 1290 1243 280 167 113 75 75 963 918 898 874 848 802 83 719 62 657 625 552 145 407 168 239 73 148
is_linear=0
shrinkage=0.05


Tree=22
num_leaves=31
num_cat=0
split_feature=4 2 2 7 6 2 0 6 6 1 1 6 1 2 7 1 7 0 6 6 1 7 2 1 7 5 4 1 0 1
split_gain=3.02276 2.84278 3.70315 3.38675 3.34818 3.02241 3.50261 2.86357 5.65107 6.55438 6.66304 4.66377 4.45227 4.0473 3.96354 4.78603 7.23624 5.21249 3.98938 8.24333 6.59845 5.41113 4.85629 4.52461 3.77959 4.06112 3.83158 4.78628 7.63862 4.91096
threshold=347.60575791924651 -11.286465102201374 -5.9377736580518912 20.371545681793261 0.084144460023906756 -4.6355392193214149 31.665262127436922 0.042171295728264169 0.041390325633345278 1.5068045727348365 -4.7130377488343802 0.056328471474141384 4.7516964200223706 3.410494302891657 23.934430259193849 7.3430420880598044 15.507694258322667 70.198941991309468 0.094753948529806717 0.077577596428575424 17.098143980619174 42.424887911222605 7.0132303399339539 -0.25319648833470859 29.322998241661516 378.3692104196121 1169.4404284658121 -2.0751232761856779 55.99336139575172 0.75943547806755884
decision_type=2 2 2 2 2 2 2 2 2 2 2 2 2 2 2 2 2 2 2 2 2 2 2 2 2 2 2 2 2 2
left_child=-1 -2 3 -3 -5 -4 -7 8 9 10 -8 13 -11 24 15 16 -13 -17 19 23 -21 22 -20 -16 25 -9 27 -27 29 -29
right_child=1 2 5 4 -6 6 7 11 -10 12 -12 14 -14 -15 18 17 -18 -19 21 20 -22 -23 -24 -25 -26 26 -28 28 -30 -31
leaf_value=0.062848653098831517 -0.035243308852179661 -0.005844894812756565 -0.024659697891867331 0.072824403437966881 0.014844645792507175 0.044352813848657295 -0.014640581381925897 -0.048016400207734469 0.060541624559054354 -0.056971952247170825 0.03714866026581929 -0.061058331992060788 0.0025369226993320827 -0.056839635900623367 0.026962676946524818 0.033202919923896838 0.005090632758713738 -0.023405312652055605 0.017689694648210175 -0.053760100617115308 0.010454689259628405 -0.046627726550141718 -0.024444064518060037 -0.018705266736639244 0.031840707601593084 0.039085442667363683 -0.031942552600845969 -0.056796921060539379 0.030036632846232071 0.00060124406851322506
leaf_weight=1.9050258994102467 5.7247973233461371 6.0491155534982708 12.846079900860785 4.6132844686508161 5.409965842962265 4.4074974656105033 9.6743642389774305 7.7917057722806922 5.1155680567026129 5.8524736016988737 17.346310392022136 4.4350924342870703 6.7893456518650055 5.2319658547639838 11.160841554403307 26.262519538402561 60.968870922923088 4.8115845322608939 34.563631519675255 16.921593353152279 5.2390547990798941 4.7972870618104926 8.5258129984140378 10.551189944148062 4.7442528605461112 6.478291228413581 12.465712234377859 8.1529451757669502 7.9554832130670539 6.8640047758817664
leaf_count=12 24 25 54 22 25 20 42 34 23 25 81 19 30 23 49 121 265 20 150 71 22 20 36 46 20 30 53 35 34 29
internal_value=0 -0.000314681 0.000298642 0.0236998 0.0415303 -0.000914806 0.000111856 -0.000554328 0.0110826 0.00470346 0.0186063 -0.00265611 -0.0250124 -0.0148349 0.00120541 0.00828112 0.000605021 0.0244376 -0.00623416 -0.0171262 -0.0385789 0.00374484 0.00935298 0.00476986 -0.0107989 -0.0148686 -0.00870683 0.00112824 -0.0095758 -0.0305611
internal_weight=0 331.751 326.026 16.0724 10.0233 309.953 297.107 292.7 44.7781 39.6625 27.0207 247.922 12.6418 59.6844 188.237 96.4781 65.404 31.0741 91.7594 43.8727 22.1606 47.8867 43.0894 21.712 54.4524 49.7081 41.9164 29.4507 22.9724 15.0169
internal_count=1460 1448 1424 72 47 1352 1298 1278 201 178 123 1077 55 258 819 425 284 141 394 188 93 206 186 95 235 215 181 128 98 64
is_linear=0
shrinkage=0.05


Tree=23
num_leaves=31
num_cat=0
split_feature=0 6 4 2 2 3 3 4 7 5 1 1 5 1 0 2 3 7 3 7 2 7 3 3 0 4 3 1 0 7
split_gain=2.86102 6.65436 6.32475 9.22328 5.2101 5.02643 6.51358 6.03773 5.30223 4.8934 4.61772 6.34334 5.31292 6.97533 4.10363 3.66157 5.69935 6.46963 8.9418 7.31662 6.88756 6.00668 5.60981 9.69451 4.59681 3.56246 7.4245 4.10903 3.82292 4.12653
threshold=60.340845079812347 0.14848995902777426 764.4538643142854 1.0953989365317114 1.8399526987322112 1169.4206142249197 1226.1473601279704 950.39376886299135 21.066317734206748 708.43686657928799 8.4670158276759384 17.098143980619174 360.62100238242039 5.0102966199622765 68.817002243583602 -2.3256171381452653 791.18385036479481 20.535350177208361 1226.1473601279704 28.357955897318085 -3.4179662723528543 30.502918179544675 2543.2141258250058 3099.1136236859279 37.188766596299068 369.62051639925636 354.69824290771629 -1.8914954688761723 38.72445644054725 23.934430259193849
decision_type=2 2 2 2 2 2 2 2 2 2 2 2 2 2 2 2 2 2 2 2 2 2 2 2 2 2 2 2 2 2
left_child=1 15 9 -4 -5 7 -7 -6 -8 10 12 -12 -2 -14 -10 16 21 18 -18 20 -19 24 -20 -24 -1 26 27 -17 -27 -30
right_child=2 -3 3 4 5 6 8 -9 14 -11 11 -13 13 -15 -16 25 17 19 22 -21 -22 -23 23 -25 -26 28 -28 -29 29 -31
leaf_value=-0.0063860370546792253 0.061170361003675337 0.056308848585485793 -0.069497470692627752 0.039378636820042702 -0.012254122084564986 0.044525529076016347 0.027660733708254687 -0.08433964791855636 -0.0071791872940159644 0.044085772240765285 -0.046641350941499418 0.020524349701939452 -0.042812900477191315 0.027177567700043839 -0.056931432230820582 0.042592951348802303 0.03848487610796749 0.047801389714883097 -0.066160942218994392 -0.03101171466586396 -0.011730045141135704 0.021828410269617078 0.041028682537659254 -0.058070794002047288 -0.057135323155219159 0.03720310512683047 -0.062275802180012267 -0.019713542006657602 0.011497175840151412 -0.0091680231710413208
leaf_weight=6.8384532034397187 4.7460850328207043 5.7047624588012686 7.7206235975027075 4.7224693149328223 6.7164494544267637 5.4427500963211086 5.1622114926576641 5.118534654378891 8.9048437923192996 7.3445798754692069 9.4645650386810285 5.5924295783042899 5.7496921420097342 9.3465332537889463 7.7531721144914618 4.8429762423038492 5.4274733960628536 16.533358782529838 7.9248806387186077 6.140646666288375 6.880604773759841 5.0088103264570227 4.8225310295820218 5.0544133633375168 12.840370148420332 10.834727793931959 5.6628851294517508 5.8334761410951623 95.503122508525848 32.336605548858643
leaf_count=30 21 25 33 21 28 24 23 22 38 33 40 24 24 40 33 25 24 72 33 26 30 23 20 22 57 49 25 27 428 140
internal_value=0 0.00295811 -0.00735181 -0.019107 -0.0102288 -0.0162207 -0.00440879 -0.0434305 -0.0166148 0.00699053 -0.000816186 -0.0216948 0.0150272 0.000520332 -0.0303355 0.00164898 -0.00722708 0.00204763 -0.0176972 0.0175667 0.030307 -0.0270571 -0.0348262 -0.00968434 -0.0394998 0.00608498 -0.0159971 0.00854949 0.00868681 0.00626999
internal_weight=0 238.19 93.7849 51.5411 43.8204 39.098 27.263 11.835 21.8202 42.2439 34.8993 15.057 19.8423 15.0962 16.658 232.485 77.4715 52.7839 23.2293 29.5546 23.414 24.6876 17.8018 9.87694 19.6788 155.014 16.3393 10.6765 138.674 127.84
internal_count=1460 1056 404 222 189 168 118 50 94 182 149 64 85 64 71 1031 337 227 99 128 102 110 75 42 87 694 77 52 617 568
is_linear=0
shrinkage=0.05


Tree=24
num_leaves=31
num_cat=0
split_feature=4 0 2 7 3 3 5 0 5 0 1 4 1 0 7 0 2 1 7 6 1 6 3 3 5 3 2 2 5 3
split_gain=2.82354 2.61643 3.19476 2.78367 2.81814 4.11918 2.38541 6.98998 4.92219 5.91044 8.00965 4.92916 4.79821 4.18552 3.96096 3.99034 3.70661 5.15972 4.3748 3.66699 5.2436 3.52006 3.95385 5.0548 3.13354 11.6539 6.83905 9.57789 8.48254 5.77717
threshold=347.60575791924651 36.395919409487696 -11.286465102201374 28.539582931265201 906.58137629080386 560.6123266956605 3070.2111125447104 59.987726224752372 2402.1336623815955 61.188336130286736 -6.2086286422916137 2398.364508553515 -7.6135387347405858 43.424142925584512 20.371545681793261 51.287688610574101 -2.3256171381452653 6.8690204093664429 27.159055179091634 0.063919514431183724 1.3561349848815214 0.031373095177599973 359.31934057341078 373.29410022116843 389.74652050917717 543.02749172241977 0.71603169693086655 0.26612000261611085 372.11199355375476 382.87081184066193
decision_type=2 2 2 2 2 2 2 2 2 2 2 2 2 2 2 2 2 2 2 2 2 2 2 2 2 2 2 2 2 2
left_child=-1 3 -3 4 5 -2 8 -8 11 10 -10 12 13 -4 15 -12 17 19 -19 20 -14 -18 -23 -24 26 -26 27 28 -25 -30
right_child=1 2 6 -5 -6 -7 7 -9 9 -11 14 -13 16 -15 -16 -17 21 18 -20 -21 -22 22 23 24 25 -27 -28 -29 29 -31
leaf_value=0.062110087980148068 0.020036381479667083 -0.045096367831006998 0.041536204057186291 0.038551468477842854 0.028207158764653385 -0.046494966877186995 0.053636948159162603 -0.014941510125234137 -0.054923310364442181 -0.073669593037596834 0.020613628639058149 0.050133379056354059 0.016466286885953488 -0.004748658111890275 0.037623544556952639 -0.038961834403423878 0.046010226538454692 0.045785648955571509 -0.016008037737860654 -0.048279097008510845 -0.052241547708825491 -0.029396119366544807 0.034416406838653692 0.041675147997989777 0.064061628469632509 -0.0014095641034585233 -0.048215711446209543 0.066146205690158263 0.0028599860790147367 -0.067252779728134884
leaf_weight=1.8223015666007985 4.4726486057043093 4.1567714661359778 11.972590163350107 8.5007942467927915 6.5595777481794348 4.8483977168798447 7.2652349621057493 7.6053355932235718 7.5479160547256532 4.5461875945329657 5.2385768443346041 4.8617421239614478 7.2442939281463641 8.2501905560493451 6.5043298304080954 6.0646098703145981 4.0718302577733985 4.9453362971544248 6.8063486665487289 13.194258689880369 4.5029459893703461 11.495416790246962 10.556795179843901 4.5701726973056891 7.1759831160306922 128.66187216341496 10.583071663975714 4.4557888954877845 5.0089405626058561 7.1064463406801224
leaf_count=12 21 18 53 39 28 20 34 32 32 20 22 21 32 35 29 27 20 23 30 58 20 51 47 20 35 562 46 20 23 30
internal_value=0 -0.00030034 -0.00156271 0.0154599 0.00309916 -0.0145703 -0.000959989 0.0185635 -0.00197737 -0.0211714 -0.0117585 0.000269257 -0.000698119 0.0226536 0.00653733 -0.011351 -0.00274794 -0.0173191 0.00999594 -0.0301891 -0.00987077 1.2511e-05 -0.000975256 0.000858965 -0.00125523 0.00204912 -0.0154038 0.00102138 -0.0163699 -0.0382656
internal_weight=0 328.774 304.393 24.3814 15.8806 9.32105 300.236 14.8706 285.366 29.9016 25.3554 255.464 250.602 20.2228 17.8075 11.3032 230.38 36.6932 11.7517 24.9415 11.7472 193.686 189.614 178.119 167.562 135.838 31.7244 21.1413 16.6856 12.1154
internal_count=1460 1448 1340 108 69 41 1322 66 1256 130 110 1126 1105 88 78 49 1017 163 53 110 52 854 834 783 736 597 139 93 73 53
is_linear=0
shrinkage=0.05


Tree=25
num_leaves=31
num_cat=0
split_feature=0 3 6 6 1 1 3 6 2 6 6 3 1 3 7 1 1 4 0 7 0 1 6 3 3 7 1 3 3 2
split_gain=3.09369 2.69809 2.25679 4.31877 5.46506 5.79646 4.47828 3.84088 3.78348 3.52543 6.67142 5.12595 4.60028 4.76075 4.10326 7.43482 7.37061 5.86586 5.67109 3.94339 3.57026 3.5138 3.41455 3.97225 4.29206 3.14554 3.34568 6.29842 5.0256 3.51005
threshold=29.857844613549407 348.19299808653403 0.042171295728264169 0.041390325633345278 1.7722931702511462 -4.7130377488343802 716.68909630148676 0.056328471474141384 3.410494302891657 0.063919514431183724 0.067546053504307355 945.58530369015739 -4.0981762708749718 930.38221038449763 28.004560942335683 12.354798958864821 36.186495570535733 771.22663396255336 37.610915253536071 17.457468789682085 68.817002243583602 4.7516964200223706 0.13203205227395148 693.95435182930805 542.25652386067475 29.322998241661516 -1.832666861123698 920.8455879607144 536.98802659969454 0.47699515127629671
decision_type=2 2 2 2 2 2 2 2 2 2 2 2 2 2 2 2 2 2 2 2 2 2 2 2 2 2 2 2 2 2
left_child=-1 -2 3 4 5 -3 -7 8 25 12 11 -11 -9 19 15 -12 20 18 -16 -14 -17 -6 23 24 -20 26 27 -4 -28 -30
right_child=1 2 7 -5 21 6 -8 9 -10 10 14 -13 13 -15 17 16 -18 -19 22 -21 -22 -23 -24 -25 -26 -27 28 -29 29 -31
leaf_value=0.055274809383690254 0.047567616029037516 -0.01415863863424276 0.044424714049800675 0.052339041096772891 -0.052354361430494517 0.0080513018201256257 0.058719622575500147 0.048559419176826935 -0.05417230217390915 -0.0073478575821411905 -0.00058600884202629976 -0.06837283872452099 -0.052527769752518105 0.025848896580824038 0.052541905826669927 0.06280407177996411 -0.014807310716594463 -0.034787874892510284 -0.018182519759613339 0.0062803458954302713 0.015356764416452437 -0.00080058070602692915 0.016264641264930935 -0.04032649998318704 0.038596873001458108 0.029909724269226015 -0.047789691901901861 -0.023897449297395734 -0.018931279595917783 0.018735377651709378
leaf_weight=2.5159954875707617 2.9076419323682776 9.6279912143945676 6.5185590982437116 5.204492360353469 5.5702477097511283 8.4618606567382866 8.9983021169900876 8.0971464961767179 5.1294976919889441 7.5187183469533903 80.221242934465408 6.3450990468263626 4.8439843505620974 13.156681671738623 4.6128816157579413 12.147602900862699 6.4933066368103018 16.71099841594696 10.557962089776995 6.9269818067550659 5.8857561200857154 8.1281539350748044 11.636185705661772 10.350979655981062 4.8605771064758292 4.6831440925598136 11.499580979347227 6.9909637421369553 24.303061634302139 8.2963629812002164
leaf_count=12 18 42 31 24 24 40 43 36 23 33 352 27 21 59 22 58 27 72 46 32 25 37 50 45 21 20 51 29 105 35
internal_value=0 -0.000382116 -0.000812722 0.00944642 0.00397319 0.0169885 0.0341638 -0.00251125 -0.0128965 0.000817184 -0.00197602 -0.0352774 0.0158166 0.00518083 0.000848118 0.00677958 0.0308708 -0.00973101 0.000234228 -0.0179204 0.0473181 -0.0217641 -0.00621637 -0.0163676 -0.000283248 -0.00949763 -0.0127012 0.00906908 -0.0193704 -0.00934534
internal_weight=0 326.686 323.778 45.991 40.7866 27.0882 17.4602 277.787 67.4212 210.366 177.341 13.8638 33.0248 24.9276 163.477 104.748 24.5267 58.7296 42.0186 11.771 18.0334 13.6984 37.4057 25.7695 15.4185 62.2917 57.6085 13.5095 44.099 32.5994
internal_count=1460 1448 1430 210 186 125 83 1220 294 926 778 60 148 112 718 462 110 256 184 53 83 61 162 112 67 271 251 60 191 140
is_linear=0
shrinkage=0.05


Tree=26
num_leaves=31
num_cat=0
split_feature=4 0 2 1 3 7 2 0 2 3 0 7 3 5 6 6 3 3 5 1 6 7 6 7 7 7 7 2 1 6
split_gain=2.53004 2.28975 4.47462 4.12887 3.9598 8.78094 2.54752 4.52517 2.84907 4.05679 9.61926 5.92884 3.88293 3.82605 3.28278 2.84269 2.88154 3.40025 2.54675 7.59367 2.82525 5.41932 5.28538 8.2722 4.49272 5.79115 3.79895 4.46373 2.76596 4.0916
threshold=347.60575791924651 37.188766596299068 -11.286465102201374 -18.422650975832422 1160.3477023325092 28.539582931265201 -5.9377736580518912 42.501353031121589 -1.5589314376035037 791.18385036479481 49.338899385992399 29.873678625242977 542.25652386067475 1217.3458136793654 0.17174151728186801 0.068469317852979328 2522.7188668061876 1054.9758406641106 3151.3279257213885 36.836749499248306 0.093686615121030978 41.731853755245758 0.088624727129060249 23.764663510835668 20.915882962731491 28.096285704111384 37.943933546143967 2.1997354828813651 13.603418890748062 0.055694979645508763
decision_type=2 2 2 2 2 2 2 2 2 2 2 2 2 2 2 2 2 2 2 2 2 2 2 2 2 2 2 2 2 2
left_child=-1 3 -3 -2 5 -5 7 -4 9 11 13 12 -8 -11 18 16 17 -12 19 20 22 24 28 -24 -22 -26 27 -27 -10 -30
right_child=1 2 6 4 -6 -7 8 -9 14 10 15 -13 -14 -15 -16 -17 -18 -19 -20 -21 21 -23 23 -25 25 26 -28 -29 29 -31
leaf_value=0.060869042960474566 0.055116245173220571 -0.060970064972811294 -0.016723070045838583 -0.0095906448275891298 -0.035330384563068994 0.060475727159678118 -0.015999547088184598 0.044452561461679134 -0.0005198342798720711 0.045487303808754369 -0.054773252065676341 0.0067937170331600922 -0.064955722810233082 -0.0019313887808727608 -0.039093768503873985 0.0054468409623017883 -0.06885325025934394 0.002542722247369547 0.036935109777545681 -0.061651791510066972 -0.02284295900623683 -0.032415888117268775 0.0057692044907459933 -0.081287945091183852 0.058181142072082928 -0.03111702520618928 0.045785751011159719 0.031581373635615966 -0.017059498136537593 0.036057971534699161
leaf_weight=1.7007697820663441 4.8620540499687221 3.1396078467369071 4.9170577675104123 12.884293764829641 4.9398629069328299 6.8483659327030173 7.0073440521955552 7.8468920290470123 135.07010282576084 10.460639506578447 4.4116385430097598 8.6296056360006315 9.5979008823633176 7.1694999635219565 5.040445312857627 5.9586348533630362 4.5024421960115424 6.2584950625896454 5.0167649388313285 4.7434463053941718 4.7431149184703818 5.2781916856765738 5.9758131206035596 5.0216807276010513 10.945907488465311 6.7076683789491671 5.5207965970039359 4.9215868562459946 5.116667032241824 12.439276233315466
leaf_count=12 21 14 21 57 21 33 31 38 601 45 20 38 44 30 23 25 20 27 23 20 21 22 27 21 51 29 24 22 23 56
internal_value=0 -0.000273106 -0.00159582 0.0130031 0.00470418 0.0147264 -0.000960261 0.0208859 -0.00195422 -0.0112229 -0.00106547 -0.026825 -0.0442964 0.0262039 0.000785035 -0.0238168 -0.0353094 -0.021155 0.00173542 0.000880202 0.00235049 0.0146097 -0.000505387 -0.0339829 0.0221681 0.0297668 0.0116315 -0.0045826 0.00190684 0.0205769
internal_weight=0 325.976 296.441 29.5346 24.6725 19.7327 293.302 12.7639 280.538 63.9962 38.7614 25.2349 16.6052 17.6301 216.541 21.1312 15.1726 10.6701 211.501 206.484 201.741 38.1173 163.624 10.9975 32.8391 28.096 17.1501 11.6293 152.626 17.5559
internal_count=1460 1448 1316 132 111 90 1302 59 1243 280 167 113 75 75 963 92 67 47 940 917 897 169 728 48 147 126 75 51 680 79
is_linear=0
shrinkage=0.05


Tree=27
num_leaves=31
num_cat=0
split_feature=0 6 4 2 6 2 5 1 1 5 1 0 7 3 5 6 6 5 1 7 5 3 3 3 1 3 4 3 1 2
split_gain=2.51778 5.92096 5.53312 8.03782 4.47624 4.43347 4.42799 4.36598 5.5934 4.92332 6.01405 4.14224 3.41913 3.39368 5.12983 3.31502 5.38724 3.7881 3.29084 3.51411 2.97811 6.02217 6.09832 11.8843 4.82524 4.28681 4.86107 7.08351 7.39466 5.43821
threshold=60.340845079812347 0.14848995902777426 764.4538643142854 1.0953989365317114 0.050623046484043616 1.9367463013043973 708.43686657928799 8.4670158276759384 17.098143980619174 360.62100238242039 5.0102966199622765 72.518359792118289 32.329847617688166 1169.4206142249197 2388.8200970488665 0.039752273904794029 0.030191815952423991 2379.0745068297533 0.75943547806755884 16.423841517878174 378.3692104196121 381.44316624487902 406.9614638560609 542.25652386067475 -2.8154500870950865 554.34783007450108 719.68806785205118 791.18385036479481 -9.961621299394265 -1.0513962520881759
decision_type=2 2 2 2 2 2 2 2 2 2 2 2 2 2 2 2 2 2 2 2 2 2 2 2 2 2 2 2 2 2
left_child=1 15 6 -4 -5 -6 7 9 -9 -2 -11 13 -12 -7 -15 16 -1 18 19 -18 24 -22 -23 -24 -17 -25 -27 28 -28 -30
right_child=2 -3 3 4 5 11 -8 8 -10 10 12 -13 -14 14 -16 20 17 -19 -20 -21 21 22 23 25 -26 26 27 -29 29 -31
leaf_value=-0.024596491053819877 0.059516849716706892 0.05374679394283445 -0.06548944064387513 -0.053157533600884432 0.041965166419055039 -0.031719550608031617 0.042202238292409461 -0.044737141438643394 0.018673660910209385 -0.039769329917214102 0.057307514717572561 -0.043171069092914613 -0.0036901162146555882 0.034279624705505225 -0.017531290767913568 0.013064840638627381 0.057093962675610004 0.056857143625656408 -0.019418289822256327 0.0030339885188982126 0.048495733826334333 -0.034415411348691326 0.071449523300574538 -0.038351042462978074 -0.033305768067209328 0.028760370837241363 0.029124996593978825 0.0042192738388952527 -0.059359158615712393 -0.0062714989526689692
leaf_weight=6.2741628438234356 4.6549016684293774 5.5674028545618048 7.5944045335054389 5.2053208798170081 4.6595636904239646 6.5549224317073849 7.1990634500980368 9.4015640020370466 5.519285410642623 5.6963952779769889 4.4193811565637571 7.3717220127582541 4.7845697700977325 10.175321221351625 9.005964130163191 8.6300716549158114 5.6901927292347008 7.5287000685930243 5.0864624679088584 6.3728278875350952 6.5564815402030936 12.181947231292723 5.9781236350536338 7.1051459908485404 16.032121583819389 14.608674451708792 4.9983766674995449 101.10471121966839 12.432960584759716 7.8824138343334171
leaf_count=30 21 25 33 23 21 28 33 40 24 24 20 32 20 46 39 40 27 34 22 31 31 55 30 31 75 70 25 442 54 34
internal_value=0 0.00280061 -0.00695305 -0.0180702 -0.00969001 -0.00369908 0.00653613 -0.000911427 -0.0212812 0.0146309 0.000608463 -0.0101258 0.0255986 -0.000660516 0.00995345 0.0015591 0.0167735 0.0272913 0.0143118 0.0285344 -0.00082517 0.00149397 -0.000359186 0.00233285 -0.0170792 -0.000456466 0.00145272 -0.0017029 -0.0253565 -0.038761
internal_weight=0 234.031 92.2424 50.5672 42.9728 37.7675 41.6752 34.4761 14.9208 19.5552 14.9003 33.1079 9.20395 25.7362 19.1813 228.463 30.9523 24.6782 17.1495 12.063 197.511 172.849 166.292 154.11 24.6622 148.132 141.027 126.418 25.3138 20.3154
internal_count=1460 1056 404 222 189 166 182 149 64 85 64 145 40 113 85 1031 144 114 80 58 887 772 741 686 115 656 625 555 113 88
is_linear=0
shrinkage=0.05


Tree=28
num_leaves=31
num_cat=0
split_feature=4 0 2 2 7 6 2 5 7 3 5 3 6 2 0 1 5 1 1 1 3 4 3 5 4 2 4 6 3 3
split_gain=2.44669 2.13973 1.9783 2.90842 3.02691 3.19065 2.67552 4.03484 8.68081 5.33439 5.08931 4.51885 5.05911 4.46034 3.09005 4.01639 2.75798 7.42896 3.15916 4.75284 2.57532 5.18377 5.20194 6.62184 5.02911 3.67475 3.64962 2.96984 2.99161 3.94078
threshold=347.60575791924651 30.811459845054937 -11.286465102201374 -5.9377736580518912 20.371545681793261 0.084144460023906756 -2.5005302070541728 2379.0745068297533 20.915882962731491 1240.012091669277 937.59743840387375 703.7558318275386 0.059785207595828983 -2.9851854969698444 38.72445644054725 -8.3919626986680083 3151.3279257213885 36.186495570535733 29.010199327274908 23.067219596891054 2979.697204013492 2384.7375733727895 1267.3947733701659 1196.1680928181593 2365.186302714957 1.891736344573052 1174.4455484421376 0.032199590635791031 356.0107925959386 373.29410022116843
decision_type=2 2 2 2 2 2 2 2 2 2 2 2 2 2 2 2 2 2 2 2 2 2 2 2 2 2 2 2 2 2
left_child=-1 -2 -3 4 -4 -6 7 9 -9 10 11 13 -13 -5 15 -8 17 18 19 20 21 22 23 26 -24 -23 27 -16 -29 -30
right_child=1 2 3 6 5 -7 14 8 -10 -11 -12 12 -14 -15 16 -17 -18 -19 -20 -21 -22 25 24 -25 -26 -27 -28 28 29 -31
leaf_value=0.060540567082357583 0.037313624096891991 -0.030390738921552536 -0.0066341379604116972 0.040396454888055072 0.070399706799406117 0.011652481358371249 0.053820502074180425 -0.030820015044298515 0.054814720593102287 -0.062743119564895519 0.022872948944084998 -0.0025098307266513916 -0.062213612757833485 -0.028273789733484073 0.03371730583509603 0.00043155433558183598 0.036278104048927916 -0.055354644181544614 0.037297719965794354 -0.044774774739241165 0.039061764402107353 -0.0018061034148086014 0.046306455127126556 -0.055905179244443021 -0.0091935017084616693 -0.059778232220443428 0.0449160614447063 -0.031143464966794557 0.026851072382131542 -0.0026248466464845314
leaf_weight=1.6627196669578541 3.7435782998800269 5.5166028887033454 5.9867761731147757 4.4829112440347672 4.3181566745042783 4.9729439318180084 6.1745105236768714 5.6839214861392957 6.1738234609365463 6.0384869575500479 8.0679750889539701 5.6754941493272772 9.4665222167968732 5.0044403672218341 6.0966613739728919 8.2021720856428129 4.9826075285673133 6.1897729039192191 5.5883019119501105 5.9691829085350028 4.2357510179281226 4.9759454727172834 11.814343079924585 5.3345549702644339 6.236339107155799 6.0659184902906418 4.5354215055704108 8.2600580602884275 12.331895276904104 140.88349618017673
leaf_count=12 18 24 25 21 22 24 29 25 26 25 34 26 44 23 31 38 23 27 25 27 20 21 56 23 27 27 21 36 56 624
internal_value=0 -0.000267958 -0.000708625 -0.000186728 0.0210911 0.038956 -0.00127588 -0.0117542 0.0137663 -0.0195666 -0.0115928 -0.0228829 -0.0398356 0.0041739 0.000862834 0.0233611 -0.00052239 -0.00132479 0.000179441 -0.000777597 0.000468437 -0.00032306 0.00155951 -0.00104188 0.0271317 -0.0336535 0.000658638 -0.000539211 -0.0018326 -0.000252409
internal_weight=0 323.009 319.265 313.748 15.2779 9.2911 298.471 50.5936 11.8577 38.7358 32.6973 24.6294 15.142 9.48735 247.877 14.3767 233.5 228.518 222.328 216.74 210.77 206.535 195.493 177.442 18.0507 11.0419 172.108 167.572 161.475 153.215
internal_count=1460 1448 1430 1406 71 46 1335 224 51 173 148 114 70 44 1111 67 1044 1021 994 969 942 922 874 791 83 48 768 747 716 680
is_linear=0
shrinkage=0.05


Tree=29
num_leaves=31
num_cat=0
split_feature=0 4 0 6 4 2 5 6 2 1 1 5 1 4 3 2 3 7 7 7 3 2 3 3 0 3 1 7 3 5
split_gain=2.51438 2.33219 1.85832 5.60925 5.06175 7.22826 4.08288 3.92904 3.98182 3.92729 5.06786 4.44826 5.44502 3.89051 5.42974 4.13056 4.57792 5.40935 5.34584 6.71168 6.41161 5.5901 4.69234 8.37726 3.6088 3.45709 3.23213 3.16538 2.96027 4.40494
threshold=29.857844613549407 347.60575791924651 60.340845079812347 0.14848995902777426 764.4538643142854 1.0953989365317114 708.43686657928799 0.050623046484043616 1.9367463013043973 8.4670158276759384 17.098143980619174 360.62100238242039 5.0102966199622765 369.62051639925636 354.69824290771629 -2.3256171381452653 791.18385036479481 29.943439643551063 20.535350177208361 28.357955897318085 1226.1473601279704 -3.4179662723528543 2543.2141258250058 3099.1136236859279 72.518359792118289 547.46399914143069 -1.7505016191437333 32.329847617688166 1169.4206142249197 2388.8200970488665
decision_type=2 2 2 2 2 2 2 2 2 2 2 2 2 2 2 2 2 2 2 2 2 2 2 2 2 2 2 2 2 2
left_child=-1 -2 3 13 6 -6 9 -7 -9 11 -11 -4 -13 14 26 16 17 25 20 21 -18 -20 -22 -24 28 -15 -3 -14 -10 -30
right_child=1 2 4 -5 5 7 -8 8 24 10 -12 12 27 15 -16 -17 18 -19 19 -21 22 -23 23 -25 -26 -27 -28 -29 29 -31
leaf_value=0.051303515356733068 0.059929722127260832 0.030910982658984162 0.057216115716793942 0.051605930251600984 -0.062619026541427189 -0.050558286603465431 0.0407580733697578 0.039863117034619075 -0.029975384322157357 -0.042492103368606864 0.017918121838732457 -0.037730206659220292 0.055467882410866635 -0.01024720381013268 -0.064787892709187805 0.0074345051459859084 0.032555109802437102 0.016531302469283624 0.043491957981886216 -0.034598808966424179 -0.060722773677014508 -0.010968191530514544 0.038737741784584806 -0.054682734737014044 -0.040803528629747801 -0.056734368723472234 -0.030209972138704466 -0.0034733236044201046 0.031866236674523173 -0.016495217287571209
leaf_weight=2.3747009783983222 1.5973391830921162 4.1974885463714591 4.5484528243541744 5.5111262351274481 7.5030975788831702 5.0973456799983969 7.1068435907363883 4.5882215648889533 6.5343863517046001 9.3990013003349286 5.5051530748605719 5.6845411658287039 4.3498091250658018 6.3004170507192674 5.3137158006429663 135.24293728172779 5.0257800519466427 5.6718354672193518 16.059532806277282 5.3786020427942267 7.6850688755512264 6.6685614436864844 4.7663367390632612 4.8329456150531769 7.3214970976114264 10.95009560883045 4.4624495804309836 4.7821273654699326 9.9871948361396807 8.9083612859249097
leaf_count=12 12 20 21 25 33 23 33 21 28 40 24 24 20 29 24 614 23 27 72 23 33 30 20 22 32 50 20 20 46 39
internal_value=0 -0.000335958 -0.000637367 0.00177597 -0.0066648 -0.0173799 0.00626815 -0.00938136 -0.00376018 -0.000884489 -0.0201784 0.013965 0.000687472 0.000542031 -0.0249989 0.00225311 -0.00730177 -0.0258283 0.00112145 0.0156271 -0.017153 0.027513 -0.0316066 -0.00829662 -0.00987147 -0.0397558 -0.000584529 0.0246021 -0.000965861 0.0090661
internal_weight=0 320.98 319.383 228.067 91.316 49.9401 41.3759 42.437 37.3397 34.2691 14.9042 19.3649 14.8165 222.556 13.9737 208.582 73.3392 22.9223 50.4168 28.1067 22.3101 22.7281 17.2844 9.59928 32.7514 17.2505 8.65994 9.13194 25.4299 18.8956
internal_count=1460 1448 1436 1032 404 222 182 189 166 149 64 85 64 1007 64 943 329 106 223 125 98 102 75 42 145 79 40 40 113 85
is_linear=0
shrinkage=0.05


Tree=30
num_leaves=31
num_cat=0
split_feature=4 0 2 5 0 5 4 4 1 0 7 5 1 2 1 7 3 7 3 2 3 6 1 7 4 7 4 3 5 1
split_gain=2.16887 2.04626 2.36471 2.02533 5.63907 3.80191 5.18572 3.96141 3.93738 3.92191 3.90004 4.47053 3.59026 3.99843 6.89962 6.4419 7.40374 5.69333 5.5695 5.3019 5.34742 5.26419 4.73122 4.28309 4.37225 5.72757 5.75991 5.48455 5.35922 6.44776
threshold=347.60575791924651 36.395919409487696 -11.286465102201374 3070.2111125447104 59.987726224752372 2402.1336623815955 2474.7514662332155 2398.364508553515 -7.6135387347405858 60.803186167160803 31.092086817753927 760.83614945984516 -4.8216842378584479 -1.1153608564953199 -1.8021753147556863 38.48420034196365 791.18385036479481 17.645610275496981 542.25652386067475 -5.6162023220312731 1240.012091669277 0.032199590635791031 3.8438495336483247 41.731853755245758 779.21384877520609 31.092086817753927 916.9850278636502 628.75285808085266 938.4487176242742 8.2054805903350161
decision_type=2 2 2 2 2 2 2 2 2 2 2 2 2 2 2 2 2 2 2 2 2 2 2 2 2 2 2 2 2 2
left_child=-1 -2 -3 5 -5 7 -7 8 10 -8 11 -4 -10 15 -15 16 18 -18 -14 -19 -21 -16 -23 24 27 26 -26 -24 -28 -30
right_child=1 2 3 4 -6 6 9 -9 12 -11 -12 -13 13 14 21 -17 17 19 -20 20 -22 22 23 -25 25 -27 28 -29 29 -31
leaf_value=0.059359583975955102 0.013912076772792832 -0.039794910476141684 -0.0080255075914608797 0.050012196234909739 -0.012585158640552175 -0.053087134943981887 0.005050835256413061 0.046009262027069557 -0.027792736570091216 -0.048819020560945503 -0.013409322836007063 0.05376990807205017 -0.012422710876700578 0.027377042885062621 0.057333657363221192 0.044826011520240572 0.044088278078967424 0.040496100380031673 -0.059984647489770594 -0.0030464525924822931 -0.060473919638926281 -0.017003310085051866 0.008824720798418775 -0.033808399799985012 -0.051245745852893904 -0.052760165761060587 0.062140932948250308 0.0556652853020283 -0.041517368330442263 0.014318731591066586
leaf_weight=1.5336592197418202 23.648942828178406 3.9507938772439948 4.1888063997030285 6.9104086905717832 7.5052958577871323 8.0353477895259875 16.712396800518039 4.6305118501186362 13.260420098900793 4.2348007857799521 5.8847323805093756 9.7140344828367216 11.825210005044939 24.782160222530365 3.7043445110321036 4.5437762141227713 5.8909623175859478 4.0357996523380306 12.836818903684614 11.699209168553354 6.2028470039367667 41.356934636831284 24.062601193785667 7.0085934847593299 4.3156442344188681 5.1367936581373206 4.3173042237758628 8.4418343007564527 6.5242911279201534 24.914155334234238
leaf_count=12 108 18 20 34 32 35 75 21 60 20 25 43 53 120 19 20 27 21 58 52 26 180 107 30 18 24 18 40 28 116
internal_value=0 -0.000242199 -0.00137067 -0.000851983 0.0174219 -0.00179869 -0.018939 0.000194147 -0.000673009 -0.00583979 0.0207097 0.0351515 -0.00255468 -0.000973074 0.00320207 -0.0122878 -0.0172317 0.00044576 -0.0371791 -0.0112735 -0.0229444 -0.00141417 -0.00314026 0.00362703 0.00700318 -0.00305315 0.00331884 0.0209898 0.00990467 0.0027313
internal_weight=0 320.276 296.627 292.676 14.4157 278.26 28.9825 249.278 244.647 20.9472 19.7876 13.9028 224.86 211.599 154.565 57.0346 52.4908 27.8288 24.662 21.9379 17.9021 129.782 126.078 84.7212 77.7126 45.2082 40.0714 32.5044 35.7558 31.4384
internal_count=1460 1448 1340 1322 66 1256 130 1126 1105 95 88 63 1017 957 700 257 237 126 111 99 78 580 561 381 351 204 180 147 162 144
is_linear=0
shrinkage=0.05


Tree=31
num_leaves=31
num_cat=0
split_feature=0 3 6 6 6 6 6 2 3 4 1 1 1 2 7 6 5 3 1 3 3 7 4 6 7 1 1 1 7 4
split_gain=2.10295 5.70718 5.02386 3.47969 5.80287 2.72896 4.68694 3.5124 4.86187 2.96813 2.7378 4.20064 3.39077 6.93485 2.9927 3.36598 2.97887 5.99297 5.91237 4.59611 7.02708 5.26966 4.10312 3.57694 7.57294 7.23051 4.18352 4.71851 5.57055 7.73811
threshold=60.340845079812347 369.24813728409731 0.14848995902777426 0.16310437665488811 0.1275916470922398 0.039752273904794029 0.030191815952423991 -1.7120492056500451 1394.4224353670588 929.69246522310084 30.348247433662099 19.761525816989721 11.19696061162597 -0.67270238514827629 32.209247875917875 0.088624727129060249 378.3692104196121 381.44316624487902 -2.8154500870950865 387.11949102848081 542.25652386067475 23.234079066352642 350.32937981120239 0.050098821727654945 15.110436943266295 -4.9509154320684265 5.0102966199622765 1.5068045727348365 21.066317734206748 1216.2013520142712
decision_type=2 2 2 2 2 2 2 2 2 2 2 2 2 2 2 2 2 2 2 2 2 2 2 2 2 2 2 2 2 2
left_child=2 -2 5 4 -3 6 -1 -8 9 -9 11 12 14 -14 16 -16 18 -18 -7 -19 21 -21 -20 25 -25 -22 27 28 -26 -30
right_child=1 3 -4 -5 -6 10 7 8 -10 -11 -12 -13 13 -15 15 -17 17 19 22 20 23 -23 -24 24 26 -27 -28 -29 29 -31
leaf_value=-0.023668963211388696 0.053103175565353128 -0.011193383156628829 0.050094467111242484 -0.047418954705470369 0.031476774463571493 0.012576568481831602 0.063348397351762523 0.014776200103215642 0.05323922753829078 -0.03624312471119702 0.037348674342413797 -0.046606875662474012 -0.016884048618108358 0.057552924705569858 0.0011349553456365114 0.057119745364688217 0.045998116696927216 -0.041416335446900404 0.0048957872980197733 0.076718241362810302 -0.043010415267570504 -7.6106915774997615e-05 -0.055565184061149055 -0.061300060474319518 -0.02985164687802613 0.024213336528145304 -0.032537961184824597 0.027487586832805878 -0.0085542208056123819 0.043294692608094737
leaf_weight=6.1238740831613567 3.8536566048860541 71.805610984563828 5.4317631721496573 5.5407494455575934 8.9621838182210904 8.4759746193885821 4.8492517322301927 9.1816509962081891 5.9696466773748389 4.1343458592891684 4.604572966694831 5.0619965344667426 5.6256542503833771 7.0502867847681028 7.0346029400825483 4.3419215828180313 6.4006447643041602 7.5520392209291449 3.7866985499858847 4.8475128114223462 4.9224460273981121 4.1432624012231827 10.836185738444327 6.5105316489934912 17.77849106490612 21.346124172210693 11.996230125427244 12.332189396023749 30.091730758547783 9.4577882289886457
leaf_count=30 18 320 25 26 40 40 23 45 27 19 21 23 25 37 31 21 31 34 21 25 21 20 49 30 77 95 53 54 136 43
internal_value=0 -0.00642999 0.00257997 -0.00908813 -0.0064586 0.00143013 0.015397 0.0253094 0.0157448 -0.00106426 -0.000746117 -0.00167131 -0.000438652 0.0245174 -0.0022794 0.0225019 -0.00403619 -0.00124285 -0.0206494 -0.00355142 -0.00123459 0.0413287 -0.0399084 -0.00457864 -0.00940379 0.0116163 -0.00526606 -0.000569542 -0.00660509 0.00384482
internal_weight=0 90.1622 229.887 86.3085 80.7678 224.456 30.2588 24.1349 19.2856 13.316 194.197 189.592 184.53 12.6759 171.854 11.3765 160.478 137.379 23.0989 130.978 123.426 8.99078 14.6229 114.436 88.167 26.2686 81.6564 69.6602 57.328 39.5495
internal_count=1460 404 1056 386 360 1031 144 114 91 64 887 866 843 62 781 52 729 619 110 588 554 45 70 509 393 116 363 310 256 179
is_linear=0
shrinkage=0.05


Tree=32
num_leaves=31
num_cat=0
split_feature=0 3 6 6 6 6 1 1 7 3 5 3 1 0 2 2 3 4 3 0 7 4 3 0 6 3 0 7 4 5
split_gain=1.90497 5.22064 4.585 3.199 5.25739 2.49202 4.76014 4.46284 5.51565 3.04809 2.6449 10.9777 6.15867 4.64811 6.3658 3.74695 2.94661 4.18778 7.26235 7.75324 7.46777 3.54387 8.52403 12.8616 6.57477 5.41767 5.87569 7.74633 5.18997 5.15882
threshold=60.340845079812347 369.24813728409731 0.14848995902777426 0.16310437665488811 0.1275916470922398 0.042171295728264169 -6.2086286422916137 1.5068045727348365 19.577804097568563 716.68909630148676 533.67000557265953 542.25652386067475 -2.3513234015699989 43.667473531366376 0.79107588763338821 -0.51789071682703047 554.34783007450108 719.68806785205118 791.18385036479481 40.659144225284159 28.609640891885579 1158.3429985655573 1054.9758406641106 47.391198554858455 0.074532817970536028 1215.3210463937007 55.517373786572627 21.735227154706827 919.72472870561876 2936.7018627693619
decision_type=2 2 2 2 2 2 2 2 2 2 2 2 2 2 2 2 2 2 2 2 2 2 2 2 2 2 2 2 2 2
left_child=2 -2 5 4 -3 6 -1 9 -9 -8 12 -12 -7 -14 15 -15 -13 -18 19 20 -19 22 23 -20 25 -23 27 29 -25 -27
right_child=1 3 -4 -5 -6 10 7 8 -10 -11 11 16 13 14 -16 -17 17 18 21 -21 -22 24 -24 28 -26 26 -28 -29 -30 -31
leaf_value=-0.021270162046952427 0.051312054255989309 -0.01062930441872002 0.048099559603932383 -0.045649737281010377 0.030101738803273621 0.011753591909647967 0.014417219617163768 -0.034181918344777525 0.033379750651735964 0.054036827895493647 0.07344547198085101 -0.033012759129209576 -0.067457032612082787 -0.028386882422601591 -0.051117885229004838 0.03238700101731385 0.026880505117220194 -0.036599918433480795 0.047369739953897559 -0.057138579843326112 0.042409394069119408 -0.065500842812117765 0.058684071101657811 -0.0029497227996903856 0.017065917087172262 -0.047290834664764123 -0.044266544649359037 0.037445701547603773 -0.068587523033918171 0.010959527327673238
leaf_weight=8.2012522071599943 3.7903885990381232 71.8346246778965 5.3756317496299735 5.4695474952459326 8.9044888466596586 15.804100528359411 8.8283315896987968 6.4186056405305845 5.7067703306674957 10.784997284412382 5.1920219212770453 6.6776999086141577 5.7911818623542812 4.1433255821466464 7.5712742060422888 6.5385809242725372 14.003208473324774 6.3242298811674136 8.6296556591987663 11.158167064189909 5.673867404460907 4.7558472603559485 9.1048859357833845 6.7060284167528135 25.795447930693626 7.8183120042085665 8.5866874605417234 10.138323470950125 5.4665683656930923 7.3971891552209854
leaf_count=37 18 320 25 26 40 76 43 28 28 54 28 30 27 19 35 32 68 27 37 51 28 20 41 28 120 34 39 45 23 33
internal_value=0 -0.00611898 0.00246881 -0.00864408 -0.00613719 0.0013699 0.0126869 0.0214614 -0.00238423 0.0362033 -0.00109633 0.00206967 -0.0124918 -0.0284281 -0.0160453 0.00881387 -0.000611143 0.00103351 -0.00204539 -0.0271375 0.000763369 0.00410976 0.018336 0.00067614 -0.00248745 -0.015522 -0.00851876 0.00358809 -0.0324269 -0.0189718
internal_weight=0 89.999 228.592 86.2087 80.7391 223.217 39.94 31.7387 12.1254 19.6133 183.277 143.428 39.8485 24.0444 18.2532 10.6819 138.236 131.558 117.555 23.1563 11.9981 94.3989 29.9071 20.8023 64.4918 38.6964 33.9405 25.3538 12.1726 15.2155
internal_count=1460 404 1056 386 360 1031 190 153 56 97 841 652 189 113 86 51 624 594 526 106 55 420 129 88 291 171 151 112 51 67
is_linear=0
shrinkage=0.05


Tree=33
num_leaves=31
num_cat=0
split_feature=4 4 4 4 5 5 3 3 3 5 6 5 0 0 2 1 1 6 3 6 3 4 2 3 7 7 7 3 4 3
split_gain=1.86256 3.38861 2.8063 3.51817 4.36685 5.65124 4.23232 5.13018 11.5729 3.65881 3.60968 4.01265 3.80999 7.32038 7.30157 6.87377 5.72571 4.14084 7.27929 4.28105 4.27486 8.36064 3.77031 4.73919 4.51403 7.93251 4.07742 8.44589 12.2809 6.027
threshold=349.04406753327402 350.63240147348034 356.45796216959587 369.62051639925636 372.41152873133586 376.97916901644498 381.44316624487902 406.9614638560609 542.25652386067475 539.0993811997115 0.030191815952423991 547.02044456520503 60.803186167160803 67.260960497262332 1.2661698743030316 7.3430420880598044 31.238637587399356 0.037123181482600451 1394.4224353670588 0.14848995902777426 685.71911909234518 711.33954634490317 -2.5560419196200779 791.18385036479481 20.535350177208361 28.357955897318085 22.431123735771514 1151.6876698628041 2403.3581347554505 1054.9758406641106
decision_type=2 2 2 2 2 2 2 2 2 2 2 2 2 2 2 2 2 2 2 2 2 2 2 2 2 2 2 2 2 2
left_child=-1 -2 -3 -4 -5 -6 -7 -8 -9 -10 -11 -12 17 14 -14 -16 -15 18 -13 20 -19 -22 23 -23 -25 -26 29 -28 -29 -24
right_child=1 2 3 4 5 6 7 8 9 10 11 12 13 16 15 -17 -18 19 -20 -21 21 22 26 24 25 -27 27 28 -30 -31
leaf_value=0.034019100622365059 -0.055561131769143485 0.037734415297446228 -0.031250344467658862 0.036763763439956347 -0.038840600006784347 0.035142514784166433 -0.029312757948854337 0.060633964618842663 -0.04570251004703612 -0.041537365949961734 0.061293899545887542 -0.0015815333939515543 -0.070383339708110573 0.015265318136321574 -0.052942266996725808 0.0042306686146418079 -0.039458653985948937 -0.030829957720993784 0.075147715120349221 0.046208636532344576 0.069750122625737668 -0.037733054209315157 -0.0010666010561747223 -0.01958592529360613 0.028078585376201667 -0.042489617039139074 0.019704132656636446 -0.061282611027654435 0.029283545469703288 0.034093668013951001
leaf_weight=3.9828725904226294 2.758616402745246 4.8757133185863486 9.0267013460397703 8.0479559302329999 9.33735144138336 8.6445743888616544 14.516132175922392 7.9476100206375113 4.428370550274848 5.0822963565587989 2.7321502268314353 7.0736297219991666 7.4635803848505047 28.70198518037796 7.6879580616951015 16.62731745839119 5.7349019944667807 10.11876420676708 5.4901677966117859 5.3173286318778983 4.5157689750194541 11.717081174254387 24.267566174268751 19.633994072675705 18.484784051775936 5.0757962316274634 16.092776089906693 11.184472382068636 5.6260900646448126 24.485865116119385
leaf_count=24 12 24 42 36 42 42 66 42 20 25 13 34 33 128 33 78 26 45 26 25 23 55 108 88 83 22 74 47 26 118
internal_value=0 -0.000390147 0.000100904 -0.000500579 0.000437039 -0.000578127 0.000704016 -0.000398574 0.00124424 -0.000662531 0.00015788 0.00104813 0.000348593 -0.00981838 -0.0271245 -0.0138462 0.00615193 0.00433013 0.0319479 0.00211327 0.000562573 0.00281409 0.000600785 -0.00953009 -0.00187968 0.0128757 0.00741349 -0.00618684 -0.0309723 0.0165923
internal_weight=0 312.697 309.939 305.063 296.036 287.988 278.651 270.006 255.49 247.543 243.114 238.032 235.3 66.2157 31.7789 24.3153 34.4369 169.084 12.5638 156.52 151.203 141.084 136.568 54.9117 43.1946 23.5606 81.6568 32.9033 16.8106 48.7534
internal_count=1460 1436 1424 1400 1358 1322 1280 1238 1172 1130 1110 1085 1072 298 144 111 154 774 60 714 689 644 621 248 193 105 373 147 73 226
is_linear=0
shrinkage=0.05


Tree=34
num_leaves=31
num_cat=0
split_feature=0 2 2 0 2 5 7 3 1 2 3 3 0 5 1 3 5 1 3 1 6 4 3 5 4 5 2 1 0 6
split_gain=1.78598 2.19387 2.29243 2.6018 2.38872 3.13559 6.68289 4.36984 3.97376 3.52663 3.84478 3.78843 2.5593 2.44273 6.47121 3.30671 5.32376 3.06205 4.0427 2.84033 2.6731 4.43514 6.24318 4.30463 5.83065 5.03981 6.13523 3.65067 4.64523 2.6774
threshold=31.665262127436922 -11.286465102201374 -5.9377736580518912 42.501353031121589 -2.5005302070541728 2379.0745068297533 20.915882962731491 1240.012091669277 6.8690204093664429 -2.9257508375791725 703.7558318275386 791.18385036479481 35.431682244981332 3151.3279257213885 36.186495570535733 2979.697204013492 2402.1336623815955 -9.961621299394265 1148.763744429883 27.388035970347463 0.043605844363112677 1324.9133384520394 1267.3947733701659 1196.1680928181593 1144.4333090181228 937.59743840387375 0.30399209026128082 11.883891708224214 58.291049009896511 0.096224735492367749
decision_type=2 2 2 2 2 2 2 2 2 2 2 2 2 2 2 2 2 2 2 2 2 2 2 2 2 2 2 2 2 2
left_child=-1 -2 3 -3 5 7 -7 8 9 10 -4 -12 -6 14 15 16 17 18 -14 20 -19 22 23 24 25 29 -27 28 -26 -22
right_child=1 2 4 -5 12 6 -8 -9 -10 -11 11 -13 13 -15 -16 -17 -18 19 -20 -21 21 -23 -24 -25 27 26 -28 -29 -30 -31
leaf_value=0.02978574378427723 -0.033004382738714005 -0.0015615805063543785 0.032493875942904545 0.040669570515499208 0.03991547738330669 -0.028128331185354884 0.048106279562523266 -0.057908969910213381 0.02970329473904236 -0.049872601976924821 -0.049006725417508723 0.0033260288721187166 0.063396310077201992 0.035748244794063876 -0.051763766539025015 0.037830454788703255 -0.033348717349883698 0.012735862237159333 -0.0027948943924431492 0.040532115371412575 -0.006341193904930752 -0.038606523345875596 0.046176449941076884 -0.04633591594281581 0.045324063664249264 0.0068976753971727997 -0.069548901980458974 0.06431799852168657 -0.024958967445859133 0.010678508599683645
leaf_weight=4.9676324725151053 5.0852368623018256 7.3304050564765912 4.525510296225554 7.2583687901496887 4.1836465150117865 5.5149764567613584 6.0048545002937317 5.8498515933752051 5.0663089901208869 6.7105215936899212 6.3593964129686338 7.580412283539772 4.5797775089740735 4.8070366233587256 5.943467676639556 5.9623340070247641 11.29180186986923 32.84382189810276 4.6479576230049133 4.3567496389150611 86.932950973510742 8.2551034688949567 6.7110091149806967 5.5485032945871344 4.7860851883888227 4.5166226178407651 6.2651482224464417 4.8189693689346305 4.6206884682178497 31.47302183508873
leaf_count=24 23 33 22 38 20 25 26 25 24 33 31 33 22 23 27 29 52 159 21 20 401 36 34 24 21 20 28 23 20 143
internal_value=0 -0.000433749 0.000109752 0.0194497 -0.000862643 -0.0111021 0.0116099 -0.0183512 -0.0106994 -0.01883 -0.0075487 -0.0205484 0.00114737 0.000466919 -0.000259245 0.00108566 9.72292e-05 0.00189259 0.0300562 0.000600448 -0.000283683 -0.00289221 -0.000998339 -0.00312365 -0.00145182 -0.00479731 -0.0375244 0.0289295 0.0108004 -0.00181725
internal_weight=0 309.831 304.745 14.5888 290.157 47.6118 11.5198 36.092 30.2421 25.1758 18.4653 13.9398 242.545 238.361 233.554 227.611 221.648 210.356 9.22774 201.129 196.772 163.928 155.673 148.962 143.413 129.188 10.7818 14.2257 9.40677 118.406
internal_count=1460 1436 1413 71 1342 219 51 168 143 119 86 64 1123 1103 1080 1053 1024 972 43 929 909 750 714 680 656 592 48 64 41 544
is_linear=0
shrinkage=0.05


Tree=35
num_leaves=31
num_cat=0
split_feature=4 0 3 3 3 3 5 2 2 2 5 6 7 3 6 1 6 7 2 6 1 0 1 7 3 6 0 5 0 2
split_gain=1.70726 1.7569 2.98207 3.89882 2.9057 9.84769 5.38142 5.42693 4.38765 5.27735 3.11867 3.11936 3.02247 9.56637 4.62813 6.70237 2.89555 2.66858 2.53173 2.60991 5.42284 5.60956 3.9411 6.165 5.72249 4.0841 5.81867 4.01695 6.22383 4.70243
threshold=349.04406753327402 36.395919409487696 359.31934057341078 373.29410022116843 406.9614638560609 542.25652386067475 372.11199355375476 -0.77597316754620571 0.79107588763338821 0.20507091860879764 539.0993811997115 0.030191815952423991 31.092086817753927 706.60176047353832 0.12687005120266256 18.627497135572757 0.085515429721756672 21.774080964770366 -11.286465102201374 0.044213809053986301 1.5068045727348365 42.626104877130686 7.3430420880598044 14.02594265091499 1335.2013813348804 0.047647546345333656 59.561322495650423 548.82650628729971 54.186379671651302 1.1983462765094335
decision_type=2 2 2 2 2 2 2 2 2 2 2 2 2 2 2 2 2 2 2 2 2 2 2 2 2 2 2 2 2 2
left_child=-1 -2 17 -4 6 -6 -5 -8 9 -9 -7 -12 18 -14 16 -16 -15 -3 -13 20 21 -20 23 -21 -24 -26 -27 -25 -29 -30
right_child=1 2 3 4 5 10 7 8 -10 -11 11 12 13 14 15 -17 -18 -19 19 22 -22 -23 24 27 25 26 -28 28 29 -31
leaf_value=0.032765673328481258 0.012891150860638157 -0.056185648166874741 0.029427353503232924 0.029250439750984875 0.058140940747205411 -0.043395424225801137 -0.060513842412426425 -0.017983846258408966 -0.037827306888210614 0.052199748060962725 -0.039823533965843524 -0.037510429279277308 0.029943954066096696 -0.029166074268165827 0.036400235498424104 -0.041886509199868409 -0.077103640127704778 -0.0026838763308875894 -0.0074211829188623405 -0.060022811651307323 -0.006520133679850027 0.055786190640316237 0.023812217023585477 0.044045801721647355 -0.053018023396454589 0.030919767487257117 -0.01721670686498716 0.0040950991226000556 -0.070516147316444108 -0.015455272241217677
leaf_weight=3.9358479827642432 23.099268108606339 4.6306644380092603 10.466265723109244 5.5637795478105536 7.1287157833576194 4.3653926998376837 7.6269039064645794 6.7863966077566165 8.5563849210739118 4.4248585850000381 4.9858301579952231 3.8397966772317877 9.0469904243946058 6.8927058428525942 4.9515719413757306 6.1044864803552628 5.801349475979805 4.6924750059843063 5.0779893696308198 5.0183817595243445 13.464645504951475 11.369512572884558 35.103642456233501 4.3123601824045172 3.9808382987976101 10.20035929977894 16.325738176703453 52.051518000662327 4.8888531774282482 18.748766079545021
leaf_count=24 108 21 49 25 38 20 36 31 39 21 25 18 41 30 23 28 26 23 22 24 62 59 167 20 19 50 74 235 21 81
internal_value=0 -0.000373688 -0.00144352 -0.000507659 -0.00168278 0.000277608 -0.015581 -0.0246862 -0.0108629 0.00971622 -0.0015433 -0.000720934 0.000176752 -0.0138089 -0.0304755 -0.00682497 -0.0510742 -0.0292574 0.00266446 0.0035189 0.0170093 0.0362716 0.000839979 -0.00626477 0.0100465 -0.0057934 0.00129372 -0.00289261 -0.00556691 -0.0268432
internal_weight=0 309.506 286.407 277.084 266.618 233.659 32.9583 27.3945 19.7676 11.2113 226.531 222.165 217.18 32.7971 23.7501 11.0561 12.6941 9.32314 184.382 180.543 29.9121 16.4475 150.63 85.0199 65.6106 30.5069 26.5261 80.0015 75.6891 23.6376
internal_count=1460 1436 1328 1284 1235 1083 152 127 91 52 1045 1025 1000 148 107 51 56 44 852 834 143 81 691 381 310 143 124 357 337 102
is_linear=0
shrinkage=0.05


Tree=36
num_leaves=31
num_cat=0
split_feature=0 3 2 6 2 6 6 6 1 1 0 3 6 4 3 5 5 1 2 4 5 7 3 6 3 4 6 0 1 4
split_gain=1.59346 4.23157 10.2328 4.70055 4.40266 3.77536 3.47865 6.23726 6.37836 4.0921 3.62455 3.28194 2.89046 3.18804 2.53503 1.99127 7.11969 4.88267 5.47542 3.49144 5.83919 5.85677 5.59263 4.86761 4.87305 6.36568 4.65083 4.48204 4.43966 4.40558
threshold=60.803186167160803 691.35023208031328 1.0953989365317114 0.05195914829726999 -0.13588490361509106 0.14848995902777426 0.088624727129060249 0.093686615121030978 17.527137262494026 15.035712437010774 73.37642716375548 966.30979075509515 0.096224735492367749 541.79782084777264 554.34783007450108 902.21830555496138 926.25914335342361 -2.3513234015699989 -2.4029698689378689 938.44721049875534 1177.7575229155248 31.092086817753927 1054.9758406641106 0.076352813555748911 3109.6734870705486 1337.3818726400539 0.05805378773241416 47.086274580334567 8.3283825480183413 1286.3036646575883
decision_type=2 2 2 2 2 2 2 2 2 2 2 2 2 2 2 2 2 2 2 2 2 2 2 2 2 2 2 2 2 2
left_child=5 4 -3 -4 -2 15 9 -8 -9 11 -10 -5 13 -6 -14 17 -17 18 -1 -18 22 23 27 24 25 26 -22 -21 -25 -28
right_child=1 2 3 6 12 -7 7 8 10 -11 -12 -13 14 -15 -16 16 19 -19 -20 20 21 -23 -24 28 -26 -27 29 -29 -30 -31
leaf_value=-0.0207905517237401 0.050812856651658835 -0.061419822668972571 -0.053324953395312361 0.031045807478253293 0.0057874491482457942 0.04433316656128114 -0.066017833045108679 0.042267998521140132 -0.0005055927470254953 0.050303785330896689 -0.053993377075868126 -0.023140707460273528 -0.0040167207282534294 -0.044629364673788856 0.046103052492595512 0.065556495454284283 -0.034637556974963478 -0.01248066257724767 0.018427770278241506 0.037752029329254977 -0.065385077653844492 -0.043967769841454493 0.058678947073161451 0.0055061129645589402 -0.050384160373140023 0.013217415950997118 0.02181205640395352 -0.030540420587477853 0.052421430116699287 -0.045115148463818006
leaf_weight=11.85022462159395 5.3476912379264858 9.3786825686693174 4.4150321483612052 4.8797525763511675 7.5179149359464663 5.2012993246316901 4.2902150303125408 6.2789912074804333 9.5881093442440015 6.2648772150278083 4.7296192944049826 6.5389137119054794 5.1616978347301465 5.3789867907762527 4.9351125359535217 4.8011570721864691 5.7354861199855796 64.043953642249107 35.745206043124199 4.8639844954013842 5.0266468226909629 7.0273854136466971 9.1203639507293683 12.715662613511087 5.1780418157577506 32.333567589521408 5.8122142851352674 4.7475747764110565 8.3566886782646161 4.261897012591362
leaf_count=58 25 42 21 21 33 25 19 31 43 30 22 30 23 23 23 24 25 301 181 21 22 30 43 57 25 148 27 22 45 20
internal_value=0 -0.0058109 -0.0137354 -0.00421725 0.00994908 0.00222604 0.000875764 -0.0111724 0.000251719 0.0178317 -0.0181744 1.58311e-05 0.000445315 -0.0152402 0.0204808 0.00123781 0.00601289 -0.00346633 0.00866326 0.00329489 0.00548266 -0.000354192 0.0306325 0.00380528 -0.00432774 0.000699889 -0.0261025 0.00401936 0.0241114 -0.00650179
internal_weight=0 84.7056 56.3642 46.9855 28.3414 226.821 42.5705 24.8869 20.5967 17.6835 14.3177 11.4187 22.9937 12.8969 10.0968 221.62 109.981 111.639 47.5954 105.18 99.444 80.7121 18.7319 73.6847 52.6124 47.4343 15.1008 9.61156 21.0724 10.0741
internal_count=1460 386 259 217 127 1074 196 115 96 81 65 51 102 56 46 1049 509 540 239 485 460 374 86 344 242 217 69 43 102 47
is_linear=0
shrinkage=0.05


Tree=37
num_leaves=31
num_cat=0
split_feature=0 2 2 7 7 3 0 3 3 2 3 5 5 3 2 5 3 7 6 2 1 6 1 6 4 2 1 3 5 4
split_gain=1.61795 1.79956 2.03263 2.48243 2.20842 5.35 6.11695 5.336 5.56017 6.11436 4.42499 6.9595 5.76 5.94173 5.25506 6.27144 4.34226 4.2505 3.86399 4.08858 3.73192 3.53723 5.32169 3.48054 4.65606 5.87159 3.87677 6.54334 5.41688 9.14097
threshold=31.665262127436922 -11.286465102201374 -5.9377736580518912 21.327768117194626 16.236989944824007 792.48683463667328 48.216597075499656 381.44316624487902 562.04349791609127 -1.0513962520881759 722.81603997991351 539.0993811997115 548.82650628729971 628.75285808085266 0.84989454014199328 358.97763775909101 733.16544105174182 31.092086817753927 0.04786560423742138 0.27851508627611593 -4.0981762708749718 0.12687005120266256 18.627497135572757 0.074532817970536028 938.44721049875534 5.8988309703751129 -7.6135387347405858 2360.1617632529619 1205.0778248423712 1141.5976062650063
decision_type=2 2 2 2 2 2 2 2 2 2 2 2 2 2 2 2 2 2 2 2 2 2 2 2 2 2 2 2 2 2
left_child=-1 -2 3 -3 5 7 -7 -4 -9 -10 11 14 -13 -14 15 -6 -12 23 -17 20 -20 -19 -23 26 -25 -26 27 -18 29 -28
right_child=1 2 4 -5 10 6 -8 8 9 -11 16 12 13 -15 -16 18 17 21 19 -21 -22 22 -24 24 25 -27 28 -29 -30 -31
leaf_value=0.028520807819992292 -0.030270399743010726 -0.0033805943548921367 0.026782120988806665 0.038219701800238266 0.047765835790727268 0.077936579922103608 0.013476265823129394 -0.054489357406760142 -0.037000584064807926 0.044716549591844873 -0.056802139029778043 0.063250297322606813 -0.014439197358274314 0.03119737441216669 -0.033787294395522596 0.035013253364447959 0.052836286753658063 -0.04308180543009605 0.019510950811680403 0.031270952407123534 -0.028233616989304683 0.034346143184461136 -0.036769710213158925 -0.019333767740907771 0.033826206913775199 -0.0088628767506490781 -0.017825174777237128 -0.020896137641177745 -0.032288973594880997 0.041835838421109481
leaf_weight=4.9081195890903464 4.9657147377729407 6.8427263796329481 7.7462633252143887 7.5351029857993126 6.5897052437067023 4.5219747871160534 19.774479910731316 7.7525319457054165 4.6708170920610463 4.4891903251409477 4.4760542362928382 7.0383087247610083 11.885461717844011 17.834345817565918 12.643308296799658 5.1351094841957083 6.0273505747318179 13.339640811085703 5.037409812211993 4.699500545859336 21.826970502734188 4.8287772089242917 5.7787357717752457 11.644359230995176 20.814100161194801 13.14004625380039 23.51983159780503 6.0086926519870758 25.70030203461647 8.8307908773422223
leaf_count=24 23 31 42 40 33 21 96 37 21 20 21 40 52 90 57 25 28 60 24 21 101 23 27 53 97 61 107 28 117 40
internal_value=0 -0.000416667 7.72662e-05 0.0184212 -0.000845716 0.00882157 0.0254734 -0.00758557 -0.0233266 0.00304783 -0.00284431 0.00567815 0.0225785 0.0129465 -0.00542865 0.00285404 -0.00832592 -0.00677197 -0.00521036 -0.0117543 -0.0192809 -0.0259458 -0.00439618 -0.00280294 0.00794925 0.0173058 -0.00979831 0.0160272 -0.0151529 -0.00153943
internal_weight=0 305.098 300.132 14.3778 285.754 48.9553 24.2965 24.6588 16.9125 9.16001 236.799 92.6901 36.7581 29.7198 55.932 43.2887 144.109 139.633 36.699 31.5639 26.8644 23.9472 10.6075 115.685 45.5985 33.9541 70.087 12.036 58.0509 32.3506
internal_count=1460 1436 1413 71 1342 237 117 120 78 41 1105 443 182 142 261 204 662 641 171 146 125 110 50 531 211 158 320 56 264 147
is_linear=0
shrinkage=0.05


Tree=38
num_leaves=31
num_cat=0
split_feature=0 1 3 7 2 2 0 7 4 3 6 6 1 1 6 2 3 6 3 5 7 2 6 7 3 0 7 6 1 6
split_gain=1.58842 3.64054 3.49605 6.70019 2.01157 2.33158 2.95078 2.0813 3.67633 7.02303 3.36034 2.89954 5.12549 3.00993 2.65898 2.35838 4.27919 2.3259 2.68227 5.09876 5.72745 3.96027 6.21916 3.61395 5.39096 5.04236 3.58538 3.45514 5.47067 3.37787
threshold=37.188766596299068 -18.422650975832422 1160.3477023325092 28.539582931265201 -9.1370834480862211 -5.9377736580518912 42.501353031121589 17.339122222591232 719.68806785205118 381.44316624487902 0.030191815952423991 0.043605844363112677 1.7722931702511462 -0.46486606452151585 0.046863537771986929 0.044640473165699308 1267.3947733701659 0.033951304740501391 722.81603997991351 539.0993811997115 24.506275503407867 0.84989454014199328 0.049408912367650652 19.678096355485895 379.87870956545146 43.534258832733066 31.092086817753927 0.12687005120266256 18.627497135572757 0.057145830101471333
decision_type=2 2 2 2 2 2 2 2 2 2 2 2 2 2 2 2 2 2 2 2 2 2 2 2 2 2 2 2 2 2
left_child=1 -1 3 -3 -2 6 -6 8 9 -7 -9 12 -10 -13 -15 -16 -17 -12 19 21 -21 22 -19 -24 25 -25 29 -28 -29 -20
right_child=4 2 -4 -5 5 7 -8 10 11 -11 17 13 -14 14 15 16 -18 18 26 20 -22 -23 23 24 -26 -27 27 28 -30 -31
leaf_value=0.051969267335669173 -0.03071093383091833 -0.0081036323219957993 -0.034970675147507534 0.055434579215252189 -0.0085462967362367383 0.017914425726971168 0.049521603252405406 -0.046141508341772199 0.059238566835824395 -0.040501646736612343 0.03349702244109793 -0.019173946578009197 -0.0053946181748309495 -0.014514058558430186 0.057045100987450074 -0.011627328503124082 0.051211631948727465 0.047526840817940924 -0.01974109769952391 0.046830255513483389 0.0025527063549442572 -0.032747119760729443 -0.044930424439887984 -0.0052366065216548413 -0.018707487691988624 0.068575591728420787 -0.045739625341596292 0.033415264054892618 -0.038177374657928226 0.0016127785160429675
leaf_weight=4.6173303574323681 5.6176995337009421 12.415438339114194 4.7372185736894599 6.2317128330469123 3.8283480852842313 10.501359507441522 5.1053371503949165 4.5794124752283087 8.0743750184774381 10.087627470493315 4.3130914419889441 8.2939600795507449 4.9464541226625434 5.2170684486627605 4.5457177609205237 6.5588347315788251 4.6158671677112579 6.0386045426130286 25.394638881087303 11.721392132341864 19.377748787403107 11.243950337171553 5.4504785537719753 4.8448555767536181 14.641799896955488 4.4288338273763657 11.384287476539614 4.8147835284471494 5.9855467677116394 68.405379086732864
leaf_count=21 26 57 21 33 17 56 30 24 42 48 22 37 23 24 21 29 25 29 116 63 90 50 25 23 67 23 52 23 28 315
internal_value=0 0.0113971 0.00338596 0.0131303 -0.00109277 -0.000486406 0.0246378 -0.00133191 0.0066179 -0.0107067 -0.00379743 0.0150599 0.0346852 0.00631808 0.0164162 0.0266809 0.0143292 -0.0028183 -0.0036268 0.00355903 0.0192411 -0.00689573 0.00131428 -0.00818854 0.000185152 0.0300139 -0.00844365 -0.0265201 -0.0062614 -0.00416839
internal_weight=0 28.0017 23.3844 18.6472 280.017 274.4 8.93369 265.466 62.8413 20.589 202.625 42.2523 13.0208 29.2314 20.9375 15.7204 11.1747 198.045 193.732 77.7477 31.0991 46.6485 35.4046 29.366 23.9155 9.27369 115.985 22.1846 10.8003 93.8
internal_count=1460 132 111 90 1328 1302 47 1255 305 104 950 201 65 136 99 75 54 926 904 370 153 217 167 138 113 46 534 103 51 431
is_linear=0
shrinkage=0.05


Tree=39
num_leaves=31
num_cat=0
split_feature=4 4 4 4 5 5 1 3 3 3 5 0 5 6 0 6 0 2 2 7 6 3 1 3 4 6 1 7 7 1
split_gain=1.48107 3.01235 2.53579 3.39575 3.31444 3.454 4.69965 3.71343 3.45524 9.53237 4.03777 2.88613 2.7693 2.67969 2.58905 5.72615 4.07131 4.67936 3.56192 3.37864 3.58098 6.99917 3.23505 2.62141 2.58508 4.21742 3.29178 2.80077 2.34397 4.79214
threshold=349.04406753327402 350.63240147348034 356.45796216959587 369.62051639925636 372.11199355375476 376.97916901644498 -0.18872844521595764 381.44316624487902 406.9614638560609 542.25652386067475 383.26523514550598 45.355667620402066 539.0993811997115 0.030191815952423991 60.803186167160803 0.05195914829726999 64.721790207932074 1.2661698743030316 3.2123260530677711 36.308999293431114 0.037123181482600451 1394.4224353670588 23.067219596891054 3174.196189857958 1180.6871536933222 0.097534690576889599 10.899052952612466 33.564210508194144 25.798681015490043 -15.988330291014107
decision_type=2 2 2 2 2 2 2 2 2 2 2 2 2 2 2 2 2 2 2 2 2 2 2 2 2 2 2 2 2 2
left_child=-1 -2 -3 -4 -5 6 -6 -7 10 -10 -9 -12 -11 -14 19 -16 17 -17 -19 20 21 -15 24 -24 25 26 -18 -27 -22 -30
right_child=1 2 3 4 5 7 -8 8 9 12 11 -13 13 14 15 16 22 18 -20 -21 28 -23 23 -25 -26 27 -28 -29 29 -31
leaf_value=0.0310317470472595 -0.05263494347866704 0.03654511820568019 -0.030892734441952358 0.035994887485132042 0.0078486656684081009 0.033530430942801663 -0.059681478073573685 0.016107435648397058 0.057111591241322868 -0.040775016860852595 -0.012303648465535605 -0.066865731232434472 -0.036984579020523232 -0.0041205313653875208 -0.05179521952341351 -0.067873471849201575 0.016380309419910477 0.028303808501347547 -0.028086274991123941 0.045258677643699986 0.0047276067028908355 0.072810018408415653 -0.034628483464530228 0.01240083432319021 0.050139764925438847 0.054629970257814235 -0.032264918894763711 0.0067900857302169012 -0.061668464297037741 -0.0037535740365421408
leaf_weight=3.8081288337707511 2.7295056581497184 4.7057339102029792 8.8846369087696058 6.427256539463996 4.7689974159002304 8.380569636821745 5.6036981344223005 4.280527487397193 7.3668017014861098 4.2206774652004233 4.4351477921009046 5.3440165221691132 4.7756270468235007 6.8305573016405088 6.5712987035512915 4.4001161158084896 6.3272201865911537 4.3885612040758115 7.7382799386978149 4.8656182140111914 106.62192522734404 5.2129978388547897 7.5019587278366071 4.8973324149847031 4.3045790344476691 5.889078274369238 7.7219914644956589 6.3671894073486328 3.9538334161043158 36.968054689466953
leaf_count=24 12 24 42 30 22 42 26 18 42 20 21 27 25 34 32 20 27 21 35 23 506 26 36 21 21 29 35 30 17 172
internal_value=0 -0.000345727 0.000130409 -0.00045037 0.000494786 -0.000320868 -0.0286335 0.000769398 -0.000282608 0.0010902 -0.0243926 -0.0421202 -0.00063256 8.73821e-05 0.000855258 -0.0075016 -0.00261271 -0.0237054 -0.00767937 0.00421459 0.00296321 0.0291785 0.00549244 -0.0160534 0.0142201 0.00834223 -0.010357 0.0297769 0.000823331 -0.00934925
internal_weight=0 302.484 299.754 295.049 286.164 279.737 10.3727 269.364 260.983 246.924 14.0597 9.77916 239.557 235.336 230.561 66.1076 59.5363 16.527 12.1268 164.453 159.587 12.0436 43.0093 12.3993 30.6101 26.3055 14.0492 12.2563 147.544 40.9219
internal_count=1460 1436 1424 1400 1358 1328 48 1280 1238 1172 66 48 1130 1110 1085 307 275 76 56 778 755 60 199 57 142 121 62 59 695 189
is_linear=0
shrinkage=0.05


Tree=40
num_leaves=31
num_cat=0
split_feature=0 1 5 2 2 2 0 7 3 5 2 3 4 3 7 3 6 6 6 0 3 5 6 7 2 6 1 1 5 7
split_gain=1.4198 3.30154 3.23007 2.77797 1.85603 2.10459 2.73691 1.86817 3.44875 4.65099 4.02703 10.5027 3.71627 3.0593 2.99095 3.59361 3.69684 3.15151 2.93876 2.19066 1.99996 5.02336 6.03484 4.71608 4.28458 5.97595 4.12949 4.02589 3.8576 3.63115
threshold=37.188766596299068 -18.422650975832422 769.05428620736473 -1.6150381713868185 -9.1370834480862211 -5.9377736580518912 42.501353031121589 17.339122222591232 906.58137629080386 926.25914335342361 -0.06900133388847994 1267.3947733701659 1247.7562849174619 2944.3334556076866 14.608455988751343 381.44316624487902 0.044401674119370259 0.043605844363112677 0.030191815952423991 51.287688610574101 722.81603997991351 539.0993811997115 0.071791377635505763 23.553306666897441 0.84989454014199328 0.049535515566390777 2.7912359932144857 17.098143980619174 388.04957076434704 31.092086817753927
decision_type=2 2 2 2 2 2 2 2 2 2 2 2 2 2 2 2 2 2 2 2 2 2 2 2 2 2 2 2 2 2
left_child=1 -1 3 -3 -2 6 -6 8 14 -10 12 -12 -11 -13 15 -7 -17 -16 -9 -19 21 24 -23 -24 25 -20 -26 -25 -27 -22
right_child=4 2 -4 -5 5 7 -8 18 9 10 11 13 -14 -15 17 16 -18 19 20 -21 29 22 23 27 26 28 -28 -29 -30 -31
leaf_value=0.04981163327263724 -0.029551013785579706 0.043063025109805142 -0.015013339146188574 -0.0072155389790797752 -0.0081121729932677033 0.014220507047857378 0.048176407736102322 -0.0439424616779137 0.067752306579842131 0.069121813365026694 -0.045727383096423546 0.062474628659888135 0.0033782577264832359 0.0032943691976531175 0.044824706167198199 -0.006495470274699028 -0.066807972172975405 0.018959836157881532 0.044902329662729647 -0.022125877287338488 -0.0026209074501939034 0.060726861637727336 0.045258955925931522 -0.018416132068092537 -0.071307151036144753 0.0032883848223836279 -0.0095165669750729015 0.036256242395652449 -0.037710883728174535 -0.025199610511155136
leaf_weight=4.5416224896907833 5.5917939245700827 6.6515985354781177 11.884995251893995 4.6803828775882712 3.8296585679054242 4.8417913913726798 4.9518931657075882 4.4147886037826529 4.158111825585368 4.5959840863943153 7.8468490839004508 4.5303495079278928 4.0381260514259338 4.2160532623529434 4.5750947669148472 4.8484970033168775 5.3378614336252213 5.9645419269800168 6.5278760790824881 7.1140292137861252 96.558089077472687 6.788150608539584 6.1796808689832714 13.95776714384556 4.4277023226022703 20.61337681114674 6.9452067464590073 4.4377378523349753 7.9499677717685691 21.833202213048935
leaf_count=21 26 34 53 24 17 27 30 24 21 25 35 24 19 21 24 22 27 28 32 32 446 41 34 63 21 98 30 20 38 103
internal_value=0 0.010824 0.00319736 0.0222968 -0.00103692 -0.000449611 0.0236288 -0.0012545 0.00632635 0.0187559 0.0106801 -0.00373011 0.0383739 0.0339478 -0.00484956 -0.0212436 -0.0381005 0.00910632 -0.00359969 -0.00338855 -0.002692 0.00353393 0.0189953 0.00746825 -0.00690253 0.00174121 -0.0335729 -0.00522695 -0.00812284 -0.00678477
internal_weight=0 27.7586 23.217 11.332 277.074 271.482 8.78155 262.701 62.0673 29.3855 25.2274 16.5933 8.63411 8.7464 32.6818 15.0281 10.1864 17.6537 200.634 13.0786 196.219 77.8275 31.3633 24.5752 46.4641 35.0912 11.3729 18.3955 28.5633 118.391
internal_count=1460 132 111 58 1328 1302 47 1255 305 145 124 80 44 45 160 76 49 84 950 60 926 377 158 117 219 168 51 83 136 549
is_linear=0
shrinkage=0.05


Tree=41
num_leaves=31
num_cat=0
split_feature=0 6 6 6 5 5 0 1 7 2 0 2 6 4 4 7 2 4 3 0 0 3 0 1 6 1 1 2 6 6
split_gain=1.42229 1.8323 6.69216 6.22653 4.00504 3.88423 3.36238 3.38114 3.1126 4.98483 3.07958 4.25145 4.16927 3.60539 5.81748 5.41099 8.39385 9.84593 7.01857 5.00595 5.43206 4.93096 5.25948 4.02855 3.57751 3.43703 3.93346 4.46398 3.44979 5.24589
threshold=78.15596550595383 0.093386393735261489 0.10220622895544255 0.10948747009641356 353.60642875520358 361.97194270541075 41.742378063653142 8.0429810069359196 31.541452245154119 7.0132303399339539 60.340845079812347 -0.67270238514827629 0.088624727129060249 794.98651377861165 1180.6871536933222 21.774080964770366 -4.8576502431278117 2380.5685694934386 2506.4578026598238 41.336299734618102 50.589219896722824 958.34223172159761 47.391198554858455 0.75943547806755884 0.077577596428575424 -4.8216842378584479 -7.6135387347405858 1.4655604357272762 0.042602855704374602 0.074264605728801669
decision_type=2 2 2 2 2 2 2 2 2 2 2 2 2 2 2 2 2 2 2 2 2 2 2 2 2 2 2 2 2 2
left_child=1 4 -3 -4 -1 -6 -5 -8 9 -9 11 13 -12 19 21 18 -17 -18 -16 24 -21 22 -15 -20 -7 26 27 -13 -27 -30
right_child=-2 2 3 6 5 10 7 8 -10 -11 12 25 -14 14 15 16 17 -19 23 20 -22 -23 -24 -25 -26 28 -28 -29 29 -31
leaf_value=0.037443537443256673 -0.029183427673150443 0.031742603185890866 -0.040701188803876784 0.030108384098145313 -0.038960142748315413 0.023588406135210238 -0.042540561329768536 0.055793775735734519 -0.010442506033493044 -0.012595716589712095 -0.0078361397566239881 0.035265487893978494 -0.056709275714395026 0.034683629760738299 -0.067862158869116077 0.063487097309873605 -0.064327089228186848 0.031265135997923944 0.032365438272229069 -0.057079389941924269 0.0042913599365816254 0.071671635699298297 -0.030875638080951617 -0.026387827571678693 -0.032072715053407932 0.034929941977259245 -0.039256035444526521 -0.022695075181461494 -0.0026250555147713591 0.032993176894891577
leaf_weight=6.3499764949083319 4.1059302091598502 20.266221985220909 8.7261857986450178 10.56882433593273 7.1974449604749671 7.9858626723289508 4.5193517953157452 5.8903955891728419 14.888119623064993 4.8652226626873016 43.460639998316765 6.8845575004816073 4.8507971614599219 8.0560450404882449 7.0188855379819897 5.2152007967233684 5.0906193256378156 5.7209893465042114 4.5129623711109152 11.742791526019575 5.2033124268054953 4.2796199768781653 4.932239517569541 8.2532404437661153 4.521150179207325 16.321180745959282 6.8856366872787467 6.4195998907089233 33.53860492259264 14.943426489830015
leaf_count=37 20 98 39 51 35 40 22 31 70 21 202 32 22 36 32 27 21 26 20 59 25 23 24 41 21 86 32 31 162 74
internal_value=0 0.000445704 0.00754383 -0.002372 -0.00171186 -0.00282664 0.00583944 -0.00266414 0.00436353 0.0248583 -0.00162171 0.00158556 -0.0127433 -0.00649749 0.00128706 -0.0102071 0.0113872 -0.0137442 -0.0276995 -0.0205267 -0.0382355 0.0251249 0.00978781 -0.00561804 0.00346751 0.00943465 -0.00857903 0.00729802 0.0150469 0.00835341
internal_weight=0 299.109 69.7243 49.4581 229.385 223.035 40.7319 30.1631 25.6437 10.7556 215.837 167.526 48.3114 82.5329 53.0798 35.8119 16.0268 10.8116 19.7851 29.4531 16.9461 17.2679 12.9883 12.7662 12.507 84.993 20.1898 13.3042 64.8032 48.482
internal_count=1460 1440 332 234 1108 1071 195 144 122 52 1036 812 224 395 250 167 74 47 93 145 84 83 60 61 61 417 95 63 322 236
is_linear=0
shrinkage=0.05


Tree=42
num_leaves=31
num_cat=0
split_feature=7 0 2 2 0 5 1 3 1 3 4 2 6 7 5 1 3 3 5 3 2 7 7 5 3 6 0 3 0 2
split_gain=1.35363 1.35417 1.57175 1.65137 2.07897 1.7333 4.48718 4.04288 3.55452 4.75026 3.67871 3.06204 3.30744 3.04636 2.29592 3.88762 3.07472 2.16436 2.31114 4.63734 2.06887 1.72582 3.96707 3.52843 6.05271 4.05507 3.5539 5.41988 3.03949 2.96306
threshold=12.127146431032605 31.665262127436922 -11.286465102201374 -5.9377736580518912 42.501353031121589 3146.7355161921746 36.186495570535733 2979.697204013492 29.010199327274908 2418.018842487505 2398.364508553515 -2.4348514791639579 0.059785207595828983 16.670884162033012 2390.7089999571667 -9.961621299394265 1130.5837563896348 703.7558318275386 942.0008249320889 1240.012091669277 -3.0430016249280691 23.39640172839675 21.735227154706827 372.11199355375476 396.06008828936558 0.059520548284017295 70.198941991309468 549.21947114259194 53.142757700927454 -0.8583337294505039
decision_type=2 2 2 2 2 2 2 2 2 2 2 2 2 2 2 2 2 2 2 2 2 2 2 2 2 2 2 2 2 2
left_child=-1 -2 -3 4 -4 6 7 8 9 10 11 12 20 -11 15 16 -13 -14 -19 -20 -5 22 29 25 -25 -23 27 -26 -24 -17
right_child=1 2 3 5 -6 -7 -8 -9 -10 13 -12 14 17 -15 -16 21 -18 18 19 -21 -22 23 28 24 26 -27 -28 -29 -30 -31
leaf_value=0.032751622170547522 0.026199660448742473 -0.029092678672680613 -0.002050355185601445 0.028731320128262201 0.036683733964066087 0.024677393055515986 -0.044733578616082098 0.03720777840440341 0.043834148683322527 -0.0011124386008492019 0.039671445904154938 0.067566307736523945 -0.00034049663046874966 -0.053802118139254944 -0.035046053075767275 -0.019436707555658718 0.0079395500871848133 -0.053033987781905691 0.017184143784698003 -0.050831700616715783 -0.014334216527690678 0.058678641631826622 0.054444193187350831 -0.068027990156042814 0.020970789755657804 -0.0016420878940330017 0.01312327156194563 -0.023635635155010971 0.0094653124969772389 0.0039242590825231335
leaf_weight=3.1306383684277526 4.7449237927794448 4.8034646958112708 7.2046196311712247 5.6100036352872849 6.6725384965538979 6.3684776276350012 5.9280174225568762 6.8346114903688422 4.2048317193984976 4.4320555478334409 5.4319459348916999 3.8137479498982412 6.4076786935329464 7.1994863152503967 4.4434252530336371 16.433839209377751 4.9920919239521027 8.6071847975254077 4.8837881386280042 5.1473144888877869 5.5454708486795408 4.1215234398841849 6.1365021914243689 4.3288031220436087 8.5730379447340948 8.5992471128702146 16.220141798257828 33.110005989670753 9.6821422129869443 77.992269441485419
leaf_count=18 24 23 33 26 38 32 28 34 20 20 25 21 33 35 20 77 23 44 21 23 29 21 33 20 42 40 76 152 46 383
internal_value=0 -0.000298246 -0.000726297 -0.000254697 0.0165741 -0.00110377 -0.00171486 -0.0007443 -0.00175786 -0.00251948 -0.0010076 -0.00194929 -0.0153222 -0.0337254 0.00049025 0.00130417 0.0337635 -0.0254084 -0.0340265 -0.0177172 0.00732312 -0.00023922 0.00374062 -0.00609299 -0.0109977 0.0179018 -0.00673419 -0.0144613 0.0269139 -0.000141464
internal_weight=0 298.473 293.728 288.925 13.8772 275.048 268.679 262.751 255.917 251.712 240.08 234.648 36.2014 11.6315 198.447 194.003 8.80584 25.046 18.6383 10.0311 11.1555 185.198 110.245 74.9528 62.232 12.7208 57.9032 41.683 15.8186 94.4261
internal_count=1460 1442 1418 1395 71 1324 1292 1264 1230 1210 1155 1130 176 55 954 934 44 121 88 44 55 890 539 351 290 61 270 194 79 460
is_linear=0
shrinkage=0.05


Tree=43
num_leaves=31
num_cat=0
split_feature=0 6 6 6 5 5 0 6 2 0 7 3 1 6 4 4 7 2 3 3 3 0 0 0 1 6 1 1 2 6
split_gain=1.32281 1.72496 6.08025 5.63722 3.60579 3.65135 2.7674 3.81052 3.78535 3.24059 3.50044 4.91691 4.51 4.63873 3.16023 5.30293 4.85546 7.67585 8.99296 6.20785 4.70116 4.62278 4.61934 4.89068 3.67071 3.19251 3.02479 3.469 4.14113 3.13668
threshold=78.15596550595383 0.093386393735261489 0.10220622895544255 0.1085548693253728 353.60642875520358 361.97194270541075 60.340845079812347 0.088624727129060249 -0.67270238514827629 71.749130662851869 19.485563418043537 2367.5486603316022 14.206603326866686 0.068469317852979328 794.98651377861165 1180.6871536933222 21.774080964770366 -4.8576502431278117 2384.6572353769798 2506.4578026598238 958.34223172159761 47.391198554858455 41.336299734618102 50.589219896722824 0.75943547806755884 0.077577596428575424 -4.8216842378584479 -7.6135387347405858 1.4655604357272762 0.042602855704374602
decision_type=2 2 2 2 2 2 2 2 2 2 2 2 2 2 2 2 2 2 2 2 2 2 2 2 2 2 2 2 2 2
left_child=1 4 -3 -4 -1 -6 8 9 14 10 -8 12 13 -12 22 20 19 -18 -19 -17 21 -16 25 -24 -21 -7 27 28 -10 -28
right_child=-2 2 3 -5 5 6 7 -9 26 -11 11 -13 -14 -15 15 16 17 18 -20 24 -22 -23 23 -25 -26 -27 29 -29 -30 -31
leaf_value=0.035779651677313208 -0.028174042114990857 0.030558447564548855 -0.041617518996379464 0.005144519199928076 -0.037863860962957206 0.022773821425146983 0.0077508859904923261 -0.054322644998243109 0.034050509559156207 0.031581188213847464 -0.0029651391883033836 -0.068279435713180542 0.032062485557175523 -0.059439582160881903 0.032660415905007005 -0.06484202856434268 0.061661303540121976 -0.052079684595250211 0.040849155393039134 0.030707547063468517 0.070381740249630495 -0.029247811215593722 -0.054827752064027818 0.0038393394749258974 -0.02566657927155962 -0.029965325964081687 0.033382495753930132 -0.036831280991066806 -0.021908482354286777 0.0078550215092680672
leaf_weight=6.25005929917097 4.0966883450746527 20.038759112358093 7.6313075125217429 41.456449039280415 7.1561013460159293 7.9157696142792719 13.978927642107008 4.8121383339166632 6.8304651528596896 4.742213323712348 9.1891021728515678 4.9217865616083136 4.420982599258422 6.0170034468173972 7.9399954974651354 6.863167971372607 5.03805087506771 6.2209530770778638 4.4769672304391861 4.4614899903535834 4.1509875357151023 4.8618005812168121 11.469170399010183 5.1463918238878241 8.1850716173648816 4.501206211745739 16.038646191358566 6.8666748329997054 6.4075299799442291 48.189393773674965
leaf_count=37 20 98 34 200 35 40 66 22 32 21 43 25 21 26 36 32 27 26 21 20 23 24 59 25 41 21 86 32 31 236
internal_value=0 0.000433788 0.00734929 -0.00212523 -0.00167165 -0.00273176 -0.001555 -0.0121147 0.00151168 -0.00742062 -0.0122212 -0.0235939 -0.0123884 -0.0253119 -0.00619164 0.00116335 -0.0098893 0.0107745 -0.0131899 -0.0265561 0.0241424 0.00914923 -0.0194154 -0.0366566 -0.00577875 0.00365566 0.00893167 -0.00799351 0.00696492 0.0142296
internal_weight=0 296.179 69.1265 49.0878 227.052 220.802 213.646 48.0822 165.564 43.27 38.5278 24.5489 19.6271 15.2061 81.231 52.1985 35.2457 15.736 10.6979 19.5097 16.9528 12.8018 29.0325 16.6156 12.6466 12.417 84.3327 20.1047 13.238 64.228
internal_count=1460 1440 332 234 1108 1071 1036 224 812 202 181 115 90 69 395 250 167 74 47 93 83 60 145 84 61 61 417 95 63 322
is_linear=0
shrinkage=0.05


Tree=44
num_leaves=31
num_cat=0
split_feature=7 0 1 5 0 7 0 6 1 2 1 1 6 3 2 5 1 7 1 0 6 6 5 7 5 3 2 1 0 1
split_gain=1.26662 1.29294 1.94841 3.32129 1.99895 1.62952 1.08287 1.3044 3.5521 2.59516 1.90587 4.86133 4.3129 3.09364 7.41503 2.67586 2.54836 3.02919 2.3695 2.49615 1.78313 4.56747 3.25099 4.05897 3.1416 4.02157 2.85088 4.06534 6.65927 5.37549
threshold=12.127146431032605 36.395919409487696 -17.024683695001382 769.05428620736473 33.1626261718568 28.539582931265201 78.15596550595383 0.1455885793683519 17.527137262494026 16.210347215411819 29.010199327274908 23.245120384373426 0.08746534745543337 2979.697204013492 -8.2158313732508059 2402.1336623815955 -10.480068199543267 31.092086817753927 -6.2086286422916137 51.287688610574101 0.10322140491794844 0.099165187147324335 739.92952905185302 27.019011802385126 353.60642875520358 359.31934057341078 6.6349076347455433 17.098143980619174 66.230370668137795 7.2129729694610498
decision_type=2 2 2 2 2 2 2 2 2 2 2 2 2 2 2 2 2 2 2 2 2 2 2 2 2 2 2 2 2 2
left_child=-1 2 -2 5 -5 -4 7 9 -9 10 11 13 -12 15 -15 16 17 -3 -17 -20 21 24 23 -22 -18 -26 27 28 29 -27
right_child=1 6 3 4 -6 -7 -8 8 -10 -11 12 -13 -14 14 -16 18 20 -19 19 -21 22 -23 -24 -25 25 26 -28 -29 -30 -31
leaf_value=0.031960881541415929 0.043866750278971911 0.047915368625566591 0.0093123764223028132 -0.040741010634583741 0.0068049826848292465 0.052149598972990811 -0.026729403333626486 0.04573404460451954 -0.0090809088204602175 -0.041625405918973894 -0.023241315029985398 -0.044985115000211434 0.042208011280784455 -0.019387758825917041 0.069228767488329443 -0.041723923146706289 0.034134360531780129 -0.0074057672520277231 0.021316261658618316 -0.028716867932734189 0.041972110753911648 0.05285793543250579 -0.038211087656042968 -0.018223457758787805 -0.039379032770069156 -0.0018801231078276689 -0.034429111930524954 0.048064110023859477 -0.030595110581247288 0.024111348484370219
leaf_weight=3.0760427415370932 3.8076962679624584 5.7665074765682203 6.0626740083098429 4.5235348790884 4.323449894785881 3.5025802329182625 4.1020511090755454 5.3214559108018857 6.6473095118999481 3.9861358553171149 3.8703937456011754 6.3725515007972708 7.1987681835889816 4.4833344668149948 4.9857399910688383 7.5783239603042629 6.0936218723654738 4.3344542384147644 4.8043942525982839 5.1812038347125053 4.117766439914706 4.0087093934416762 8.9437272697687131 8.7538216859102231 7.0479920059442511 108.21758449822664 6.0580139756202689 4.372025564312934 16.711550697684288 24.373135633766651
leaf_count=18 18 29 29 20 20 21 20 28 31 18 20 30 34 21 28 36 36 20 22 26 21 20 42 41 35 530 27 21 76 122
internal_value=0 -0.000290341 0.0113085 0.00457542 -0.0175057 0.0249984 -0.00123325 -0.000844784 0.0152905 -0.00159546 -0.000965452 -0.00189268 0.0193233 -0.000728257 0.0272714 -0.00189952 -0.000322834 0.0241763 -0.0206431 -0.00464431 -0.00156827 9.51558e-05 -0.0150556 0.00103378 -0.00112834 -0.00241673 -0.000785811 0.000540445 -0.000851192 0.00289769
internal_weight=0 295.551 22.2199 18.4122 8.84698 9.56525 273.331 269.229 11.9688 257.26 253.274 242.204 11.0692 235.832 9.46907 226.363 208.799 10.101 17.5639 9.9856 198.698 176.883 21.8153 12.8716 172.874 166.78 159.732 153.674 149.302 132.591
internal_count=1460 1442 108 90 40 50 1334 1314 59 1255 1237 1183 54 1153 49 1104 1020 49 84 48 971 867 104 62 847 811 776 749 728 652
is_linear=0
shrinkage=0.05


Tree=45
num_leaves=31
num_cat=0
split_feature=7 0 2 2 0 5 1 1 1 3 2 2 2 4 2 1 3 6 3 0 1 7 3 7 5 6 7 5 5 0
split_gain=1.15363 1.25045 1.04206 2.09403 1.89912 1.63096 4.04383 2.37384 3.63146 3.7703 1.86528 2.34521 2.73945 2.77288 3.50259 3.17565 3.94486 2.66778 4.74431 2.15122 1.82175 4.60435 4.24386 1.88735 4.5884 4.49007 3.9381 3.18349 4.23666 2.83462
threshold=12.127146431032605 31.665262127436922 -9.1370834480862211 -5.9377736580518912 47.391198554858455 3146.7355161921746 36.836749499248306 29.010199327274908 23.067219596891054 2979.697204013492 -4.8014756586976866 -4.0894042769825782 -2.4348514791639579 2384.7375733727895 1.891736344573052 -9.961621299394265 1148.763744429883 0.04646785643141961 710.13047253248999 39.42211257797063 15.035712437010774 33.181286388424517 691.35023208031328 23.39640172839675 737.39875129686573 0.049535515566390777 21.735227154706827 360.62100238242039 539.0993811997115 58.291049009896511
decision_type=2 2 2 2 2 2 2 2 2 2 2 2 2 2 2 2 2 2 2 2 2 2 2 2 2 2 2 2 2 2
left_child=-1 -2 -3 4 -4 6 7 8 9 10 -5 -12 17 15 -15 16 -14 -13 -19 -20 23 -22 -23 26 25 -25 -17 -27 -29 -26
right_child=1 2 3 5 -6 -7 -8 -9 -10 -11 11 12 13 14 -16 20 -18 18 19 -21 21 22 -24 24 29 27 -28 28 -30 -31
leaf_value=0.030641375192823631 0.025412196982783325 -0.019096529858370175 0.0069032658248156104 -0.024332223245578887 0.051727663645999067 0.024236824155171938 -0.047067961973825984 0.026922470425935815 -0.037947475445412049 0.047324295402867991 0.029185368708310011 0.015723710530302738 0.061025260755479996 0.0045687893890144554 -0.052644528939991345 -0.0011728938260748792 -5.9200630119444337e-05 0.010654348131844063 -0.065119676995747985 -0.025437211836969887 0.052053690468748692 0.036967993571861618 -0.025150306277467224 0.040829693413574536 -0.014780107044430954 0.028420536195264134 0.027154342639645831 -0.032775359182689742 0.0063604621996859725 -0.057795426669467909
leaf_weight=3.0487900227308264 4.6629778295755377 7.4887006133794776 7.3123199343681318 8.5860280841588956 3.4911780431866646 6.2261895090341559 4.812499724328517 7.4927141293883315 6.7025233954191199 4.029045805335044 6.4256284162402144 5.1228018850088146 4.9643789604306203 5.3150743544101697 5.3856751620769501 92.575187049806118 5.6525518596172333 6.5973278805613544 5.5017979741096488 9.0055402442812902 5.8135597109794643 4.3502479642629606 7.4725285321474075 5.8644884303212157 10.085335463285448 5.4146929383277884 14.143793940544127 14.042021811008455 13.625668451189993 6.1747910529375067
leaf_count=18 24 35 35 42 24 32 23 37 33 21 30 27 27 24 27 453 27 35 25 43 29 20 35 32 45 27 72 65 64 29
internal_value=0 -0.000274201 -0.000687683 -0.000199145 0.0213884 -0.00105853 -0.00165249 -0.000812979 -0.00163486 -0.000646083 -0.00144435 -0.000602856 -0.00144566 0.000538582 -0.0242266 0.00193204 0.0285033 -0.0166433 -0.0244998 -0.0404865 0.000360963 0.0156212 -0.00229358 -0.00130112 -0.00880631 0.000507537 0.0025814 -0.00664034 -0.0135019 -0.0311152
internal_weight=0 294.337 289.674 282.186 10.8035 271.382 265.156 260.343 252.851 246.148 242.119 233.533 227.107 200.88 10.7007 190.179 10.6169 26.2275 21.1047 14.5073 179.562 17.6363 11.8228 161.926 55.207 38.9469 106.719 33.0824 27.6677 16.2601
internal_count=1460 1442 1418 1383 59 1324 1292 1269 1232 1199 1178 1136 1106 976 51 925 54 130 103 68 871 84 55 787 262 188 525 156 129 74
is_linear=0
shrinkage=0.05


Tree=46
num_leaves=31
num_cat=0
split_feature=0 1 5 2 0 1 6 1 3 7 7 1 7 1 1 7 6 7 6 1 7 2 2 6 1 7 7 2 2 7
split_gain=1.12863 2.94242 2.69489 2.59239 1.48834 1.44503 1.22047 3.73822 4.46544 4.13658 3.57163 2.71779 2.65786 1.94994 2.50697 3.91964 3.27176 6.15073 4.01513 5.93548 4.43455 6.98716 3.67994 4.51631 3.09542 2.90547 4.42697 5.9996 4.65381 3.87982
threshold=37.188766596299068 -18.422650975832422 769.05428620736473 -1.6150381713868185 35.084991086481146 -15.988330291014107 0.044213809053986301 1.7722931702511462 763.74664617650444 23.827023557592387 16.96805842792558 4.7516964200223706 14.608455988751343 -10.480068199543267 2.140012585098646 16.169627286619868 0.074532817970536028 23.234079066352642 0.096224735492367749 15.035712437010774 31.19432915082395 8.1729994628838085 2.8776717107303029 0.090716362122076108 -0.84739625487168257 27.019011802385126 21.61633729815377 -0.8583337294505039 0.53727185417474488 17.410186170333251
decision_type=2 2 2 2 2 2 2 2 2 2 2 2 2 2 2 2 2 2 2 2 2 2 2 2 2 2 2 2 2 2
left_child=1 -1 3 -3 -4 -2 7 8 12 11 -10 -9 -7 -8 24 -16 -17 22 19 -19 21 -20 -18 -24 25 26 27 -15 29 -29
right_child=5 2 4 -5 -6 6 13 9 10 -11 -12 -13 -14 14 15 16 17 18 20 -21 -22 -23 23 -25 -26 -27 -28 28 -30 -31
leaf_value=0.047306829918150231 -0.020740904924247395 0.040789288094603131 -0.030860168297878101 -0.0085502379652162928 0.0051693276057156812 -0.02855662346514003 0.024256020939686079 -0.055080906828865732 0.063279075762721335 0.024222527247321185 0.0083724947993173877 -0.007085448103006653 0.017413515436985931 -0.03914354182634338 0.028324324073785018 -0.01201715603173199 0.048835780373365632 -0.04378902441882726 0.057990332317421456 0.015121402546597114 -0.0076166385589533057 -0.018685850789158052 0.047161634724341241 -0.015002071251745394 -0.027114932143054604 -0.02501512259868377 0.023162343596243112 0.074522247287174284 -0.018941287271291331 0.0071385382729225151
leaf_weight=4.3796084821224239 8.9036440849304181 6.402039140462878 6.2530222088098508 4.5574489906430236 5.2922183126211166 5.1526072621345547 6.9525106847286215 4.9741568863391894 7.4048877060413343 5.9473701417446128 4.9361926913261414 7.2465742006897926 8.0669935420155507 10.761192992329596 12.329284697771071 44.687879607081413 10.336810663342478 12.074981644749643 7.9577880650758726 6.6198106259107581 22.421241998672485 4.7413409799337387 4.6935123950242978 7.7402519285678864 19.451526962220669 12.731332078576086 15.914484232664107 3.4890753850340896 8.1208677217364293 5.509265623986721
leaf_count=21 42 34 28 24 25 24 35 23 41 30 26 38 48 52 62 215 52 57 41 31 106 21 27 37 94 57 82 21 38 28
internal_value=0 0.0098102 0.00251304 0.0202717 -0.0143446 -0.00093386 -0.000256255 0.00736289 0.0196879 -0.00997716 0.0413175 -0.0266209 -0.000504278 -0.00179494 -0.00265914 0.00146472 -0.00126596 0.00500738 -0.00420972 -0.0229289 0.00575462 0.0293625 0.0267907 0.00846356 -0.00991073 -0.0039905 0.00212143 -0.00988899 0.00850052 0.0332663
internal_weight=0 26.8843 22.5047 10.9595 11.5452 269.166 260.262 43.7288 25.5607 18.1681 12.3411 12.2207 13.2196 216.533 209.581 133.603 121.274 76.5857 53.8152 18.6948 35.1204 12.6991 22.7706 12.4338 75.9777 56.5262 43.7949 27.8804 17.1192 8.99834
internal_count=1460 132 111 58 53 1328 1286 230 139 91 67 61 72 1056 1021 649 587 372 256 88 168 62 116 64 372 278 221 139 87 49
is_linear=0
shrinkage=0.05


Tree=47
num_leaves=31
num_cat=0
split_feature=0 6 0 1 6 6 6 5 5 3 1 0 2 1 6 7 3 2 7 3 1 1 1 6 6 6 6 1 0 1
split_gain=1.13101 1.4045 2.96361 3.87598 1.54104 6.53374 3.38881 2.96008 3.16556 2.57795 3.61329 2.29289 3.05122 3.19077 4.50853 2.75815 4.33184 4.66831 2.73461 4.30541 5.18571 4.49211 5.53029 2.70685 4.71635 2.85712 3.53795 3.03628 2.61716 2.56987
threshold=78.15596550595383 0.14026416824497093 55.133643304761712 18.627497135572757 0.10220622895544255 0.094753948529806717 0.1085548693253728 353.60642875520358 361.97194270541075 792.48683463667328 4.5595828589551397 60.340845079812347 -0.67270238514827629 -4.8216842378584479 0.072258024976986399 21.678963301844686 2384.6572353769798 -6.1320283039568286 17.457468789682085 1335.2013813348804 15.035712437010774 8.4670158276759384 5.0102966199622765 0.042602855704374602 0.074264605728801669 0.045265028746474617 0.063497888595744151 -1.0958829178263725 64.450665275858512 8.7812577565690635
decision_type=2 2 2 2 2 2 2 2 2 2 2 2 2 2 2 2 2 2 2 2 2 2 2 2 2 2 2 2 2 2
left_child=1 4 -3 -4 5 7 -6 -1 -9 10 -7 12 15 14 -14 -10 17 -17 29 20 21 22 -20 -15 25 -25 27 -27 -21 -13
right_child=-2 2 3 -5 6 9 -8 8 11 -11 -12 18 13 23 -16 16 -18 -19 19 28 -22 -23 -24 24 -26 26 -28 -29 -30 -31
leaf_value=0.033287968023382922 -0.026087719137903888 0.048676010970138621 0.031980007007860432 -0.028163617059309122 -0.040025957325833826 -0.014536298835510353 -0.001835544876385895 -0.035061827927513181 -0.014003071681347705 0.055483103932859094 0.04890614118662813 -0.013829523530566774 0.0037705155508744067 0.032009168006566516 -0.053192103501213464 0.055992494619452229 0.045629938907273765 -0.0083756346890207223 -0.03269939689478301 -0.076291633799568367 0.0364348359026943 -0.042596384638399792 0.02961338586944114 -0.041686404581882663 0.031489681786808311 0.03527806250117909 -0.026205821783252398 -0.0027846328534852985 -0.022194931029472047 0.037154216602837561
leaf_weight=6.0564520731568328 4.0833794102072707 4.6077149733901015 5.1564403027296049 5.5751533657312393 7.5256779491901389 4.8825819268822652 25.459841296076775 7.0693256556987754 42.136627919971943 6.7407094016671172 4.1534835249185562 4.7132466137409192 15.599636457860464 15.649450607597833 4.4688424170017234 3.1090406179428092 5.4907889589667311 29.968323327600956 6.6212246567010933 4.1016286537051183 5.5080086439847937 10.207835778594015 7.703251451253891 4.0674564391374579 14.831479065120218 9.1443468183278984 7.617852419614791 12.269374832510957 4.9148204550147057 5.1969745457172394
leaf_count=37 20 25 24 27 34 26 124 35 208 33 21 21 76 86 20 18 28 147 29 20 27 49 36 21 76 47 36 58 25 26
internal_value=0 0.000410906 0.0151357 0.000734887 -0.000409813 0.000970888 -0.0105487 -0.00119667 -0.00214433 0.0320821 0.0146254 -0.00105346 0.00177603 0.00846777 -0.0089139 -0.00515978 0.00450173 -0.00232548 -0.0105504 -0.0165023 -0.00740752 -0.017251 0.000810452 0.0139541 0.00805913 -0.00243997 0.00305864 0.0134694 -0.0468038 0.0129066
internal_weight=0 290.548 15.3393 10.7316 275.208 242.223 32.9855 226.446 220.39 15.7768 9.03607 213.32 164.353 83.6484 20.0685 80.7048 38.5682 33.0774 48.967 39.0568 30.0403 24.5323 14.3245 63.58 47.9305 33.099 29.0316 21.4137 9.01645 9.91022
internal_count=1460 1440 76 51 1364 1206 158 1126 1089 80 47 1054 821 420 96 401 193 165 233 186 141 114 65 324 238 162 141 105 45 47
is_linear=0
shrinkage=0.05


Tree=48
num_leaves=31
num_cat=0
split_feature=0 7 6 6 2 1 1 6 3 2 3 4 2 2 6 1 2 1 6 6 7 1 1 0 2 1 7 7 0 5
split_gain=1.17144 1.06383 1.02697 4.28185 2.31641 1.49192 4.27568 3.69658 1.91602 7.46858 1.72752 3.08918 2.90351 3.03214 3.44499 3.18566 3.12874 2.92384 2.88431 2.46191 2.45211 5.37374 2.92134 3.49983 3.14937 2.62007 5.19201 3.60483 2.41669 2.24
threshold=31.665262127436922 12.127146431032605 0.16559044041314427 0.1455885793683519 16.210347215411819 29.010199327274908 23.245120384373426 0.08746534745543337 2979.697204013492 -8.2158313732508059 2418.018842487505 2398.364508553515 -7.3649882703955143 -2.4348514791639579 0.059785207595828983 -7.2562748143798208 -3.5045780858684012 19.165762278575531 0.097011029392899364 0.05069166686971769 41.14399290337078 15.035712437010774 9.4390524623784717 60.340845079812347 2.7990262140624345 7.2129729694610498 26.275215358814645 32.329847617688166 51.287688610574101 926.25914335342361
decision_type=2 2 2 2 2 2 2 2 2 2 2 2 2 2 2 2 2 2 2 2 2 2 2 2 2 2 2 2 2 2
left_child=-1 -2 3 4 5 6 8 -7 10 -10 11 12 -3 14 -14 16 -16 20 -17 28 21 22 25 -24 -25 27 -27 29 -12 -15
right_child=1 2 -4 -5 -6 7 -8 -9 9 -11 19 -13 13 17 15 18 -18 -19 -20 -21 -22 -23 23 24 -26 26 -28 -29 -30 -31
leaf_value=0.025015699279988587 0.029444846996726882 0.047445641262959366 -0.019478283024385017 0.039328586846006527 -0.039299501159046818 -0.022071635292384685 -0.042294152209474349 0.039229139232005932 -0.020291033139045234 0.067239114544701634 0.023911660595143425 0.037861090881127137 0.0078600505385882768 0.0016213568253424045 0.032348628995390455 -0.024602791524448865 -0.030219402397532399 0.041821774279226009 -0.070274409551339831 -0.047947211831957631 -0.031624565573037021 0.054649947966109329 0.011185801943041203 -0.058230196464275068 -0.0083932697662171072 0.043977505493994644 -0.014282636024480606 0.033513995177921592 -0.026886011528118682 -0.013556766469483865
leaf_weight=4.6223362609744063 2.9639794006943694 3.0417773947119704 7.0742673203349105 6.6906837150454512 3.9235975295305243 3.7976603060960752 6.2263515368103972 6.9782106429338455 5.1219136267900467 4.6491226926445943 4.3354711160063726 5.2155742347240439 11.473807737231253 91.840669624507427 3.9759289175271988 12.449118532240396 4.0164472907781592 4.2624740302562705 4.7858811169862738 4.6603704690933219 5.955408200621604 4.5457457453012458 6.4405179917812374 6.5384790599346143 6.1532812118530273 9.7068249285221118 6.310050204396247 7.402919888496398 5.0905658304691315 33.057780437171459
leaf_count=24 18 16 35 35 18 20 30 34 24 28 21 25 58 466 20 64 20 21 23 22 27 23 33 31 30 48 29 38 26 153
internal_value=0 -0.000355892 -0.000665035 -0.000187406 -0.00115958 -0.000601269 -0.00136474 0.0176254 -0.00034956 0.0213564 -0.00122865 -0.000175089 -0.00106887 -0.00174297 -0.0148546 -0.0251856 0.000906015 0.000897955 -0.0372851 -0.0182196 -8.22922e-05 0.00100987 -0.000446291 -0.0188342 -0.034068 0.00192565 0.0210252 -0.000386607 -0.00352181 -0.00239595
internal_weight=0 288.685 285.721 278.647 271.956 268.032 257.256 10.7759 251.03 9.77104 241.259 227.173 221.957 218.915 36.7012 25.2274 7.99238 182.214 17.235 14.0864 177.952 171.996 167.451 19.1323 12.6918 148.318 16.0169 132.301 9.42604 124.898
internal_count=1460 1436 1418 1383 1348 1330 1276 54 1246 52 1194 1125 1100 1084 185 127 40 899 87 69 878 851 828 94 61 734 77 657 47 619
is_linear=0
shrinkage=0.05


Tree=49
num_leaves=31
num_cat=0
split_feature=0 0 6 0 1 6 6 6 5 5 2 0 5 7 3 1 1 1 0 1 3 1 6 1 1 0 3 5 3 3
split_gain=1.06638 0.995733 1.2911 2.73435 3.50492 1.80723 5.78943 3.0003 2.70709 2.86796 2.27111 2.48683 2.61177 2.50085 3.79294 4.64722 3.54619 4.47395 2.42206 2.31609 2.26068 3.30044 2.12661 4.63157 3.59046 5.11572 2.59531 2.07609 3.13488 4.35781
threshold=31.665262127436922 78.15596550595383 0.14026416824497093 55.133643304761712 18.627497135572757 0.10220622895544255 0.094753948529806717 0.1085548693253728 353.60642875520358 361.60686997521208 -9.1370834480862211 60.340845079812347 3070.2111125447104 17.457468789682085 1335.2013813348804 15.035712437010774 8.4670158276759384 5.0102966199622765 64.450665275858512 8.7812577565690635 792.48683463667328 4.5595828589551397 0.043605844363112677 -5.6763904249933423 0.75943547806755884 52.832379707281014 538.3354705795474 378.3692104196121 381.44316624487902 388.03345616055043
decision_type=2 2 2 2 2 2 2 2 2 2 2 2 2 2 2 2 2 2 2 2 2 2 2 2 2 2 2 2 2 2
left_child=-1 2 5 -4 -5 6 8 -7 -2 -10 -11 12 22 19 15 16 17 -15 -16 -13 21 -8 23 -12 26 -26 -25 -24 -29 -30
right_child=1 -3 3 4 -6 7 20 -9 9 10 11 13 -14 14 18 -17 -18 -19 -20 -21 -22 -23 27 24 25 -27 -28 28 29 -31
leaf_value=0.023969886532193396 0.031867978476003173 -0.024927801191240304 0.046844813150089634 0.030317888902194098 -0.02720882036073053 -0.040087771376869419 -0.013612381314074435 -0.0035929604296786651 -0.03645790685805874 -0.033193285965305262 -0.020462248028009247 -0.013101460376723712 0.041144523166696256 -0.031178779987183283 -0.073589411351228984 0.034507317128306313 -0.039509571400734154 0.02475937455896764 -0.021014331756921897 0.035548456093653057 0.053187436324300855 0.047420921660106467 -0.025353859567165946 0.014702655278337407 -0.038965420333766071 0.026713674474610469 0.056231351890936226 0.038063941245407316 -0.047414883041696665 0.00055800378021203469
leaf_weight=4.5838115960359564 5.9714882299304 4.0587991252541533 4.5096358358860007 5.0855697989463788 5.5235527753829956 7.3090687394142178 4.8582031652331334 24.540610261261463 5.9612831920385352 5.4323689043521872 8.4025242179632169 4.6959649920463544 4.2851916700601569 6.5918495208025032 3.9994028061628324 5.3920964151620856 10.082743361592291 7.8090208768844604 4.8436473086476326 5.1069613546133041 6.379339672625064 4.0712384432554245 8.6387056857347471 6.6590223088860538 4.7325404956936818 7.937137670814991 8.6478598564863187 5.1819463670253745 4.9800324141979209 95.770725809037685
leaf_count=24 37 20 25 24 27 33 26 119 29 27 42 21 27 29 20 27 49 37 25 26 32 21 43 35 24 41 52 27 24 467
internal_value=0 -0.000338016 1.4154e-05 0.0142305 0.000367079 -0.000786997 0.000719201 -0.011968 -0.00133948 -0.00226115 -0.00128664 -0.000435982 0.00265224 -0.0103161 -0.0160278 -0.00751371 -0.0167681 -0.000845737 -0.0447922 0.0122433 0.0304551 0.0142148 0.00155952 0.0120915 0.0218687 0.00218038 0.0381649 -0.00178462 0.000137428 -0.00181326
internal_weight=0 287.459 283.4 15.1188 10.6091 268.281 236.431 31.8497 221.123 215.151 209.19 203.757 155.236 48.5217 38.7188 29.8757 24.4836 14.4009 8.84305 9.80293 15.3088 8.92944 150.95 36.3791 27.9766 12.6697 15.3069 114.571 105.933 100.751
internal_count=1460 1436 1416 76 51 1340 1188 152 1109 1072 1043 1016 782 234 187 142 115 66 45 47 79 47 755 194 152 65 87 561 518 491
is_linear=0
shrinkage=0.05


Tree=50
num_leaves=31
num_cat=0
split_feature=0 0 1 6 1 3 3 5 3 0 0 6 6 7 7 7 2 3 3 1 2 2 5 7 7 6 6 3 1 2
split_gain=1.06211 2.63333 2.53211 2.22404 2.16689 4.21666 3.60133 4.39044 3.8085 2.10434 2.30695 1.98186 3.80358 2.5463 6.03134 5.16344 4.7151 4.07417 2.74193 1.77153 1.74363 3.48735 4.68078 3.50001 5.30824 7.02246 5.32781 5.06756 5.67025 2.59593
threshold=49.120125225733268 49.740512185022716 7.7059002715061249 0.17174151728186801 -1.8914954688761723 791.18385036479481 354.69824290771629 372.11199355375476 383.54731403327202 43.169467896550238 46.757339928277638 0.12229144664221782 0.094753948529806717 26.275215358814645 21.735227154706827 16.896418431915496 -2.3490660371657208 1148.763744429883 920.8455879607144 -7.6135387347405858 1.0953989365317114 0.84989454014199328 372.11199355375476 38.48420034196365 27.817988957659868 0.068469317852979328 0.050507206019562247 2522.7188668061876 7.2129729694610498 1.2661698743030316
decision_type=2 2 2 2 2 2 2 2 2 2 2 2 2 2 2 2 2 2 2 2 2 2 2 2 2 2 2 2 2 2
left_child=2 -2 4 20 6 -6 -1 -8 -9 -7 -11 12 13 14 15 -10 -15 -18 -17 -16 21 22 -3 24 25 26 27 28 -24 -22
right_child=1 3 -4 -5 5 9 7 8 11 10 -12 -13 -14 16 19 18 17 -19 -20 -21 29 -23 23 -25 -26 -27 -28 -29 -30 -31
leaf_value=0.056254233588852093 -0.035589336612665827 0.034348695563671407 0.042738596608981862 -0.037962877648436172 -0.025327270003006604 -0.016201821253023243 -0.049100053573307781 0.040643811981176239 0.023937693818912514 0.04893991680953811 -0.00036979032619352726 -0.023563398300390535 0.031460326134018307 -0.063112674404060765 0.05302957563242619 0.0017929084250963862 0.024967043166633993 -0.033314002243213146 -0.047444493191353014 0.015096320288917935 0.041901014634877914 -0.039635610985995606 -0.01830156650644589 0.019827152206922469 -0.049335300722508642 0.028208192839796632 -0.045152613721092007 -0.046730129331140645 0.04499538316052016 0.0023679303579372331
leaf_weight=3.5049089565873137 5.7864262238144866 7.6144934967160216 4.0195818915963164 4.0343566536903372 17.312180936336521 4.6143540292978278 3.6489875614643088 7.5846700221300116 7.2780081778764787 4.8771862089633924 4.6178568750619888 6.2469955980777732 11.804610833525656 4.0451417267322567 6.5857232436537743 4.4755712822079641 6.7839860841631872 5.3740850389003754 7.6786519885063171 5.778432369232176 4.3630821406841269 7.0059496238827697 7.1087092906236702 9.9247647374868375 8.2450263500213605 11.300814568996428 11.300493761897085 4.6977636516094199 7.0441984087228775 86.045614555478096
leaf_count=22 30 42 21 22 90 21 17 40 36 24 22 31 62 18 34 24 37 25 36 28 23 35 37 47 41 57 56 24 37 421
internal_value=0 -0.00242328 0.00374631 -0.00128558 0.00234954 -0.00879172 0.00668272 0.00443463 0.00708751 0.0114973 0.0249584 0.00323423 0.00603345 -0.000219824 0.00800105 -0.00936932 -0.0163521 -0.000794222 -0.0293137 0.0353013 -0.000386898 -0.00606489 -0.00256685 -0.00728146 -0.0126952 -0.00540728 -0.0180065 -0.00173316 0.0132027 0.00427578
internal_weight=0 174.472 116.231 168.685 112.211 31.4216 80.7898 77.2849 73.6359 14.1094 9.49504 66.0512 59.8042 47.9996 31.7964 19.4322 16.2032 12.1581 12.1542 12.3642 164.651 74.2422 67.2363 59.6218 49.697 41.452 30.1512 18.8507 14.1529 90.4087
internal_count=1460 872 588 842 567 157 410 388 371 67 46 331 300 238 158 96 80 62 60 62 820 376 341 299 252 211 154 98 74 444
is_linear=0
shrinkage=0.05


Tree=51
num_leaves=31
num_cat=0
split_feature=0 7 0 4 6 0 0 6 5 4 2 1 0 7 5 3 7 1 1 0 2 1 6 6 5 1 3 6 7 0
split_gain=1.07737 0.972201 0.882105 4.00403 3.65672 3.30428 2.833 2.57433 2.50011 3.98612 3.5346 5.51595 5.09555 2.96643 6.7252 4.78835 2.37386 2.21317 3.72064 4.30841 3.32849 6.42593 2.09478 3.11847 3.64182 6.02919 4.04026 3.47552 3.16158 4.08191
threshold=31.665262127436922 12.127146431032605 54.186379671651302 349.04406753327402 0.14026416824497093 53.608460306458689 55.99336139575172 0.16559044041314427 1179.5621494761042 1141.5976062650063 0.71603169693086655 12.354798958864821 68.817002243583602 16.034147559637823 774.35139850135272 921.47159247073034 22.431123735771514 4.3835118970279163 8.4670158276759384 66.285507071961504 2.1401018918246146 17.098143980619174 0.030191815952423991 0.037123181482600451 378.3692104196121 -2.7443302003138679 381.44316624487902 0.11803610273716449 14.892390508903061 44.809120027373318
decision_type=2 2 2 2 2 2 2 2 2 2 2 2 2 2 2 2 2 2 2 2 2 2 2 2 2 2 2 2 2 2
left_child=-1 -2 3 -3 5 22 -4 8 9 13 -10 16 -13 -8 17 -16 -12 -15 19 -19 21 -20 -5 -24 25 -25 -26 28 29 -28
right_child=1 2 6 4 -6 -7 7 -9 10 -11 11 12 -14 14 15 -17 -18 18 20 -21 -22 -23 23 24 26 -27 27 -29 -30 -31
leaf_value=0.024146791526104258 0.028420591972928927 0.066095883881436737 -0.024427985474454461 -0.037296102518664241 0.045589428216729712 0.040839261609041833 0.032645139522982265 -0.032922935602543321 -0.03611859585283763 0.042524568411147656 -0.0097831703664014238 0.031925269206867266 -0.020536227458093803 -0.011717621350272142 -0.080367914585239564 -0.012726329106708054 -0.058317890523764231 0.055432991818089583 -0.046060052813309049 0.00263103022494842 0.030097157353020654 0.03125323253357043 0.024327026778336702 0.0055827868978554429 0.043178802928265411 -0.055983760688033173 0.0049974849474445464 -0.043327068961638841 0.0032071597728253695 -0.056663986142797142
leaf_weight=4.5625764578580847 2.90754760056734 2.3946641981601706 14.578500293195246 4.0437173694372168 4.4457384124398223 4.6886444166302672 7.2077195420861235 6.0030244365334502 9.3723912015557271 6.8925451040267935 5.7556974887847918 13.475514031946661 7.050240382552146 11.026982828974722 3.8780231177806845 8.0420673936605436 4.4805673658847809 8.6318980976939184 7.22056393325329 6.9931246638298026 5.469549983739852 4.2811294496059418 11.338126115500925 7.9002023339271537 5.2082064002752295 8.0068083703517896 5.4202359616756421 4.8387087658047667 87.827015690505505 5.316590242087841
leaf_count=24 18 19 72 23 25 24 35 31 47 33 29 71 34 50 18 39 20 46 33 34 28 21 61 38 29 41 28 24 438 27
internal_value=0 -0.000343817 -0.000640614 0.00195498 0.000924366 -0.000448976 -0.00365571 -0.00104018 0.000703271 0.00643136 -0.00923646 -0.00104616 0.0139057 0.00246691 -0.00144925 -0.0347325 -0.0310275 0.00764543 0.0141958 0.031801 -0.00201296 -0.0172827 -0.00183272 -0.000777166 -0.00306306 -0.0254068 0.000209378 -0.00195492 7.61296e-05 -0.0255356
internal_weight=0 284.696 281.788 151.429 149.034 144.588 130.36 115.781 109.778 69.6436 40.1344 30.762 20.5258 62.7511 55.5433 11.9201 10.2363 43.6232 32.5963 15.625 16.9712 11.5017 139.9 135.856 124.518 15.907 108.611 103.403 98.5638 10.7368
internal_count=1460 1436 1418 777 758 733 641 569 538 337 201 154 105 304 269 57 49 212 162 80 82 54 709 686 625 79 546 517 493 55
is_linear=0
shrinkage=0.05


Tree=52
num_leaves=31
num_cat=0
split_feature=0 0 6 0 2 1 1 6 3 2 2 4 6 6 6 0 0 6 5 5 1 7 7 3 3 3 5 3 4 6
split_gain=0.980636 0.90336 1.82386 3.55368 2.00663 1.26987 4.75895 3.13541 1.61372 6.66419 1.6445 2.10576 1.81484 3.52759 3.21574 2.16069 3.34363 2.33524 2.00543 2.69668 4.58474 5.31847 4.74916 4.00441 3.82761 9.80445 3.38206 3.29975 4.72554 5.18137
threshold=31.665262127436922 77.69649543185848 0.1455885793683519 57.829536770012844 16.210347215411819 29.010199327274908 23.245120384373426 0.08746534745543337 2979.697204013492 -8.2158313732508059 6.3426049295714071 1296.6555055165311 0.10322140491794844 0.099165187147324335 0.1085548693253728 41.634632377552116 56.748455475006828 0.12687005120266256 353.60642875520358 378.3692104196121 -2.7443302003138679 30.616012238086537 16.169627286619868 381.44316624487902 534.09142011082133 542.25652386067475 385.55563446078344 671.93832974069574 726.23224106984287 0.071791377635505763
decision_type=2 2 2 2 2 2 2 2 2 2 2 2 2 2 2 2 2 2 2 2 2 2 2 2 2 2 2 2 2 2
left_child=-1 2 4 -4 5 6 8 -7 10 -10 12 -12 13 18 -14 -16 -17 -18 -2 20 -20 22 -22 -21 26 -26 -25 -27 29 -29
right_child=1 -3 3 -5 -6 7 -8 -9 9 -11 11 -13 14 -15 15 16 17 -19 19 23 21 -23 -24 24 25 27 -28 28 -30 -31
leaf_value=0.023133291188324523 0.02978910735827971 -0.021322030513015428 0.061099049050998347 0.00082500894127689899 -0.036417989787483798 -0.020388946863845764 -0.045689867082082239 0.036777827559157504 -0.018653555882139277 0.065577685268825667 0.0018228710585148885 -0.047469336370364941 -0.048358166629329673 0.045170265129214036 0.018383004785813992 -0.051783790239254772 -0.02420803012437351 0.029443916478594675 0.021877123304002336 0.042846834443197833 0.00037303075749346086 0.020102305742181574 -0.062267829023277703 -0.0032083652202946691 0.070861727349839157 -0.02139004821216612 -0.060387645713314911 0.068492875596310204 -0.00062787309806324073 0.007696689649860422
leaf_weight=4.5253155902028075 5.7330801784992209 5.0326796844601622 3.5561146512627584 7.8297835737466812 3.893089070916175 3.6920936778187734 5.8111537694931021 6.8459894806146622 5.0704090446233749 4.373886398971079 4.4665544033050519 4.2078308463096619 5.0386302173137691 4.5500776916742316 7.1274251788854626 4.3030448034405699 4.0377906560897809 4.0750036537647247 6.1183474957942989 5.8047321513295165 4.3782273381948498 4.3830944076180449 9.7955460101366025 5.8102075159549695 5.0838493108749381 15.750641867518423 4.6604274660348892 5.3662145212292662 116.33433132618666 10.101790845394133
leaf_count=24 37 25 20 39 18 20 29 34 24 28 19 22 23 24 36 21 21 20 30 32 22 21 51 28 32 77 25 32 576 50
internal_value=0 -0.000327433 5.23638e-05 0.0196502 -0.000783946 -0.000256309 -0.000966358 0.016749 8.76798e-05 0.020356 -0.000719568 -0.0220881 9.18007e-05 0.00163927 -0.0127422 -0.00355966 -0.016156 0.00274099 0.000645544 -0.000217541 -0.0156575 -0.028033 -0.0429183 0.00203798 0.000585654 0.00259176 -0.0286586 0.000239559 0.00282434 0.0287883
internal_weight=0 283.232 278.199 11.3859 266.813 262.92 252.382 10.5381 246.571 9.4443 237.127 8.67439 228.452 203.871 24.5819 19.5433 12.4158 8.11279 199.32 193.587 24.6752 18.5569 14.1738 168.912 163.107 152.637 10.4706 147.553 131.802 15.468
internal_count=1460 1436 1411 59 1352 1334 1280 54 1251 52 1199 41 1158 1037 121 98 62 41 1013 976 124 94 73 852 820 767 53 735 658 82
is_linear=0
shrinkage=0.05


Tree=53
num_leaves=31
num_cat=0
split_feature=0 0 0 6 6 2 3 6 0 0 0 7 7 3 3 0 1 7 1 5 1 1 1 3 1 7 2 3 6 6
split_gain=0.861015 2.46632 3.07417 4.39167 2.95201 3.61004 4.0201 2.80289 3.20295 2.33597 2.32757 2.44346 5.21243 2.5647 3.36603 2.15168 2.14087 2.13247 1.90955 1.74466 3.75759 1.78828 2.64307 2.33557 1.85033 2.85656 3.08638 2.17711 5.22461 2.14839
threshold=49.120125225733268 43.667473531366376 41.742378063653142 0.066260138530329249 0.042602855704374602 -2.4029698689378689 385.48496554197908 0.079478838179253442 37.610915253536071 49.740512185022716 44.641511525233653 15.024489128789755 16.326502080116004 375.15937743237345 691.35023208031328 45.968176396691149 -4.0981762708749718 21.735227154706827 -6.1174051115558532 3151.3279257213885 36.836749499248306 29.010199327274908 20.446581377260319 1346.6829441204152 13.603418890748062 30.363032384756156 2.8776717107303029 693.95435182930805 0.12687005120266256 0.043605844363112677
decision_type=2 2 2 2 2 2 2 2 2 2 2 2 2 2 2 2 2 2 2 2 2 2 2 2 2 2 2 2 2 2
left_child=1 2 4 -4 -1 7 16 18 -9 -2 -3 -12 -13 -14 -15 -16 -7 -17 -6 20 21 22 24 -24 29 26 -26 -27 -29 -11
right_child=9 10 3 -5 5 6 -8 8 -10 19 11 12 13 14 15 17 -18 -19 -20 -21 -22 -23 23 -25 25 27 -28 28 -30 -31
leaf_value=-0.028210640746119731 -0.033650027662139495 0.043477870562550348 0.0016142582602474362 -0.04883668497159839 -0.045403440149172414 0.026808935309434009 0.042923712355762117 0.025948667683734519 -0.016090250720426327 0.011520165122073107 -0.024707415888939918 0.064608293495693844 0.047035383089459072 -0.040574057257020131 -0.023670080075596064 -0.0063610200555773173 -0.01938575872687558 0.035230508822717513 -0.0034040689732969596 0.026798323499360156 -0.04654597046105402 0.023996010935865657 -0.003645535027533816 -0.049179371176051832 0.0034917060761273638 0.027115790217323202 0.056437942727374582 -0.049530613138210305 0.02519382164587481 -0.0060361725231679502
leaf_weight=6.4426739066839209 5.7062831521034232 5.5922545418143264 9.9846860095858592 7.5943889170885077 5.3105011135339737 4.3429815620183945 11.775267727673052 10.624722570180895 7.8998295664787284 21.515068188309669 4.7209213711321345 4.3368399068713215 3.1690063104033497 4.3181195706129101 3.8886949419975307 5.101462393999098 5.9364760145545024 7.7846784219145775 5.5189517140388507 5.4156994223594657 4.6096364110708228 6.9792495146393767 5.9639545530080778 5.3357883840799332 5.2365953028202075 4.1919842511415473 5.8021847754716873 5.2391317486762983 4.2261120229959488 91.674623161554337
leaf_count=31 30 30 51 39 25 22 65 54 39 118 27 23 17 24 20 24 31 39 27 29 23 37 30 29 29 20 31 27 21 448
internal_value=0 0.00340433 -0.0018699 -0.0201812 0.00369428 0.00769268 0.0229786 -0.00379215 0.00802109 -0.00219457 0.0136284 0.00861855 0.0141198 0.00509496 -0.00120617 0.00892777 0.000131098 0.0187649 -0.0239995 -0.00111452 -0.00205477 -0.000741484 -0.00189876 -0.0251468 6.41684e-06 0.0124065 0.0313212 -0.00288174 -0.0161671 -0.00269907
internal_weight=0 114.342 75.4305 17.5791 57.8514 51.4087 22.0547 29.354 18.5246 171.896 38.912 33.3197 28.5988 24.262 21.093 16.7748 10.2795 12.8861 10.8295 166.19 160.774 156.165 149.185 11.2997 137.886 24.696 11.0388 13.6572 9.46524 113.19
internal_count=1460 588 384 90 294 263 118 145 93 872 204 174 147 124 107 83 53 63 52 842 813 790 753 59 694 128 60 68 48 566
is_linear=0
shrinkage=0.05


Tree=54
num_leaves=31
num_cat=0
split_feature=6 6 2 1 1 6 3 2 3 4 2 2 2 3 7 4 4 1 0 6 0 0 4 3 5 4 2 5 7 5
split_gain=0.910473 3.25076 1.82566 1.07201 3.20634 2.8908 1.67762 5.65066 1.63298 2.6942 2.6346 2.37825 2.4266 3.39338 4.11211 2.81053 4.41746 2.36087 2.45147 2.12365 2.16805 2.07738 2.28247 3.00149 3.54203 3.3671 2.98884 2.71623 5.52777 4.35726
threshold=0.16559044041314427 0.1455885793683519 16.210347215411819 29.010199327274908 23.245120384373426 0.08746534745543337 2979.697204013492 -8.2158313732508059 2418.018842487505 2398.364508553515 -6.8237834002071542 -2.4348514791639579 -2.8238135629561083 703.7558318275386 28.357955897318085 1236.0646782637882 792.99793820822549 19.165762278575531 75.148529561624258 0.05069166686971769 51.287688610574101 35.431682244981332 2377.5890618328472 1267.3947733701659 1179.5621494761042 1141.5976062650063 1.9979490634199537 937.59743840387375 16.896418431915496 907.5900605070417
decision_type=2 2 2 2 2 2 2 2 2 2 2 2 2 2 2 2 2 2 2 2 2 2 2 2 2 2 2 2 2 2
left_child=1 2 3 4 6 -5 8 -8 9 10 -1 12 13 -12 15 16 -15 18 21 20 -10 -13 23 24 25 27 -26 29 -29 -23
right_child=-2 -3 -4 5 -6 -7 7 -9 19 -11 11 17 -14 14 -16 -17 -18 -19 -20 -21 -22 22 -24 -25 26 -27 -28 28 -30 -31
leaf_value=0.040919470334135927 -0.018000035130500965 0.035738455888429568 -0.034520605296410121 -0.019849058055120314 -0.036853144527658699 0.035295090779562208 -0.013276087486939725 0.064520361611047156 0.022909481070356508 0.036411846698957112 0.028482216929113707 0.033123016175928256 -0.039831512390261115 -0.032327710726592254 -0.044484514193636679 -0.032604517344327323 0.031126421200045669 0.03904080815138182 -0.037948797435817999 -0.045148088443573695 -0.025741367180543862 -0.00083126828473782167 -0.036612409010233375 0.023967573772228246 -0.045064622304712004 0.031693177775794522 0.0020804942817958297 0.024045229455453912 -0.051221046749945737 0.035289823782415568
leaf_weight=3.8186471238732329 6.8256779536604872 6.3886363729834548 3.8522494733333579 3.6688513010740262 5.9224695116281501 6.7475747764110565 5.2958205044269562 4.1735847219824773 4.2376801744103414 5.1246364116668692 5.6672674268484142 5.0243205726146689 6.6298956274986258 3.9773988872766557 7.8266604691743842 5.0524524748325339 8.8361198902130109 4.0740816891193381 4.0419680476188651 4.5427727401256552 4.9823252633213997 108.74101304262877 4.0442205667495719 13.532358683645723 7.8339922577142698 8.8198031187057477 5.888832613825798 3.7872513234615308 6.8546042591333389 9.0432718694210035
leaf_count=21 35 35 18 20 30 34 25 28 21 25 33 27 36 20 40 25 42 21 18 22 26 564 19 72 35 43 28 21 31 45
internal_value=0 0.000483696 -0.000344227 0.000146679 -0.000488783 0.0158723 0.000366353 0.0210122 -0.000440244 0.000566705 -0.000255211 -0.000970956 -0.0123482 -0.00653781 -0.0142625 -0.00102296 0.0114298 0.00140797 0.000544746 -0.0171671 -0.00338056 0.00144116 0.000496723 0.00140904 -0.000613033 0.00180869 -0.0248334 -0.000243659 -0.0244351 0.00194205
internal_weight=0 278.431 272.042 268.19 257.773 10.4164 251.851 9.46941 242.382 228.619 223.494 219.676 37.9898 31.3599 25.6926 17.866 12.8135 181.686 177.612 13.7628 9.22001 173.57 168.545 164.501 150.969 137.246 13.7228 128.426 10.6419 117.784
internal_count=1460 1425 1390 1372 1318 54 1288 53 1235 1166 1141 1120 196 160 127 87 62 924 903 69 47 885 858 839 767 704 63 661 52 609
is_linear=0
shrinkage=0.05


Tree=55
num_leaves=31
num_cat=0
split_feature=7 6 0 0 0 2 2 1 3 7 6 6 6 6 5 5 5 1 3 7 7 2 3 3 3 5 6 7 0 6
split_gain=0.824666 1.4403 3.60032 3.32671 3.03551 3.3518 3.60087 3.90264 3.19691 5.74631 4.03504 4.75168 3.32176 3.12563 2.86641 2.11088 2.38873 4.18188 4.16025 3.72613 4.50444 2.82357 2.78989 9.55859 4.64511 5.25318 6.69851 3.45623 3.84059 3.94666
threshold=43.930990676881713 0.093386393735261489 33.1626261718568 35.676228782248934 37.610915253536071 -2.4029698689378689 -0.56875710827052062 4.6560411366135677 800.30912391684524 33.564210508194144 0.10220622895544255 0.11332135159700431 0.13203205227395148 0.13203205227395148 747.72377603216353 353.60642875520358 378.3692104196121 -2.8154500870950865 381.44316624487902 28.903765104736138 16.169627286619868 -11.286465102201374 534.09142011082133 543.7687813470003 691.35023208031328 735.57468483205128 0.076095261819599538 16.96805842792558 58.795524736435347 0.030191815952423991
decision_type=2 2 2 2 2 2 2 2 2 2 2 2 2 2 2 2 2 2 2 2 2 2 2 2 2 2 2 2 2 2
left_child=1 15 -3 -4 -5 14 -7 -8 9 -9 -10 -12 -13 -11 -6 -1 17 -17 -18 20 -19 -20 -23 -24 -25 26 -26 -27 29 -29
right_child=-2 2 3 4 5 6 7 8 10 13 11 12 -14 -15 -16 16 18 19 21 -21 -22 22 23 24 25 27 -28 28 -30 -31
leaf_value=0.02851976677748333 -0.017847567714329503 0.057042474183368753 -0.048346447908713314 0.056953711215373806 -0.04856073399004137 0.03847019042540456 -0.04609595218001649 0.063043129917045415 0.037580204257494781 -0.021064136159149625 -0.067752595763878085 0.036010257579642629 -0.025317428710842776 0.035355131162608286 0.0021746924194210918 0.026696294609985644 0.041464095042350033 0.00026233780174991322 -0.051898410431087255 0.011382732389958225 -0.061488315465962701 -0.026490840654125294 0.062437561947407121 -0.029602933791525565 0.07016536895071214 0.011359210384041548 -0.0088727355701171823 -0.051109658333408227 -0.022843772421026056 0.0020371194841185877
leaf_weight=5.6729332692921153 6.2998679876327506 3.3938691765069953 2.8772661313414565 2.8606557548046103 4.9852182269096357 9.0346019864082248 3.6145007014274659 6.052457362413409 3.9545399025082615 6.1199416220188123 3.7285382002592078 3.673758886754511 5.5339697897434235 4.0990500152111053 6.3046471253037453 4.2484803348779705 5.7151570394635192 4.3642637133598354 2.7769029438495627 4.417029842734336 9.1342117637395841 10.175756022334097 5.9996973425149909 13.773706533014773 5.9080649614334089 35.915725618600845 4.9072731137275696 3.6827352792024604 26.957532800734043 67.851917259395123
leaf_count=37 30 20 14 13 27 46 17 33 21 28 17 18 29 21 34 22 32 22 16 22 48 52 37 67 34 186 24 22 137 334
internal_value=0 0.000446651 0.00688095 0.00417179 0.00669187 0.00417386 0.0101876 0.00323967 0.00861698 0.024434 -0.00662009 -0.0201319 -0.000848513 0.00156681 -0.0202283 -0.00156829 -0.00239756 -0.0179032 -0.000526399 -0.0284795 -0.0415234 -0.001875 -0.00108201 0.00048502 -0.00185274 0.00077923 0.0343032 -0.00191833 -0.00676006 -0.000698974
internal_weight=0 277.734 66.233 62.8391 59.9619 57.1012 45.8114 36.7768 33.1623 16.2714 16.8908 12.9363 9.20773 10.219 11.2899 211.501 205.828 22.164 183.664 17.9155 13.4985 177.949 175.172 164.997 158.997 145.223 10.8153 134.408 98.4922 71.5347
internal_count=1460 1430 338 318 304 291 230 184 167 82 85 64 47 49 61 1092 1055 114 941 92 70 909 893 841 804 737 58 679 493 356
is_linear=0
shrinkage=0.05


Tree=56
num_leaves=31
num_cat=0
split_feature=0 6 6 2 1 1 6 3 2 5 2 3 4 2 6 1 1 3 1 0 3 6 3 2 0 7 4 1 1 7
split_gain=0.886142 0.831997 2.95637 1.53017 1.04026 2.81438 2.55945 1.36205 5.75586 1.48336 2.22262 1.67639 1.43041 2.81123 3.70117 2.53149 2.33826 3.59461 2.88365 2.25033 2.0117 2.31591 1.99733 1.74573 1.63308 1.65837 4.7476 4.19775 3.50538 3.83577
threshold=31.665262127436922 0.16559044041314427 0.1455885793683519 16.210347215411819 29.010199327274908 23.245120384373426 0.08746534745543337 2979.697204013492 -8.2158313732508059 2465.8651678667543 -6.3701928190467623 2543.2141258250058 2398.364508553515 -2.4348514791639579 0.059785207595828983 -7.2562748143798208 13.603418890748062 1169.4206142249197 10.899052952612466 62.798818160752347 703.7558318275386 0.069592364724569186 697.3174840340256 -3.0430016249280691 35.431682244981332 23.39640172839675 1158.3429985655573 -9.961621299394265 7.3430420880598044 21.527163898259765
decision_type=2 2 2 2 2 2 2 2 2 2 2 2 2 2 2 2 2 2 2 2 2 2 2 2 2 2 2 2 2 2
left_child=-1 2 3 4 5 7 -6 9 -9 10 -2 -11 13 14 23 -16 18 22 24 -20 -17 -22 -18 -12 -15 28 27 -27 29 -26
right_child=1 -3 -4 -5 6 -7 -8 8 -10 11 12 -13 -14 16 15 20 17 -19 19 -21 21 -23 -24 -25 25 26 -28 -29 -30 -31
leaf_value=0.022281731412458795 0.033219090345870873 -0.017633095715404494 0.034042277002718578 -0.032101330766981608 -0.018397376219681929 -0.035183284741646788 0.033877476949767719 -0.016741642224239559 0.063632193436473736 -0.040574546252485702 0.028508051446747135 -0.0019983080465118402 0.021763349743664985 0.033550660316878984 -0.001909518340791682 -0.0094906717645979709 0.031630446817307568 0.047736468479937927 -0.0061191612137479817 -0.055687207804480714 -0.021914763800396267 -0.068749544093374818 -0.014421377126621946 -0.011482881483029846 -0.0036660182272929553 0.054742931884200402 -0.040985360836506196 -0.0047229089456028751 0.032536055077478719 0.025563463150277646
leaf_weight=4.40875419974327 4.9617499634623519 6.7638391256332389 6.2743965089321128 3.8195317834615699 3.6223678141832334 5.8338878303766242 6.6222089007496834 5.0055471956729889 4.0136109590530378 4.8654967471957189 5.6723783314228058 6.6867716610431671 6.9117395654320708 3.7415446341037741 7.2961578592658034 4.4810209646821049 3.5084995776414889 6.5714181736111632 5.2500106468796712 4.0607753098011017 4.5137243345379812 6.3568634316325188 7.1583028435707092 5.2590318322181684 73.2742053642869 3.2015246450901023 8.6129235923290235 40.635480001568794 9.6814429908990842 13.254344284534453
leaf_count=24 28 35 35 18 20 30 34 24 28 25 28 31 36 20 37 25 17 38 29 20 22 34 36 29 375 18 40 204 49 71
internal_value=0 -0.000311663 0.000120425 -0.000683128 -0.000223441 -0.000861341 0.0153937 -4.3989e-05 0.0190255 -0.0007729 0.000126592 -0.0182456 -0.000621657 -0.00134965 -0.0146248 -0.0261575 0.00114137 0.0186469 -0.000724682 -0.0277376 -0.0376818 -0.0493026 0.000725881 0.00926867 0.000925641 0.000104519 -0.00704788 -0.000379972 0.00400372 0.00081132
internal_weight=0 277.911 271.147 264.873 261.053 250.808 10.2446 244.975 9.01916 235.955 224.403 11.5523 219.441 212.53 33.5792 22.6478 178.95 17.2382 161.712 9.31079 15.3516 10.8706 10.6668 10.9314 152.401 148.66 52.4499 43.837 96.21 86.5285
internal_count=1460 1436 1401 1366 1348 1294 54 1264 52 1212 1156 56 1128 1092 175 118 917 91 826 49 81 56 53 57 777 757 262 222 495 446
is_linear=0
shrinkage=0.05


Tree=57
num_leaves=31
num_cat=0
split_feature=0 6 0 2 7 7 1 2 3 3 4 0 1 1 5 7 3 0 3 1 2 0 6 2 7 6 6 3 0 1
split_gain=0.838633 1.30878 3.26948 1.42169 0.964941 8.06091 3.76509 3.41534 4.15263 5.28538 5.73441 3.85395 3.40192 3.37012 3.19798 2.13061 2.42354 6.51402 3.17956 2.78298 2.80184 2.27305 2.22528 3.60377 3.24704 7.11932 3.14386 3.61299 1.95069 6.04581
threshold=77.69649543185848 0.1455885793683519 57.829536770012844 16.210347215411819 21.678963301844686 22.431123735771514 23.067219596891054 -0.8583337294505039 791.18385036479481 1226.1473601279704 2474.7514662332155 41.742378063653142 0.75943547806755884 29.010199327274908 360.62100238242039 13.185569182042343 388.03345616055043 51.287688610574101 375.15937743237345 -4.8216842378584479 0.023906517186445698 47.561710375846665 0.043605844363112677 3.0101797261431495 17.833603736061551 0.055694979645508763 0.07022913523269346 1203.9532494240682 58.085726739815335 4.6560411366135677
decision_type=2 2 2 2 2 2 2 2 2 2 2 2 2 2 2 2 2 2 2 2 2 2 2 2 2 2 2 2 2 2
left_child=1 3 -3 4 6 -6 7 8 11 -10 -11 -1 -12 14 -7 -9 17 18 21 -18 -21 -17 -22 24 25 -24 -25 -28 -16 -30
right_child=-2 2 -4 -5 5 13 -8 15 9 10 12 -13 -14 -15 28 16 19 -19 -20 20 22 -23 23 26 -26 -27 27 -29 29 -31
leaf_value=-0.011910237602534447 -0.02033306426733433 0.058152031395700514 -0.00082076445732560434 -0.03066133959900267 0.041005432327530254 0.035259440029399507 -0.048934164490988807 0.030361339307901816 0.023300537971773869 -0.060649948125103527 0.025568416371735465 -0.068009115957573904 -0.027493197373426329 0.033326145808139633 3.1581258095731623e-05 0.0020589554498049146 -0.037821533015434471 -0.049547165720927516 -0.022575554842888479 0.039967429142835777 0.030991627130951889 0.05955593108528702 0.017631779312550593 0.040714210979117947 0.011377793339449256 -0.060775386513865527 -0.026198077043797442 0.0339380998078384 -0.062784259574596518 -0.0056612855166211246
leaf_weight=6.7675695642828924 4.9617094770073882 3.3897437006235105 7.6641626507043839 3.7994876950979224 12.703285947442053 5.2356057316064826 4.303350217640399 7.3132832124829283 11.731083765625955 5.820484176278117 6.2090359330177289 5.5906209871172905 5.8824730440974236 6.7999850213527671 72.005447566509247 3.3242532163858431 3.2129218131303778 7.5038901865482321 4.4138682708144188 6.8344570919871321 7.2595017179846755 3.5595325976610184 4.7611095160245913 7.856457211077216 7.7480056136846533 7.386988066136837 6.0290975421667081 4.2641889899969101 5.439188838005065 31.214678004384041
leaf_count=34 25 20 39 18 71 28 24 45 61 28 30 29 30 35 374 19 16 38 25 36 41 21 22 38 40 34 27 28 25 159
internal_value=0 0.000406953 0.0172636 -0.000296265 0.000145484 0.0031199 -0.0029599 -0.00135753 -0.0129392 -0.00278798 -0.0198741 -0.0372884 -0.000245857 -0.000867599 -0.0029091 0.00461348 0.00207416 -0.0134354 0.01055 0.00734226 0.0101253 0.03179 0.00562353 0.000783059 -0.0139145 -0.0300459 0.0168948 -0.00128553 -0.0047482 -0.014138
internal_weight=0 276.024 11.0539 264.97 261.17 133.398 127.772 123.469 42.0013 29.6431 17.912 12.3582 12.0915 120.695 113.895 81.4676 74.1543 18.8015 11.2977 55.3527 52.1398 6.88379 45.3053 38.0458 19.8961 12.1481 18.1497 10.2933 108.659 36.6539
internal_count=1460 1435 59 1376 1358 692 666 642 212 149 88 63 60 621 586 430 385 103 65 282 266 40 230 189 96 56 93 55 558 184
is_linear=0
shrinkage=0.05


Tree=58
num_leaves=31
num_cat=0
split_feature=6 6 2 7 1 7 6 7 1 6 2 3 3 4 0 2 7 5 5 3 1 6 5 6 3 5 3 1 7 3
split_gain=0.811466 2.51199 1.29149 0.874343 3.57551 3.34017 5.61034 3.44324 3.27163 2.74982 2.48973 3.08943 5.09361 4.63775 3.51211 2.87764 4.59009 3.73182 3.5426 5.41211 3.33433 2.34055 2.87723 2.24834 2.1468 4.07049 2.27058 4.07881 4.07816 3.41762
threshold=0.16559044041314427 0.1455885793683519 16.210347215411819 20.860245282126851 23.067219596891054 22.431123735771514 0.050507206019562247 21.816997347245206 27.388035970347463 0.076780883023101251 -0.8583337294505039 791.18385036479481 1226.1473601279704 2474.7514662332155 41.336299734618102 0.044640473165699308 16.96805842792558 1182.8008289959996 926.25914335342361 909.12556834297686 -1.6693886007916203 0.05850682724017315 724.40569031467476 0.048649426402455238 706.60176047353832 661.43533947646142 748.46356648340668 -9.961621299394265 28.196379526260376 766.9299714960124
decision_type=2 2 2 2 2 2 2 2 2 2 2 2 2 2 2 2 2 2 2 2 2 2 2 2 2 2 2 2 2 2
left_child=1 2 3 4 10 6 -5 9 24 -8 11 14 -13 -14 -1 16 -12 18 19 20 -17 -22 -23 -15 25 -7 27 -26 -29 -28
right_child=-2 -3 -4 5 -6 8 7 -9 -10 -11 15 12 13 23 -16 17 -18 -19 -20 -21 21 22 -24 -25 26 -27 29 28 -30 -31
leaf_value=-0.0066018871812159388 -0.017137239467137192 0.032048522908975488 -0.029288198340221162 -0.042678464343232664 -0.050945040296323886 0.0011613567747363171 -0.017047073973902645 0.051986871916547384 0.031925909558277218 0.028943657944805253 0.048539515777569604 0.022934678212736342 -0.066284236166202479 0.011308835433002715 -0.065870299712797328 0.033142023088845493 -0.0096122630034552702 0.022376170019502314 -0.028910256216063558 0.058670544765931192 0.0016043473409178444 -0.0081653377502293699 -0.059090810184616649 -0.034705609491234655 0.016808465222803187 0.055633707074777675 0.032156823457576394 -0.010786858900097613 -0.078822380748896109 -0.0082280561996599302
leaf_weight=5.0686647966504079 6.7112355530261985 6.1522644013166419 3.7792656421661368 3.2411903515458134 3.7846180573105803 42.629327766597271 5.1121670976281193 8.8716611564159376 7.201559752225875 8.9233003333210927 8.1276903636753541 10.960375033318998 4.221981704235076 7.4588169828057271 4.9314057901501656 4.5497307628393164 5.8256872221827498 13.230046875774859 13.82684589922428 3.6524380519986144 12.166686855256566 6.4750943481922132 4.8519170135259628 4.1216280460357666 3.6466348320245734 3.7295699268579474 5.8293104469776145 4.2487150058150274 4.5735870003700256 51.708717279136181
leaf_count=26 35 35 18 20 21 221 26 49 37 46 48 58 21 37 26 30 30 78 63 19 64 33 21 21 22 23 28 25 22 257
internal_value=0 0.000461414 -0.000267108 0.000149969 -0.0031649 0.00265752 0.0188925 0.0276043 -0.000777981 0.0121924 -0.00151302 -0.0121173 -0.00325718 -0.0214235 -0.0358293 0.0038489 0.0242605 -0.000998719 -0.00779205 0.00142045 -0.00603593 -0.013623 -0.0299792 -0.00506829 -0.00280193 0.00554365 -0.00832842 -0.0276717 -0.0460573 -0.00413657
internal_weight=0 272.901 266.749 262.969 113.254 149.716 26.1483 22.9071 123.567 14.0355 109.469 36.7629 26.7628 15.8024 10.0001 72.7061 13.9534 58.7528 45.5227 31.6959 28.0434 23.4937 11.327 11.5804 116.366 46.3589 70.007 12.4689 8.8223 57.538
internal_count=1460 1425 1390 1372 596 776 141 121 635 72 575 189 137 79 52 386 78 308 230 167 148 118 54 58 598 244 354 69 47 285
is_linear=0
shrinkage=0.05


Tree=59
num_leaves=31
num_cat=0
split_feature=0 0 6 0 6 6 6 3 2 2 2 3 1 5 5 0 1 7 7 6 6 1 0 6 6 0 1 5 1 6
split_gain=0.787486 0.739662 1.1911 3.01469 1.4582 4.51066 2.17985 2.46873 2.10787 2.15791 2.23376 1.9758 2.91376 1.82671 2.50046 1.86913 2.2224 3.14351 4.1327 2.63547 2.9702 3.72862 4.48282 2.4826 2.17782 2.08776 2.66406 7.18428 4.31874 3.67431
threshold=31.665262127436922 77.69649543185848 0.1455885793683519 57.829536770012844 0.10220622895544255 0.094753948529806717 0.1085548693253728 3075.7235417466013 2.9163377669358801 1.0000000180025095e-35 -2.4029698689378689 792.48683463667328 4.5595828589551397 353.60642875520358 361.60686997521208 60.340845079812347 -4.5565126065067139 20.683447950594545 26.965702614117273 0.090716362122076108 0.042171295728264169 0.75943547806755884 52.832379707281014 0.074910452927487173 0.048173648124554595 38.567992328117576 7.7059002715061249 1205.0778248423712 5.2012091015673159 0.047647546345333656
decision_type=2 2 2 2 2 2 2 2 2 2 2 2 2 2 2 2 2 2 2 2 2 2 2 2 2 2 2 2 2 2
left_child=-1 2 4 -4 5 13 -6 8 9 10 -8 12 -7 -2 -15 16 17 -16 -19 20 21 -18 -23 24 -20 -22 28 -28 -27 -29
right_child=1 -3 3 -5 6 11 7 -9 -10 -11 -12 -13 -14 14 15 -17 19 18 23 -21 25 22 -24 -25 -26 26 27 29 -30 -31
leaf_value=0.02111599954204391 0.027429278786229645 -0.019489784587813287 0.056300766013900654 -0.0010095464680894861 -0.035026057810943728 -0.014481884433700593 -0.013605990622633932 -0.038046681196734891 0.036913614126937208 -0.029878310365585761 0.028637880231332648 0.049950163350862137 0.044583808753294762 -0.034546649639321851 -0.037798896099038241 -0.0097203304086341882 0.04065785059643065 0.016918363783403566 -0.033827172381828904 0.046521153806726445 0.034407861775896234 -0.036703224063820462 0.024912853306466792 -0.052177490088308943 0.011532583643245765 -0.0036823710133132696 0.051678916792728527 -0.044280490444367111 -0.054320446598939268 0.0094579586161341531
leaf_weight=4.36164317280054 5.4893201589584342 4.9300632253289214 3.2825539000332338 7.6245562434196472 7.0726045817136756 4.6005473360419256 6.2608828172087723 4.3746855407953253 3.8066546693444243 5.5801606029272071 6.256385281682018 5.956544689834117 3.8230616524815559 5.6674373522400847 7.4671963304281226 45.868021175265312 11.120020702481272 15.126605257391931 4.5259271487593633 3.7394180148839942 4.1157316118478766 4.8532188311219198 7.5349494591355324 4.2985447049140921 6.3713671937584877 57.2501525208354 7.7380528301000622 4.7082546800374976 4.5448462739586821 9.8051769658923131
leaf_count=24 37 25 20 39 33 26 33 20 19 28 33 32 21 29 39 232 69 78 23 21 20 25 41 20 32 293 44 24 24 56
internal_value=0 -0.000298026 5.38881e-05 0.0162383 -0.000630435 0.000818183 -0.0103861 -0.00375461 0.0030942 -0.00401945 0.00750836 0.0279102 0.0123251 -0.00103501 -0.00179819 -0.000865847 0.00178519 -0.00873897 -0.00158268 0.00523121 0.00384857 0.0196402 0.00077399 -0.0199994 -0.00730649 -0.000362213 -0.00206489 0.0127698 -0.00740666 -0.00797516
internal_weight=0 273.793 268.863 10.9071 257.956 224.604 33.3514 26.2788 21.9041 18.0974 12.5173 14.3802 8.42361 210.224 204.735 199.067 153.199 37.7896 30.3224 115.41 111.67 23.5082 12.3882 15.1958 10.8973 88.1622 84.0465 22.2515 61.795 14.5134
internal_count=1460 1436 1411 59 1352 1186 166 133 113 94 66 79 47 1107 1070 1041 809 192 153 617 596 135 66 75 55 461 441 124 317 80
is_linear=0
shrinkage=0.05


Tree=60
num_leaves=31
num_cat=0
split_feature=0 0 0 6 6 1 2 6 0 7 7 3 3 0 3 7 0 5 1 3 5 5 7 2 2 7 7 4 7 6
split_gain=0.777042 2.24134 2.62816 3.84289 2.40767 2.77981 4.35592 2.29661 2.11122 2.26053 4.50876 2.15143 2.99446 2.09913 1.9107 1.85538 1.81432 1.76334 3.42715 1.76568 2.24935 4.84826 3.05909 1.85766 2.77837 2.3121 2.15785 1.76941 5.99131 3.40359
threshold=49.120125225733268 43.667473531366376 41.742378063653142 0.066260138530329249 0.042602855704374602 -4.0981762708749718 -2.5005302070541728 0.08017920067644134 44.641511525233653 15.024489128789755 16.326502080116004 375.15937743237345 691.35023208031328 49.740512185022716 768.37488666062143 23.934430259193849 38.306317822265527 3151.3279257213885 36.836749499248306 356.0107925959386 372.11199355375476 378.01964881947748 35.086339268205911 -1.3519189046559228 -2.7426298967941811 20.059914480607667 43.930990676881713 766.18516570585791 16.670884162033012 0.054578433827917924
decision_type=2 2 2 2 2 2 2 2 2 2 2 2 2 2 2 2 2 2 2 2 2 2 2 2 2 2 2 2 2 2
left_child=1 2 4 -4 -1 6 7 -6 -3 -10 -11 -12 -13 -2 -9 -8 -17 18 19 -15 22 -22 -21 24 25 -23 27 28 -25 -30
right_child=13 8 3 -5 5 -7 15 14 9 10 11 12 -14 17 -16 16 -18 -19 -20 20 21 23 -24 26 -26 -27 -28 -29 29 -31
leaf_value=-0.025665733041104623 -0.032518544347911828 0.042026142069678168 0.0015164014285067977 -0.046724337299453911 -0.022319615698979473 -0.0098217813089991196 0.069407101275271665 -0.007014617218710795 -0.02418023186143128 0.062138874686881701 0.0446904664989351 -0.038224469939828393 0.0091840377841471577 -0.035468614348664121 0.030293557066700852 0.04826791867124483 0.0033739920909919017 0.027756335058432443 -0.04560357493592293 0.045776915370688058 -0.052165406362397852 -0.035774835897358678 -0.010474987931403341 -0.03328335515407891 -0.03213802146719736 0.014131040869960169 -0.031177090466464708 -0.00054635115973667098 0.067017198873396286 0.015647751171025664
leaf_weight=6.3208709955215445 5.490745671093463 5.4355953186750403 9.6452916264534014 7.2174193710088721 6.8714806586504009 16.279049340635538 3.5251184105873099 6.3793488591909391 4.5836739018559447 4.0968904495239284 3.0194782167673138 4.1883136555552509 16.268005676567554 3.5794719979166976 7.4274888783693314 4.6678883135318738 4.3456255793571472 5.1323071569204322 4.3856424838304511 5.9537305906414968 4.5813910067081443 3.0168440788984325 4.0684776902198792 5.9167835116386405 10.26358141005039 10.059573352336882 4.4663621932268134 67.601188227534294 3.6374717876315108 28.404806725680828
leaf_count=31 30 30 51 39 34 83 21 36 27 23 17 24 83 20 37 28 24 29 23 34 22 16 19 30 55 58 21 351 21 143
internal_value=0 0.00329401 -0.00183263 -0.0191311 0.00339338 0.00710437 0.0153996 0.00130028 0.0132058 0.00833408 0.0137392 0.00529276 -0.000522581 -0.00211707 0.0130556 0.0386517 0.0266235 -0.00108069 -0.0020298 -0.000768837 7.05678e-05 -0.00159106 0.0229417 0.000146258 -0.0126661 0.00261732 0.00286414 0.00430446 0.0129433 0.0214793
internal_weight=0 110.272 72.6796 16.8627 55.8169 49.496 33.217 20.6783 37.592 32.1564 27.5727 23.4758 20.4563 166.558 13.8068 12.5386 9.01351 161.068 155.935 151.55 147.97 137.948 10.0222 133.367 23.34 13.0764 110.027 105.56 37.9591 32.0423
internal_count=1460 588 384 90 294 263 180 107 204 174 147 124 107 872 73 73 52 842 813 790 770 717 53 695 129 74 566 545 194 164
is_linear=0
shrinkage=0.05


Tree=61
num_leaves=31
num_cat=0
split_feature=6 6 2 1 1 6 3 2 5 2 0 4 2 3 1 1 3 1 2 4 5 3 3 0 1 0 1 3 2 7
split_gain=0.763634 2.19609 1.09026 0.812115 2.44426 1.98917 1.35825 4.62649 1.22316 2.33156 1.5412 1.28681 2.07296 2.46617 2.7451 2.3224 3.41969 2.63567 1.98635 2.75677 3.88933 3.07554 1.86723 1.85734 1.6397 3.73209 2.96564 2.97415 2.50296 2.16069
threshold=0.16559044041314427 0.1455885793683519 16.210347215411819 29.010199327274908 23.067219596891054 0.08746534745543337 2979.697204013492 -8.2158313732508059 2465.8651678667543 -6.3701928190467623 49.958651494860391 2398.364508553515 -2.4348514791639579 1238.0104593005899 7.3430420880598044 13.603418890748062 1169.4206142249197 10.899052952612466 -2.8238135629561083 950.39376886299135 900.05637665295046 703.7558318275386 697.3174840340256 62.798818160752347 -8.3919626986680083 38.917774830835967 -4.9509154320684265 714.82792160268309 6.3426049295714071 27.159055179091634
decision_type=2 2 2 2 2 2 2 2 2 2 2 2 2 2 2 2 2 2 2 2 2 2 2 2 2 2 2 2 2 2
left_child=1 2 3 4 6 -5 8 -8 9 -1 -10 12 13 14 18 17 22 24 19 20 21 -11 -17 -19 25 -14 27 -26 -28 -27
right_child=-2 -3 -4 5 -6 -7 7 -9 10 11 -12 -13 15 -15 -16 16 -18 23 -20 -21 -22 -23 -24 -25 26 29 28 -29 -30 -31
leaf_value=0.034147565552404106 -0.016717707791809661 0.030294475242637883 -0.027132562751569646 -0.016127416141658139 -0.03134562719955105 0.030771259424032998 -0.010922655213924895 0.06228846467930671 0.00088004000122302918 0.021494157350593453 -0.036374390059717231 0.021021914218652113 0.052587167201405965 -0.040619633720119619 0.030659626588167878 0.031845472692878372 0.049416508029000973 -0.00674992608786101 -0.042484639278226856 -0.040056327592993067 0.047742167301075111 -0.030228482179058425 -0.012793966560083398 -0.052143266468309857 0.00874921677659188 0.030123851509623829 0.0027857675109084407 -0.04513959590298626 -0.035311098402636201 -0.016721836624933577
leaf_weight=5.0230756402015677 6.6357630565762511 6.026683844625949 3.7133453488349906 3.496208541095255 6.2233662679791442 6.3992892876267433 5.1786343604326248 3.6995170786976797 5.9515504240989667 4.7323411256074959 5.2032559216022491 6.8495661839842787 4.8742402866482726 6.2165620103478423 4.359351009130477 3.505170017480852 5.944086678326129 5.1336300894618017 4.483906194567683 4.5510138571262351 3.8615980148315421 7.3193328976631165 7.0630918219685555 4.0165521949529648 4.0169933661818344 3.8093172162771207 119.06052854284646 7.0610055774450302 4.4733601808547965 6.9566399604082108
leaf_count=29 35 35 18 20 33 34 25 28 29 28 26 36 30 31 24 17 36 29 27 21 19 40 36 20 24 20 624 32 21 33
internal_value=0 0.000451689 -0.000231705 0.000153291 -0.000403722 0.0142013 0.000387596 0.0195843 -0.000339296 0.000467841 -0.0164976 -0.00030717 -0.000998127 -0.0120151 -0.00594767 0.00122664 0.0190763 -0.000622397 -0.0123443 -0.00574027 0.00407373 -0.00991851 0.00201157 -0.0266757 0.000964222 0.0162879 -0.000816196 -0.025599 0.00140622 -0.000146433
internal_weight=0 269.203 263.177 259.463 249.568 9.8955 243.344 8.87815 234.466 223.311 11.1548 218.288 211.439 35.5241 29.3075 175.915 16.5123 159.402 24.9482 20.4643 15.9133 12.0517 10.5683 9.15018 150.252 15.6402 134.612 11.078 123.534 10.766
internal_count=1460 1425 1390 1372 1318 54 1285 53 1232 1177 55 1148 1112 190 159 922 89 833 135 108 87 68 53 49 784 83 701 56 645 53
is_linear=0
shrinkage=0.05


Tree=62
num_leaves=31
num_cat=0
split_feature=0 4 4 7 5 5 5 1 3 3 3 4 3 6 3 6 3 7 7 6 1 7 3 0 3 5 1 3 6 0
split_gain=0.726298 0.695335 3.15598 2.71633 2.9685 2.37728 2.17767 3.9096 3.35101 2.22934 1.98156 6.93295 1.84904 1.76849 1.92142 4.47372 4.14524 4.11416 2.96488 2.10116 2.80604 2.05531 2.02006 6.755 1.96793 1.88079 1.7961 4.77328 4.36212 4.20489
threshold=31.665262127436922 369.62051639925636 356.45796216959587 20.949910186782571 353.60642875520358 372.11199355375476 378.3692104196121 -0.18872844521595764 381.44316624487902 385.48496554197908 543.02749172241977 532.24831014848007 390.87240233697594 0.030191815952423991 628.75285808085266 0.085515429721756672 701.18207020618945 31.092086817753927 25.534765356876928 0.039752273904794029 0.75943547806755884 32.209247875917875 1148.763744429883 60.42819845744102 549.21947114259194 742.26634242355192 7.3430420880598044 1240.012091669277 0.047647546345333656 54.305900908149887
decision_type=2 2 2 2 2 2 2 2 2 2 2 2 2 2 2 2 2 2 2 2 2 2 2 2 2 2 2 2 2 2
left_child=-1 2 3 4 -2 -3 7 -7 -8 -10 11 12 -11 -12 15 24 -16 19 -17 20 -18 -19 23 -23 -15 -25 -21 -28 -29 -30
right_child=1 5 -4 -5 -6 6 8 -9 9 10 13 -13 -14 14 16 18 17 21 -20 26 -22 22 -24 25 -26 -27 27 28 29 -31
leaf_value=0.020472419162149418 0.022766841274072497 0.032060460286292301 -0.033570550839153841 0.045293980142143392 -0.044774687119853301 0.0075040863039600551 0.039119342099115079 -0.051007157117935187 -0.033435218134819596 0.012820798185571783 -0.033085754927666654 0.059600167612301629 -0.033468047759869737 -0.0094347481780619209 0.040703565505917839 0.046321482357040665 0.040694546597860287 -0.049945500036625436 -0.01217841544064422 -0.0036007915544554307 -0.0024863617817035793 0.040115875088912539 -0.034975114876933021 -0.05815428714045219 -0.052374218707888068 -0.0071344768165430283 0.026857783556122429 -0.040143906010408584 0.048836868017628834 -0.0029474941658604419
leaf_weight=4.2808949500322333 3.3578682430088538 5.788358971476554 7.8317469581961623 3.3786657229065895 3.1556223034858704 5.7239850908517838 5.5359458476304999 5.6957464441657049 4.9511045515537253 4.2992729246616346 4.1461452990770331 5.9919252544641486 4.3305138945579529 4.3536956012249011 6.5029531195759764 3.6465714052319509 8.137421637773512 4.4448621571064022 5.3340835422277451 82.733898729085922 6.9975254088640204 5.6603742167353648 6.4994804188609114 3.6386710107326508 6.8928197920322418 3.5871129259467125 21.066922727972269 6.5043948069214812 4.6309100762009647 25.539427638053894
leaf_count=24 25 30 40 20 15 30 32 30 26 20 25 40 24 22 35 20 48 24 26 413 38 29 32 17 34 23 111 35 30 142
internal_value=0 -0.000284913 -0.00985826 0.00891507 -0.00995533 0.000386718 -0.000356009 -0.0216792 0.000678308 -0.000247385 0.000483109 0.0182814 -0.0104074 -0.00075427 -0.000104077 -0.014739 0.00148792 6.67466e-05 0.0115753 0.00302951 0.0207302 -0.0192798 -0.0122485 -0.000785776 -0.0357517 -0.0328264 0.00112243 0.00788999 -0.00300561 0.005001
internal_weight=0 270.358 17.7239 9.89216 6.51349 252.634 246.846 11.4197 235.426 229.89 224.939 14.6217 8.62979 210.317 206.171 20.2272 185.944 179.441 8.98065 155.611 15.1349 23.8305 19.3856 12.8862 11.2465 7.22578 140.476 57.7417 36.6747 30.1703
internal_count=1460 1436 100 60 40 1336 1306 60 1246 1214 1188 84 44 1104 1079 102 977 942 46 817 86 125 101 69 56 40 731 318 207 172
is_linear=0
shrinkage=0.05


Tree=63
num_leaves=31
num_cat=0
split_feature=7 7 7 5 6 6 4 5 7 5 4 2 2 7 7 1 1 1 0 1 1 7 3 4 3 6 2 2 7 7
split_gain=0.742044 1.29444 1.34741 3.71494 1.29984 1.05462 1.05269 2.61965 3.1924 1.52293 2.43505 2.38787 2.709 2.87665 4.06972 4.69773 4.16329 2.67331 2.2984 2.28126 2.26122 2.22866 2.45503 3.96059 2.88829 2.00275 2.09404 2.15222 2.46694 2.43924
threshold=43.930990676881713 38.368165286347867 35.086339268205911 735.57468483205128 0.1455885793683519 0.13140280491354359 3171.0868843474168 3070.2111125447104 21.066317734206748 2402.1336623815955 2398.364508553515 -7.3649882703955143 -2.3256171381452653 32.329847617688166 31.092086817753927 -8.3919626986680083 14.491408620851532 -7.1172735372735465 60.803186167160803 20.684348987764682 13.603418890748062 26.775996187898404 791.18385036479481 1236.0646782637882 545.70400377564874 0.031829326676428557 -1.9922896355267852 -0.8583337294505039 13.185569182042343 13.905919674487823
decision_type=2 2 2 2 2 2 2 2 2 2 2 2 2 2 2 2 2 2 2 2 2 2 2 2 2 2 2 2 2 2
left_child=1 2 4 -4 6 -3 7 9 -9 10 11 -1 21 14 15 -14 17 -17 20 -18 -11 22 24 -24 -13 -19 -27 -28 -29 -30
right_child=-2 5 3 -5 -6 -7 -8 8 -10 18 -12 12 13 -15 -16 16 19 25 -20 -21 -22 -23 23 -25 -26 26 27 28 29 -31
leaf_value=0.044678839190716128 -0.017198111384733553 0.0050225828320777108 -0.052893000889001951 0.012024555068009188 0.023185304158484951 0.038494577151398784 -0.01887139912477254 0.066995856835592657 -0.0011612802963323705 -0.01793963306337024 0.040655996927755275 0.0031411996308859259 0.041949370570777106 0.033840129379598329 -0.049766967076351615 -0.041813494953494068 0.066010543427937649 0.037772139278426098 -0.046851287220141875 0.011414965668239348 0.014334543593903416 -0.030108448148438216 0.02593822716903911 -0.027235101164864568 -0.05283927399652294 0.036038772831644049 -0.018003966100338695 0.030760649319979145 -0.038497679273354568 -1.7351349532469212e-05
leaf_weight=2.9787773489952079 6.1045033484697333 5.9701656252145749 4.2778475284576398 4.5453592166304588 6.1227527037262908 3.8844170495867729 7.2767925709485999 3.2344576790928832 3.6645269170403481 14.177882149815565 3.8008126914501181 4.6685806736350077 7.1131843626499167 6.9697432145476332 3.8493789136409751 4.0469308197498171 3.4744371995329848 3.322959475219263 3.955315150320529 4.2585838139057159 8.7930488660931569 12.184185408055781 10.397320248186587 5.2805244103074065 4.549500584602356 3.5957419425248949 19.258647419512258 6.2111012339592255 4.3140892982482901 90.741271212697029
leaf_count=17 30 30 20 25 37 20 38 20 20 72 21 27 40 39 21 21 21 23 24 22 49 67 53 28 26 18 100 40 23 468
internal_value=0 0.000432601 -0.000249142 -0.0194501 0.000433317 0.0182164 -0.000142043 0.000438306 0.0307929 -0.000480418 0.00101537 0.0002514 -0.000429932 0.0024383 0.000981024 0.00231595 0.000291004 -0.0018058 -0.0116471 0.0359447 -0.00558539 -0.0125863 -0.00401089 0.00802868 -0.0244875 -0.000535373 -0.00156094 -0.00268269 0.000231079 -0.00176378
internal_weight=0 266.918 257.064 8.82321 248.241 9.85458 242.118 234.841 6.89898 227.942 201.016 197.215 194.236 157.156 150.186 146.337 139.224 131.491 26.9262 7.73302 22.9709 37.0801 24.8959 15.6778 9.21808 127.444 124.121 120.525 101.266 95.0554
internal_count=1460 1430 1380 45 1335 50 1298 1260 40 1220 1075 1054 1037 836 797 776 736 693 145 43 121 201 134 81 53 672 649 631 531 491
is_linear=0
shrinkage=0.05


Tree=64
num_leaves=31
num_cat=0
split_feature=6 6 2 6 0 6 3 0 6 0 0 4 6 0 7 1 2 4 1 5 5 5 5 3 1 3 3 3 5 5
split_gain=0.758382 2.01259 0.948535 0.828742 3.47717 3.01701 3.18049 2.69729 3.11234 2.65407 2.6775 2.38122 2.07759 4.87464 2.06798 1.54757 1.80082 2.89501 1.65509 1.49618 1.40433 1.88839 3.45296 4.50294 4.98082 3.05287 2.38362 8.02491 4.0128 8.14804
threshold=0.16559044041314427 0.1455885793683519 16.210347215411819 0.093386393735261489 33.1626261718568 0.10220622895544255 792.48683463667328 56.627092557722911 0.11950389932208842 41.634632377552116 38.306317822265527 715.34135298108424 0.088624727129060249 62.087021099987155 23.2988046947745 23.245120384373426 -9.1370834480862211 2953.5558107988686 17.972535265432217 752.35915829206124 353.60642875520358 378.3692104196121 372.41152873133586 370.07393449674186 -2.7443302003138679 381.44316624487902 534.09142011082133 542.25652386067475 661.43533947646142 737.39875129686573
decision_type=2 2 2 2 2 2 2 2 2 2 2 2 2 2 2 2 2 2 2 2 2 2 2 2 2 2 2 2 2 2
left_child=1 2 3 12 -5 6 11 9 -9 10 -7 -6 15 14 -14 16 -1 18 20 -10 -18 22 23 24 -22 -23 -27 -28 -29 -30
right_child=-2 -3 -4 4 5 7 -8 8 19 -11 -12 -13 13 -15 -16 -17 17 -19 -20 -21 21 25 -24 -25 -26 26 27 28 29 -31
leaf_value=-0.030468840924509952 -0.016762404716295056 0.029341392546207129 -0.025492593767500377 0.056188504915355986 0.020408345773648758 -0.029372556362119096 0.044361844452322288 -0.015610975281856194 0.0093013705890360662 -0.047317583440836697 0.025268386614228852 -0.032468959606306295 0.028065317281897428 -0.066052421342657763 -0.022917354971068629 -0.023807031619167304 0.025178163936730086 0.043273597561940713 0.032055196210833151 0.050249816849068742 0.021853408124813112 0.037740608561955796 -0.04420821136749345 0.044166548864686773 -0.050883458382340777 -0.024260590447808709 0.067963008601723163 -0.025351130413234821 0.046883235325616147 -0.0017060356845159553
leaf_weight=4.4832783937454215 6.5551036074757567 5.8952184133231631 3.6555217653512946 3.2127964571118346 5.5210506692528742 4.9463339298963529 7.3507115468382827 7.9360604137182262 5.0813311785459501 6.0823886618018141 4.1006692945957184 3.4655909687280655 3.7839603647589666 4.0566275045275688 4.1931573450565338 6.5979623571038237 5.3277599029242984 4.0755872875452033 4.0983160734176627 3.9764195308089256 4.1754091084003448 5.4668114185333243 6.8120612129569045 3.9747357219457617 5.3941906765103358 9.6996718570590001 4.3804821297526351 14.791500598192213 9.4128760173916799 103.48063910007477
leaf_count=24 35 35 18 20 30 24 41 39 26 31 21 19 23 20 20 39 37 29 24 20 22 32 39 20 29 51 30 74 55 533
internal_value=0 0.000453181 -0.000203004 0.000158287 0.00581498 0.00247536 0.0199691 -0.00642168 0.007249 -0.021777 -0.00460585 1.68448e-05 -0.00127312 -0.0214271 0.00126637 -1.10799e-05 0.000834973 0.00160997 0.000650702 0.027278 -9.36217e-05 -0.000897031 -0.015171 -0.000566864 -0.0191469 0.0010765 -0.00033736 0.0014197 -0.000863193 0.00234526
internal_weight=0 265.429 259.534 255.878 51.6734 48.4606 16.3374 32.1232 16.9938 15.1294 9.047 8.98664 204.205 12.0337 7.97712 192.171 185.573 181.09 177.014 9.05775 172.916 167.588 20.3564 13.5443 9.5696 147.232 141.765 132.065 127.685 112.894
internal_count=1460 1425 1390 1372 271 251 90 161 85 76 45 49 1101 63 43 1038 999 975 946 46 922 885 110 71 51 775 743 692 662 588
is_linear=0
shrinkage=0.05


Tree=65
num_leaves=31
num_cat=0
split_feature=0 0 1 5 6 0 2 4 6 3 5 5 0 2 0 7 7 3 3 5 3 0 7 5 1 4 2 6 6 4
split_gain=0.727966 2.01433 2.44693 2.69514 2.07578 2.51615 2.83903 4.04649 2.03691 1.99998 2.12352 3.29224 3.32964 2.53898 1.95736 2.06645 5.18336 2.01566 2.56556 1.81706 1.80901 1.61517 1.93133 1.59473 3.16076 1.58799 2.32082 1.42332 1.41712 2.91972
threshold=49.120125225733268 43.667473531366376 -2.3513234015699989 384.02071159549968 0.042602855704374602 41.742378063653142 -2.5005302070541728 372.4551540628633 0.08017920067644134 351.27120093171771 372.11199355375476 378.01964881947748 49.958651494860391 1.0953989365317114 44.550989916031163 14.950252946696896 16.326502080116004 375.15937743237345 691.35023208031328 778.37865256480745 768.37488666062143 45.968176396691149 23.127907183182753 3151.3279257213885 36.836749499248306 953.13279928517511 -2.6290496422691585 0.082036594053077325 0.043605844363112677 1324.9133384520394
decision_type=2 2 2 2 2 2 2 2 2 2 2 2 2 2 2 2 2 2 2 2 2 2 2 2 2 2 2 2 2 2
left_child=1 2 4 -4 -1 6 8 -8 -6 -2 13 -12 -13 -11 -3 -16 -17 -18 -19 -9 -10 -20 -23 24 28 26 -5 -7 -14 -30
right_child=9 14 3 25 5 27 7 19 20 10 11 12 23 -15 15 16 17 18 21 -21 -22 22 -24 -25 -26 -27 -28 -29 29 -31
leaf_value=-0.022173731634758109 -0.043742964265433809 0.044374191207221081 -0.056983690422353045 0.025145540452947802 -0.020020000782911648 0.0027030415772958012 -0.0097881595091113063 0.057275429495616696 -0.005794371901475426 0.038756818824096956 -0.044133533724498547 -0.03699019675272993 0.013973913585693127 -0.010400921924012464 -0.022842971378342302 0.064703829586492609 0.04358528838605235 -0.034851401807109293 -0.019659010402954737 0.016388244038726265 0.029159225315317512 -0.0011796330213684877 0.038404233186837278 0.027856056618249761 -0.043602288588678408 -0.035795089520566106 -0.027007349674526338 -0.039262443331722061 0.0022181272472948754 -0.018634950364395331
leaf_weight=6.9688025861978522 2.8289725705981246 4.3148728236556044 3.5997172072529819 5.1656080335378647 7.8511144965887061 4.0169170871376974 5.1083366237580838 7.9478795453906042 7.488492473959921 6.8050896897912008 4.6893334835767737 6.340935491025447 16.771203055977821 4.2780395895242691 4.5179683677852145 4.2133310288190868 2.8959562331438091 4.3968654498457935 3.9536914601922062 4.1288984790444374 7.3200717493891716 6.6947340294718725 5.7094547599554062 4.9758383929729453 4.210917353630065 3.6041697710752478 3.6337360814213735 4.065367117524147 91.420147966593504 20.560972765088081
leaf_count=35 17 24 21 26 40 21 27 50 42 38 24 35 100 21 27 24 17 27 22 25 37 33 30 29 23 18 21 21 472 113
internal_value=0 0.00323067 -0.00169121 -0.0188951 0.00332405 0.00703154 0.0121913 0.027517 0.000568287 -0.00206911 -0.00133251 -0.00290341 -0.00156337 0.0197821 0.0127398 0.00852459 0.0136106 0.00450847 -0.00094401 0.0432966 0.0114837 0.00817002 0.0170402 6.51719e-05 -0.000974837 -0.0078411 0.00360873 -0.0184055 0.000419318 -0.00161073
internal_weight=0 107.596 70.8991 16.0032 54.8959 47.9271 39.8448 17.1851 22.6597 162.881 160.052 148.969 144.28 11.0831 36.6969 32.382 27.864 23.6507 20.7547 12.0768 14.8086 16.3579 12.4042 137.939 132.963 12.4035 8.79934 8.08228 128.752 111.981
internal_count=1460 588 384 86 298 263 221 102 119 872 855 796 772 59 204 180 153 129 112 75 79 85 63 737 708 65 47 42 685 585
is_linear=0
shrinkage=0.05


Tree=66
num_leaves=31
num_cat=0
split_feature=6 6 4 5 7 5 5 0 1 1 7 3 7 2 7 3 3 3 2 3 0 5 3 5 4 2 2 3 3 4
split_gain=0.706082 1.80635 0.922882 2.44059 2.05173 1.28275 2.18949 2.05835 2.14631 1.9084 2.45138 4.6506 4.97389 2.18938 2.50259 5.18469 4.39315 4.16254 6.01555 3.64678 3.40763 2.99898 2.94122 3.95102 4.07218 4.94842 4.02464 2.42913 3.6629 4.62587
threshold=0.16559044041314427 0.1455885793683519 3171.0868843474168 3070.2111125447104 19.243241791134373 2402.1336623815955 2392.2270127471402 60.803186167160803 13.603418890748062 -8.3919626986680083 26.965702614117273 1148.763744429883 32.209247875917875 1.525014573318799 16.236989944824007 792.48683463667328 1172.1411750671139 701.18207020618945 0.84989454014199328 381.44316624487902 43.169467896550238 358.97763775909101 786.61516186660003 1205.0778248423712 1115.8889566376215 -0.47395131648228034 -4.9310526979394576 628.75285808085266 547.46399914143069 532.24831014848007
decision_type=2 2 2 2 2 2 2 2 2 2 2 2 2 2 2 2 2 2 2 2 2 2 2 2 2 2 2 2 2 2
left_child=1 2 3 5 -5 6 9 8 -7 10 -1 12 -12 14 15 19 -17 18 21 -11 -21 -16 -19 24 25 -24 -25 28 29 -23
right_child=-2 -3 -4 4 -6 7 -8 -9 -10 13 11 -13 -14 -15 17 16 -18 22 -20 20 -22 27 23 26 -26 -27 -28 -29 -30 -31
leaf_value=0.039224461518478533 -0.01621200815807956 0.027975142397154804 -0.017883237389271188 0.064246961325513649 0.0078067543633767158 -0.017250070524275775 0.038066386890189201 -0.04487639742139992 0.014308639129780238 0.021058031710182432 -0.0040861206186906989 -0.040259561207351496 0.069555388129587475 0.006433353022530861 0.041736676428253378 0.056961153094217565 -0.0068618045930799176 -0.043759907708150692 -0.038156755672684464 0.008430253277219019 -0.047505353145983073 -0.0058798042377504354 0.0062376354283398428 0.0083045419515922533 0.042265954444674958 -0.050039466695637552 -0.056707943645392667 0.03425092906085403 -0.044605096020441798 0.039413010577351443
leaf_weight=6.7414038926363018 6.5223525539040557 5.8250197991728774 7.1582961380481711 2.6521244347095481 4.0987167283892632 14.079021558165556 3.8658111840486518 3.8098487481474868 8.7271766364574415 6.4107892252504888 6.6379204392433149 4.3882498517632476 3.502950444817543 59.999787524342537 5.4673614725470534 7.397267632186411 4.2427023649215698 10.3063917607069 8.7574333623051626 4.4233933761715871 7.0822357982397079 26.733368575572968 12.358001597225666 3.3955769464373589 4.3640726432204238 5.7113283500075385 7.9634137153625471 5.2786873131990424 4.4446295350790015 7.1437691375613204
leaf_count=38 35 35 38 16 24 72 20 24 49 42 36 21 21 306 33 44 24 57 45 24 39 146 63 20 23 29 39 28 23 46
internal_value=0 0.000441876 -0.000181833 0.000325048 0.0299798 -0.000498009 0.000774781 -0.0108567 -0.0051736 9.71694e-05 0.0143055 0.00274323 0.0213518 -0.00148115 -0.00509286 0.00771708 0.0336981 -0.00880755 1.64555e-05 -0.00916228 -0.0260006 0.00682946 -0.0203782 -0.0132469 -0.00108122 -0.0115504 -0.0372736 0.00245221 -0.00192796 0.00367122
internal_weight=0 262.967 257.142 249.983 6.75084 243.233 216.617 26.616 22.8062 212.751 21.2705 14.5291 10.1409 191.48 131.48 29.5564 11.64 101.924 57.8252 17.9164 11.5056 49.0678 44.0988 33.7924 22.4334 18.0693 11.359 43.6005 38.3218 33.8771
internal_count=1460 1425 1390 1352 40 1312 1167 145 121 1147 116 78 57 1031 725 173 68 552 321 105 63 276 231 174 115 92 59 243 215 192
is_linear=0
shrinkage=0.05


Tree=67
num_leaves=31
num_cat=0
split_feature=7 7 7 5 6 5 3 7 5 5 1 3 7 3 7 3 3 3 6 3 2 6 4 6 1 1 1 3 5 6
split_gain=0.733892 1.14282 1.32047 3.32787 1.07865 1.05687 1.77929 3.62557 2.44013 2.56542 4.03018 2.82965 2.17903 4.55423 4.71787 1.93152 3.26915 4.87267 1.76212 1.85474 4.27233 3.11738 2.19255 2.03069 2.62668 2.2507 4.42115 4.39533 4.3929 3.92556
threshold=43.930990676881713 38.368165286347867 35.086339268205911 735.57468483205128 0.1455885793683519 353.60642875520358 365.19750534004243 24.833437077746908 372.41152873133586 378.3692104196121 -0.25319648833470859 381.44316624487902 31.092086817753927 1151.6876698628041 32.329847617688166 385.48496554197908 542.25652386067475 406.9614638560609 0.030191815952423991 691.35023208031328 -0.3405911625118489 0.088113336691618818 719.68806785205118 0.039752273904794029 0.75943547806755884 7.3430420880598044 4.9174083358222456 1240.012091669277 729.1285539639282 0.047647546345333656
decision_type=2 2 2 2 2 2 2 2 2 2 2 2 2 2 2 2 2 2 2 2 2 2 2 2 2 2 2 2 2 2
left_child=1 2 4 -4 5 -1 7 -7 -8 10 -10 -11 15 14 -14 -13 17 -17 -18 20 -20 -22 -21 24 -24 26 28 -27 -25 -29
right_child=-2 -3 3 -5 -6 6 8 -9 9 11 -12 12 13 -15 -16 16 18 -19 19 22 21 -23 23 25 -26 27 -28 29 -30 -31
leaf_value=0.022665765657863816 -0.017214663340675358 0.017301053711953344 -0.051224564897957618 0.010765480182376039 0.021440060398029245 -0.045165604519881032 0.034054916202332995 0.015910510502453609 0.0046726592321714496 0.036610365568353467 -0.064892129651974453 -0.030207093772545841 -0.042125822740870247 -0.057946494655067529 0.036464255792125248 -0.0035706534164503009 -0.032420372642344167 0.064944739080398869 -0.050489488768383051 0.031888753759549235 -0.01625758336094035 0.036194387219583193 0.039132767069200249 -0.068350240679883156 -0.003267156880337282 0.026242797801807768 -0.043181108073560182 -0.038921949036746027 0.00030695521383244608 0.0046295122580657204
leaf_weight=5.0093267336487761 6.0250668525695792 9.6730192899703962 4.2158949226140958 4.4505386501550674 5.9821726009249678 6.1425732970237714 5.2549767792224875 4.0200048536062241 4.4928812086582184 5.3342553526163092 3.8800619170069677 4.8150722458958617 3.2963479831814748 4.9273061454296112 4.5393806323409081 5.4415438026189786 4.0315752923488608 4.9605331569910049 5.5829919800162342 6.2173508033156386 8.066420726478098 4.3659654632210723 7.7815776765346509 2.4120306745171538 6.8842194676399231 19.761593610048294 7.1916472092270842 6.3229364678263655 68.342193320393562 28.477491669356823
leaf_count=36 30 50 20 25 37 33 29 21 24 32 24 26 19 24 27 28 25 38 31 39 39 24 47 11 38 105 36 35 342 165
internal_value=0 0.000435335 -0.00021154 -0.0193904 0.000470959 -5.70968e-05 -0.000546582 -0.0210058 0.000388384 -0.00042643 -0.027564 0.000662043 -0.000280634 -0.0202817 0.00340284 0.0010583 0.00186838 0.0291029 0.000253588 0.0010221 -0.0141545 0.00216233 0.00280456 0.00157589 0.01923 -0.000378036 -0.00583005 0.00741056 -0.00203359 -0.00328341
internal_weight=0 261.874 252.201 8.66643 243.534 237.552 232.543 10.1626 222.38 217.125 8.37294 208.752 203.418 12.763 7.83573 190.655 185.84 10.4021 175.438 171.406 18.0154 12.4324 153.391 147.174 14.6658 132.508 77.9459 54.562 70.7542 34.8004
internal_count=1460 1430 1380 45 1335 1298 1262 54 1208 1179 48 1131 1099 70 46 1029 1003 66 937 912 94 63 818 779 85 694 389 305 353 200
is_linear=0
shrinkage=0.05


Tree=68
num_leaves=31
num_cat=0
split_feature=0 0 1 0 6 7 4 3 5 2 1 7 6 5 1 3 7 3 5 0 6 0 4 6 6 3 6 0 7 7
split_gain=0.760886 2.40865 2.32436 1.98839 1.97908 1.71558 1.6421 2.60331 2.5297 2.51318 2.4933 2.52146 2.4026 2.92566 2.24832 2.08502 1.82389 2.56269 2.35916 1.7485 1.50931 1.49521 1.12859 1.39429 2.13652 3.92519 2.3147 2.03826 1.90485 2.6802
threshold=54.186379671651302 55.99336139575172 18.326498217012389 53.608460306458689 0.16559044041314427 19.243241791134373 1324.9133384520394 1267.3947733701659 1184.3582212969443 5.4494339586272851 29.010199327274908 20.619738792334037 0.07022913523269346 776.33977988269567 11.19696061162597 1123.452526776942 16.236989944824007 766.9299714960124 378.3692104196121 60.606590613451864 0.076780883023101251 66.558024215960799 350.32937981120239 0.030191815952423991 0.039752273904794029 1175.4836851441748 0.035174543303279217 49.120125225733268 16.760799483188766 27.817988957659868
decision_type=2 2 2 2 2 2 2 2 2 2 2 2 2 2 2 2 2 2 2 2 2 2 2 2 2 2 2 2 2 2
left_child=2 5 3 22 6 -2 7 8 9 12 11 -8 14 20 15 16 -3 18 -18 -13 -14 -12 -1 -24 25 26 -25 -26 -29 -30
right_child=1 4 -4 -5 -6 -7 10 -9 -10 -11 21 19 13 -15 -16 -17 17 -19 -20 -21 -22 -23 23 24 27 -27 -28 28 29 -31
leaf_value=0.031410231293039451 -0.042354437284133795 0.041005174208433776 0.040344821269668513 0.037611150797342292 -0.029158502208404709 -0.0066854237547323524 0.0052600577058701734 0.03945557208095956 -0.027080668199540078 0.044323493167256048 0.023939971288813481 -0.015709449526266149 -0.029617422473891115 -0.042132437268226519 -0.017781791869339845 0.052841734900513408 -0.005940870854300246 -0.027567709223396193 0.041591457291270978 -0.05960203018205612 0.0042350670248448756 -0.013511725998756744 -0.029793848438719323 -0.020064513567896059 0.0019781825794917655 0.061302890833287077 0.031484390899227298 -0.038358791462743534 0.0045844595116976061 -0.038959791475909979
leaf_weight=2.8817078024148932 6.1114678382873517 4.5373748764395812 3.9453425258398047 3.6974313482642165 5.6617561206221572 7.5179687440395355 4.8261010050773647 5.0596233233809462 6.629944182932376 3.8863763213157645 6.2397577837109548 4.2003865242004377 3.7752323150634792 4.8130313381552687 4.7072340399026862 4.0236854404211035 5.1455282121896726 4.3322624564170829 5.2986044883728027 4.9343581423163414 25.755030415952206 4.6517824977636337 3.8690187111496916 5.1855032444000226 91.888267263770103 3.9749469682574263 3.7543569281697273 6.1220903918147114 14.182251177728178 4.7065822258591643
leaf_count=24 33 23 21 21 31 39 29 33 33 19 35 22 18 25 24 22 29 22 29 28 132 24 24 31 506 22 23 33 78 27
internal_value=0 -0.00286795 0.00249572 0.00143109 -0.000378787 -0.0226795 0.00120602 0.00477362 0.00236666 0.00531251 -0.00998584 -0.023974 0.00288237 -0.00598437 0.0137405 0.0200987 0.0132772 0.00476281 0.0181736 -0.0394191 -9.2731e-05 0.00794433 0.000451531 -0.000215823 0.00066573 0.0199643 0.00158381 -0.00146634 -0.0141212 -0.00626558
internal_weight=0 122.108 144.207 140.262 108.478 13.6294 102.816 77.9639 72.9043 66.2744 24.8524 13.9608 62.388 34.3433 28.0447 23.3375 19.3138 14.7764 10.4441 9.13474 29.5303 10.8915 136.565 133.683 129.814 12.9148 8.93986 116.899 25.0109 18.8888
internal_count=1460 650 810 789 578 72 547 409 376 343 138 79 324 175 149 125 103 80 58 50 150 59 768 744 720 76 54 644 138 105
is_linear=0
shrinkage=0.05


Tree=69
num_leaves=31
num_cat=0
split_feature=0 0 1 0 6 2 7 6 3 7 0 3 3 2 2 6 7 1 0 1 7 4 6 6 7 6 0 3 4 3
split_gain=0.689181 2.17596 2.11374 1.81677 1.80013 1.55842 2.47271 3.39472 2.41618 2.19905 3.05955 1.82409 6.0375 2.31019 2.65667 3.15766 1.5806 4.83565 4.24402 2.60651 1.5552 1.47431 3.15633 3.52102 3.86291 1.29722 1.94402 1.01272 3.843 1.86873
threshold=54.186379671651302 55.99336139575172 18.326498217012389 53.608460306458689 0.16559044041314427 -1.2277159625864837 41.731853755245758 0.11542716557864201 1226.1473601279704 16.034147559637823 61.188336130286736 766.9299714960124 921.47159247073034 0.71603169693086655 1.9979490634199537 0.0559828865712226 22.431123735771514 13.603418890748062 63.234063904445257 26.088886168448429 19.243241791134373 377.29889702613485 0.054578433827917924 0.093686615121030978 23.234079066352642 0.074532817970536028 58.69445818873475 354.69824290771629 369.62051639925636 375.15937743237345
decision_type=2 2 2 2 2 2 2 2 2 2 2 2 2 2 2 2 2 2 2 2 2 2 2 2 2 2 2 2 2 2
left_child=2 20 3 27 5 25 7 9 -9 10 -7 21 -13 -14 -15 -16 18 -18 -17 -19 -2 -11 -23 24 -24 26 -3 -1 -29 -30
right_child=1 4 -4 -5 -6 6 -8 8 -10 11 -12 12 13 14 15 16 17 19 -20 -21 -22 22 23 -25 -26 -27 -28 28 29 -31
leaf_value=0.018835473844101752 -0.040339073238442651 -0.0022136915285853038 0.038597849846462147 0.036147890559529675 -0.027912656468861648 0.046672824354562999 -0.032492646811549307 0.04913460137705946 0.0014139977868249881 -0.014367341786912706 -0.0089203743522107744 -0.075971380498596017 -0.04113896764346342 0.042477435660619449 -0.043237800519421256 0.051050451804182877 -0.054194765374372955 0.041651270662846671 -0.0095629615486387959 -0.014570310572146637 -0.0063529035560720096 0.057253947159158637 0.01566764571799777 0.040857978144733957 -0.040185053913313312 0.0063175839205696421 -0.054961827898892118 -0.051583762805942901 0.025812308776201737 -0.00061248498132342242
leaf_weight=7.0856750570237628 6.0963479802012426 3.363897003233431 3.918414030224084 3.6558265164494506 5.6198295056819907 5.8241092190146428 4.587420627474784 6.9182444363832456 4.3019071593880653 5.7851204872131374 4.3036703616380692 3.091575175523757 3.591068483889102 3.4678713306784656 4.3211423903703716 5.0283087342977542 4.040090784430503 3.9844820201396924 6.7842534780502319 4.2717044949531555 7.5159501358866692 3.5323869735002544 7.1102360486984271 5.0240628942847243 5.483039490878582 3.9220730438828468 3.6334288269281387 3.5903983488678923 7.0909050107002249 118.50426820665598
leaf_count=47 33 20 21 21 31 35 23 38 22 32 22 15 19 19 26 32 18 22 34 21 39 20 34 27 27 20 21 19 41 661
internal_value=0 -0.00273513 0.00237824 0.00136397 -0.000360486 0.00115205 0.00328378 0.0051732 0.0308381 0.00136633 0.0230492 -0.00198555 -0.00895654 -0.00311862 0.00116172 -0.00387795 0.00317671 -0.00937138 0.0162386 0.0125625 -0.0215738 0.00799944 0.0141175 0.00546833 -0.0086503 -0.0167013 -0.0296037 0.000430805 -0.000578669 0.000879417
internal_weight=0 121.602 143.845 139.927 107.99 102.37 91.4507 86.8633 11.2202 75.6431 10.1278 65.5153 38.5805 35.4889 31.8979 28.43 24.1088 12.2963 11.8126 8.25619 13.6123 26.9348 21.1497 17.6173 12.5933 10.9194 6.99733 136.271 129.186 125.595
internal_count=1460 650 810 789 578 547 486 463 60 403 57 346 206 191 172 153 127 61 66 43 72 140 108 88 61 61 41 768 721 702
is_linear=0
shrinkage=0.05


Tree=70
num_leaves=31
num_cat=0
split_feature=0 3 3 6 5 3 3 5 2 5 7 2 5 1 2 7 3 4 1 7 5 6 6 7 0 0 7 7 5 7
split_gain=0.668487 0.747748 3.90959 3.15568 3.10784 2.73945 2.73377 2.54158 2.88388 2.52586 2.48767 2.182 2.58071 2.37745 2.05503 1.97157 1.95304 2.40809 1.76513 1.74598 1.64087 1.53231 1.52071 1.43455 2.07684 2.02856 2.3178 2.10373 1.70125 5.68364
threshold=78.15596550595383 725.85546914557142 628.75285808085266 0.071791377635505763 553.90355565000971 701.18207020618945 733.16544105174182 539.0993811997115 0.84989454014199328 547.02044456520503 31.092086817753927 0.20507091860879764 358.97763775909101 -0.53673070306530224 1.525014573318799 35.92065521268627 406.9614638560609 389.15674931336224 -0.18872844521595764 28.748080666539526 378.76976203397209 0.091807514371208571 0.06488145701273991 26.275215358814645 71.475268234982352 45.968176396691149 27.817988957659868 28.94667615011171 902.21830555496138 19.825645386794875
decision_type=2 2 2 2 2 2 2 2 2 2 2 2 2 2 2 2 2 2 2 2 2 2 2 2 2 2 2 2 2 2
left_child=1 2 4 -4 7 -5 -3 8 11 -9 23 12 -1 -13 18 22 17 20 -10 -7 -14 -11 -12 24 28 27 -27 -25 29 -8
right_child=-2 6 3 5 -6 19 10 9 14 21 15 13 16 -15 -16 -17 -18 -19 -20 -21 -22 -23 -24 25 -26 26 -28 -29 -30 -31
leaf_value=0.037937367342489869 -0.020974469596793319 -0.046264970919185383 0.063141423515308007 0.045977584876180901 -0.037974486493633212 0.017303508358158966 0.0059261738966988158 0.057647996419472304 -0.005160629389516243 -0.0077226552823985968 -0.0049625715990539851 0.0021370289469612685 -0.016719147651104192 0.04798830761781539 0.0093600484579787532 0.0050037063351873424 0.021119982237706003 -0.047957166161225945 -0.048366874383775932 -0.030788721787560858 0.014868841161656413 0.031436218122734769 -0.039692097722041159 -0.025055470726673759 -0.031441033073183931 0.050124922491022517 0.0073792483082780443 0.021307465564723491 0.0033732379002085556 -0.055008184772610297
leaf_weight=3.421117905527356 3.7327102348208419 3.3636366650462142 4.2867099046707144 4.0912811681628209 5.2258870601654044 4.1122825816273689 12.012027502059938 3.5400273948907843 3.5987756028771392 5.9681113585829717 4.8147099614143398 6.3670810908079147 12.553685218095788 5.0850436612963659 3.803896836936473 6.8847712576389304 4.7413129583001128 4.2799305915832511 6.8887671530246726 3.4879903942346573 6.1132390499114981 4.2967749312520027 9.1273256391286832 5.3705061227083224 5.2104731649160376 5.6667358577251417 7.2012701258063316 4.4942921698093414 98.945598319172859 5.6160504892468444
leaf_count=27 20 18 32 23 27 22 62 24 21 33 25 38 69 27 20 38 27 24 35 20 34 27 50 26 25 30 38 22 546 30
internal_value=0 0.000335991 0.00396581 0.0264448 -0.000767427 0.01299 -0.00164046 0.00198443 -0.00268843 0.0212287 -0.000732653 0.00383705 -0.00303185 0.0224962 -0.022122 -0.0168882 -0.00809396 -0.0141302 -0.0335408 -0.00476744 -0.00637438 0.00866884 -0.0276987 0.00159557 -0.000556714 0.0131258 0.0262033 -0.00393303 0.000823717 -0.0134866
internal_weight=0 260.569 91.8619 15.9783 75.8837 11.6916 168.707 70.6578 56.8529 13.8049 165.344 42.5614 31.1093 11.4521 14.2914 20.8268 27.6882 22.9469 10.4875 7.60027 18.6669 10.2649 13.942 144.517 121.784 22.7328 12.868 9.8648 116.574 17.6281
internal_count=1460 1440 530 97 433 65 910 406 322 84 892 246 181 65 76 113 154 127 56 42 103 60 75 779 663 116 68 48 638 92
is_linear=0
shrinkage=0.05


Tree=71
num_leaves=31
num_cat=0
split_feature=0 1 5 0 7 3 4 3 0 4 6 6 7 6 4 3 3 7 3 7 3 0 1 3 2 6 7 1 1 6
split_gain=0.72372 1.31259 2.22303 1.48339 1.36304 0.763804 2.72654 2.31 1.69172 1.48485 1.35672 1.57253 2.94877 1.04951 1.02754 1.92229 2.32293 1.42326 4.4818 2.93973 2.46316 1.63494 2.75042 2.52201 1.77412 1.73807 3.77674 3.24701 1.56918 1.07931
threshold=36.395919409487696 -17.024683695001382 769.05428620736473 33.1626261718568 24.506275503407867 359.31934057341078 356.45796216959587 373.29410022116843 51.489173249836561 377.29889702613485 0.030191815952423991 0.034169089417318388 18.872131338291528 0.085515429721756672 382.4160805679673 388.03345616055043 384.20478352552675 28.274464914976011 543.7687813470003 23.416598439770024 554.34783007450108 39.725413131962149 6.320399946134132 701.18207020618945 -0.13588490361509106 0.12687005120266256 33.181286388424517 18.627497135572757 -5.8696948310356438 0.093686615121030978
decision_type=2 2 2 2 2 2 2 2 2 2 2 2 2 2 2 2 2 2 2 2 2 2 2 2 2 2 2 2 2 2
left_child=1 -1 4 -4 -3 6 8 13 -2 -9 -11 12 -12 -7 -13 16 -16 18 19 -17 -20 -19 28 24 -24 26 -25 -27 -23 -22
right_child=5 2 3 -5 -6 7 -8 9 -10 10 11 14 -14 -15 15 17 -18 21 20 -21 29 22 23 25 -26 27 -28 -29 -30 -31
leaf_value=0.037913870250329058 0.021130016715869532 -0.0032296304739630418 -0.036415306918492894 0.0068542150876447216 0.037446588284285737 0.041892648865761432 -0.054802199036514655 -0.024429268532784855 -0.026151130208522042 -0.02964293251539948 -0.010158035226801088 0.019259345027560826 0.05402503678448093 0.006824510018070328 0.0028652610473206257 0.066940126845687814 -0.051185898317657436 0.021966617969462476 -0.029832399823533723 0.0051147312814048091 -0.00048503221669221169 -0.019228088782782558 0.044810390536028963 -0.0056019470948691884 0.0013641874666379889 0.036065599220153559 -0.068520444470154512 -0.021788398618488112 -0.059891165554862763 0.011595925132836915
leaf_weight=3.3186004906892803 4.6027528792619687 3.4419672340154666 4.1210875511169425 3.8138575255870819 5.1277346909046173 4.5297444015741331 2.9383016303181648 6.6112483143806449 3.2121895775198936 3.8890439271926871 3.445442706346511 6.2878780215978614 3.7234642431139946 4.0332346856594086 3.8098247796297064 4.2682840526103965 4.1563165858387947 4.1411133632063857 6.5651948750019065 3.4987959116697311 110.03924836590886 7.0444755405187607 3.6514563336968422 6.7511323243379611 6.5912225246429461 4.0299756377935392 3.6879595071077347 6.0905693843960762 3.5773539096117002 22.221057292073965
leaf_count=18 34 19 20 20 31 28 17 36 17 25 21 34 24 21 23 28 23 23 37 21 592 34 20 39 31 22 22 33 20 127
internal_value=0 0.00922105 0.00345177 -0.0156182 0.0211092 -0.000713992 -0.013742 -0.000111811 0.00169596 -0.00108577 -0.000376107 0.000156806 0.0231781 0.0253753 -0.000642748 -0.00126807 -0.0253358 -0.000270312 0.00212876 0.03909 6.08362e-05 -0.00798861 -0.0109832 -0.00341746 0.0168525 -0.0135158 -0.02783 0.00124892 -0.0329231 0.00154469
internal_weight=0 19.8232 16.5046 7.93495 8.5697 243.397 10.7532 232.644 7.81494 224.081 217.47 213.581 7.16891 8.56298 206.412 200.124 7.96614 192.158 146.593 7.76708 138.826 45.5653 41.4241 30.8023 10.2427 20.5596 10.4391 10.1205 10.6218 132.26
internal_count=1460 108 90 40 50 1352 68 1284 51 1235 1199 1174 45 49 1129 1095 46 1049 805 49 756 244 221 167 51 116 61 55 54 719
is_linear=0
shrinkage=0.05


Tree=72
num_leaves=31
num_cat=0
split_feature=0 2 2 1 6 5 1 1 1 3 3 3 4 3 4 2 5 1 4 6 2 4 2 5 1 4 5 5 2 4
split_gain=0.679834 0.81956 1.25169 2.80504 1.49765 1.29574 2.80819 1.45152 2.21727 2.46073 1.42736 0.927433 2.34518 1.62426 1.67542 1.78165 2.37253 4.84436 3.57062 3.16449 1.97069 1.94755 3.06475 1.74973 1.73081 1.52529 3.9836 5.69105 2.54829 2.76119
threshold=31.665262127436922 -11.286465102201374 -5.9377736580518912 -6.1174051115558532 0.051319059057890935 3151.3279257213885 36.836749499248306 29.010199327274908 20.446581377260319 1346.6829441204152 2979.697204013492 2418.018842487505 2398.364508553515 2373.0548313289223 1337.3818726400539 7.852626313123416 1179.5621494761042 8.6597900203926788 1141.5976062650063 0.074532817970536028 0.56854932245674739 950.39376886299135 -0.40208510782138046 1161.448257725677 -9.961621299394265 938.44721049875534 926.25914335342361 907.5900605070417 -1.2011408289910737 724.62697673030641
decision_type=2 2 2 2 2 2 2 2 2 2 2 2 2 2 2 2 2 2 2 2 2 2 2 2 2 2 2 2 2 2
left_child=-1 -2 3 -3 -5 6 7 8 10 -10 11 12 13 14 15 16 18 19 21 -18 -19 24 -23 -20 -4 26 27 28 29 -26
right_child=1 2 5 4 -6 -7 -8 -9 9 -11 -12 -13 -14 -15 -16 -17 17 20 23 -21 -22 22 -24 -25 25 -27 -28 -29 -30 -31
leaf_value=0.020202688142486394 -0.022282584620149579 -0.024392541206014359 0.029551410044189371 0.054917127960179793 0.013333292709653825 0.025926972329104611 -0.042267108043399823 0.022907241779564283 -0.002652720774576079 -0.052766234014509264 0.030616346672607226 -0.017810939135068544 0.034499818456782072 -0.029065271583402292 0.024878418894410913 0.033375770563757692 -0.05477197770125241 -0.012675284545878929 0.05762676901702582 -0.0054244759069179338 0.032678569776316606 0.0037233078745883201 -0.054866142472223246 0.012734858867946747 -0.0018744032620120017 0.022864586277222966 -0.050754101188306103 0.058206220274373111 0.0020857714626839685 -0.030137207773851832
leaf_weight=4.1121277660131446 4.1672125533223143 3.2198341116309157 4.8201748430728903 3.6091582402586919 5.4119719937443733 4.4782118089497081 4.0950509011745444 6.4401883929967871 5.7000983431935293 4.2956207394599915 3.7165796384215346 7.5827554464340201 4.809179574251174 4.9680489897727957 6.4829067513346663 3.7014924362301818 8.3922974765300768 4.6528089940547925 3.679095193743704 5.3006505519151679 4.9361180514097214 4.7282273396849632 4.2277835831046087 5.2937774732708931 20.558366686105714 6.427468664944171 4.0738171190023413 3.9954117760062209 89.349325634539142 14.908842258155344
leaf_count=24 23 18 31 19 34 27 23 37 31 27 25 39 25 25 33 17 42 22 20 26 35 26 21 28 121 33 18 21 504 85
internal_value=0 -0.000288705 7.23399e-05 0.0156707 0.0299701 -0.000717922 -0.0012211 -0.000499829 -0.00116508 -0.0241888 -0.000102598 -0.000638885 -4.65295e-06 -0.000832289 -0.000114937 -0.000972029 -0.00165799 -0.0165831 0.000486161 -0.0356692 0.0106716 -0.00131062 -0.0239345 0.0311416 9.51618e-05 -0.000924011 -0.00207463 -0.000535086 -0.00241541 -0.0137548
internal_weight=0 258.022 253.855 12.241 9.02113 241.614 237.136 233.041 226.601 9.99572 216.605 212.889 205.306 200.497 195.529 189.046 185.344 23.2819 162.062 13.6929 9.58893 153.089 8.95601 8.97287 144.133 139.313 132.886 128.812 124.817 35.4672
internal_count=1460 1436 1413 71 53 1342 1315 1292 1255 58 1197 1172 1133 1108 1083 1050 1033 125 908 68 57 860 47 48 813 782 749 731 710 206
is_linear=0
shrinkage=0.05


Tree=73
num_leaves=31
num_cat=0
split_feature=2 5 3 6 7 3 1 2 2 1 2 7 4 4 5 3 5 6 4 1 2 7 7 6 0 4 2 1 1 1
split_gain=0.675861 2.6889 2.72591 2.83316 2.36479 2.21293 2.27885 2.15316 2.17956 2.09515 1.70043 1.57024 1.2335 3.89424 3.47691 2.5662 2.20284 8.50329 3.76446 2.50169 2.3224 1.984 2.65523 3.37391 4.66293 1.7831 3.32972 1.60923 2.35996 3.62699
threshold=4.9226705800645973 3146.7355161921746 2367.5486603316022 0.1455885793683519 21.066317734206748 3132.913695349816 29.655942664040257 3.9790419355976421 3.4414129427350377 3.8438495336483247 3.0101797261431495 23.553306666897441 1337.3818726400539 1310.2776125246905 2397.238747818757 1267.3947733701659 1181.2915356397325 0.068469317852979328 1141.5976062650063 -9.961621299394265 -0.89267125314915929 23.997670684434727 21.066317734206748 0.048649426402455238 49.426632218365093 950.39376886299135 -0.13588490361509106 3.2826346704351583 8.4670158276759384 13.400084018090014
decision_type=2 2 2 2 2 2 2 2 2 2 2 2 2 2 2 2 2 2 2 2 2 2 2 2 2 2 2 2 2 2
left_child=5 2 3 11 -4 6 7 8 10 -9 12 -2 13 15 -14 16 18 -18 19 -1 -19 22 23 24 -16 27 -27 -21 -29 -30
right_child=1 -3 4 -5 -6 -7 -8 9 -10 -11 -12 -13 14 -15 21 -17 17 20 -20 25 -22 -23 -24 -25 -26 26 -28 28 29 -31
leaf_value=0.03234050636441816 -0.0056080590373332401 0.033509727587512354 -0.0013823549801792166 -0.03753255753454314 -0.053968185644550304 -0.033767305535747152 0.038317446761363838 -0.0051482551445278723 -0.026584661902130408 0.041805034178520793 0.023508548800678476 0.03091536137549394 0.038872408610752487 -0.049557771536046361 0.054616857694031878 0.040100923203987511 -0.06801484192759237 0.025595370605635701 0.041955202498570571 -0.0049939005578543555 -0.022383881051752673 -0.029759072926161562 0.041228169907874312 -0.038629495415745209 -0.024472113139846225 0.0024309852093857831 -0.058740717069560106 0.015960951060639692 -0.032348612328418416 0.013989260530784793
leaf_weight=5.3951255679130545 6.1728980764746719 3.5416831001639357 3.3786896318197233 3.862698294222354 5.8217920288443565 4.5087177902460089 4.150322511792182 3.8811333328485471 7.5149715691804877 6.125864140689373 7.9461131244897834 5.6238831132650375 7.4618600979447391 4.1452677249908438 3.8167392760515266 3.8038140609860411 5.7217023372650173 6.6737539209425458 5.2808629199862471 81.731302138417959 4.0543872192501995 4.6314154490828505 4.2637290582060805 4.5509920716285706 3.6419941484928131 5.1929468214511871 3.8917255252599698 27.249150387942791 7.9710028916597393 8.980904743075369
leaf_count=36 31 21 19 24 32 27 25 19 39 34 45 28 37 25 19 26 26 41 30 476 20 25 24 23 21 28 20 149 43 47
internal_value=0 -0.00725 -0.0130568 -0.000365947 -0.0346571 0.000920441 0.00160616 0.000925745 -0.000134685 0.0235946 0.00082833 0.0118038 -7.97668e-05 -0.00168955 0.00957277 -0.000493823 -0.00144616 -0.0187902 0.000512116 -0.00104655 0.00746302 -0.000885554 0.00733183 -0.00470215 0.0159988 -0.00238066 -0.023774 -0.000837357 0.00684843 -0.0077994
internal_weight=0 28.4016 24.86 15.6595 9.20048 232.586 228.077 223.927 213.92 10.007 206.405 11.7968 198.459 170.092 28.3667 165.947 162.143 16.4498 145.693 140.412 10.7281 20.9049 16.2735 12.0097 7.45873 135.017 9.08467 125.932 44.2011 16.9519
internal_count=1460 155 134 83 51 1305 1278 1253 1200 53 1161 59 1116 967 149 942 916 87 829 799 61 112 87 63 40 763 48 715 239 90
is_linear=0
shrinkage=0.05


Tree=74
num_leaves=31
num_cat=0
split_feature=0 3 0 7 0 0 0 7 1 1 3 1 6 5 7 2 7 2 7 1 0 6 6 6 6 7 7 0 2 2
split_gain=0.648131 2.94596 2.40747 1.63002 1.40643 2.22529 2.28965 2.02269 1.63953 3.12632 2.60494 1.37575 2.53603 4.19461 3.79252 3.56136 3.44522 2.14267 2.06329 2.85409 1.74203 1.35013 1.08589 1.43803 1.56666 1.47942 1.75822 1.95776 5.58085 4.46387
threshold=72.518359792118289 791.18385036479481 71.749130662851869 35.92065521268627 68.75536543061655 67.260960497262332 66.285507071961504 27.589148247344966 29.010199327274908 20.238088360163776 3101.6044360841429 7.2129729694610498 0.10487636851169123 1205.0778248423712 27.159055179091634 0.16990348790561896 22.551983840114779 -0.40208510782138046 32.780578480785131 6.320399946134132 51.287688610574101 0.063919514431183724 0.12229144664221782 0.1085548693253728 0.098226893595098938 31.092086817753927 29.76649233140925 54.186379671651302 1.6052004289620598 3.347170808845493
decision_type=2 2 2 2 2 2 2 2 2 2 2 2 2 2 2 2 2 2 2 2 2 2 2 2 2 2 2 2 2 2
left_child=2 3 4 -2 5 6 8 -6 9 11 -10 18 13 14 21 20 -17 -14 19 22 -15 -13 23 24 25 26 27 -1 -29 -30
right_child=1 -3 -4 -5 7 -7 -8 -9 10 -11 -12 12 17 15 -16 16 -18 -19 -20 -21 -22 -23 -24 -25 -26 -27 -28 28 29 -31
leaf_value=0.0028582629603822012 0.032857806092154516 -0.03829356390914615 0.040104463979431494 -0.0097448003312527089 -0.00011032336544355872 0.025328973747870645 -0.035335938559077865 -0.04605479338650828 0.053633611222046955 -0.035804491860797254 -0.0039841546981000961 0.06560579960819847 0.009753530389674591 -0.0024169288436249065 -0.0021416135409803591 0.042060478106594579 -0.022406134548562405 -0.041072264242125164 0.026357134075532831 -0.044603809881451878 -0.051516738770085391 0.029365279195444273 -0.022799154251131489 0.02259682080146545 -0.029096140833937086 -0.03162764284749426 0.034032719853638774 -0.037427567170297146 0.030410472282703341 -0.018148514931306172
leaf_weight=97.042094383388758 3.734176889061926 5.7220869064331046 3.8062743172049514 5.6308609619736671 6.0444064065814 8.9057419300079328 4.5319494158029547 3.968248076736927 3.6851333677768698 6.0121085569262496 4.194463886320591 6.3041139170527476 4.1657293699681759 3.4181239902973202 4.9502268508076659 5.7313016541302186 3.2463709861040115 4.1288877278566343 6.495942994952201 3.9061116874217978 3.8314094319939613 4.3386761024594307 5.6675230711698523 6.4463956654071799 4.9802596978843203 3.7230737507343283 3.7600456774234763 12.500821821391584 9.2689473703503626 9.670505613088606
leaf_count=556 20 31 20 29 34 45 25 21 22 36 24 39 27 19 31 44 17 20 41 22 21 23 32 34 26 19 22 67 48 45
internal_value=0 -0.010028 0.000649963 0.00724239 2.66212e-05 0.000822141 -0.000160973 -0.0183192 0.000572059 -0.000269724 0.0229625 0.000779704 0.00907691 0.0154955 0.0340147 -0.00229987 0.018749 -0.0155465 -0.0012565 -0.00239927 -0.0283664 0.0508319 -0.00132221 -0.000496373 -0.00155258 -0.000543691 0.000331428 -0.000654843 -0.0114982 0.0056162
internal_weight=0 15.0871 244.725 9.36504 240.919 230.906 222 10.0127 217.468 209.589 7.8796 203.577 40.1148 31.8202 15.593 16.2272 8.97767 8.29462 163.462 156.966 7.24953 10.6428 153.06 147.392 140.946 135.965 132.242 128.482 31.4403 18.9395
internal_count=1460 80 1380 49 1360 1305 1260 55 1235 1189 46 1153 241 194 93 101 61 47 912 871 40 62 849 817 783 757 738 716 160 93
is_linear=0
shrinkage=0.05


Tree=75
num_leaves=31
num_cat=0
split_feature=0 3 6 7 6 6 4 3 1 3 5 7 3 0 1 6 5 6 7 1 7 1 0 2 1 2 3 7 5 7
split_gain=0.633912 2.61036 2.35462 1.7519 1.71223 2.06751 1.55557 3.55025 3.25866 1.56927 1.34812 1.50903 4.688 1.74228 1.65014 3.62712 3.57744 1.67878 5.56892 3.23787 3.25667 4.7416 4.36303 4.18106 1.9471 1.85607 2.89746 2.88776 1.78137 3.55697
threshold=60.803186167160803 369.24813728409731 0.041390325633345278 36.308999293431114 0.16310437665488811 0.1275916470922398 369.62051639925636 354.69824290771629 -1.8914954688761723 373.29410022116843 376.97916901644498 31.092086817753927 1151.6876698628041 44.997048631266928 11.19696061162597 0.05805378773241416 2937.9212926839023 0.050098821727654945 15.399515927683426 -6.2086286422916137 24.423531929407705 1.7722931702511462 52.832379707281014 -1.9922896355267852 -17.024683695001382 -0.67270238514827629 547.46399914143069 16.236989944824007 1305.9285241266327 21.066317734206748
decision_type=2 2 2 2 2 2 2 2 2 2 2 2 2 2 2 2 2 2 2 2 2 2 2 2 2 2 2 2 2 2
left_child=3 -2 -3 6 5 -4 7 8 -1 -8 -11 14 13 -13 17 16 -16 19 -19 24 21 23 -23 -21 -12 -25 -27 -28 -20 -30
right_child=1 2 4 -5 -6 -7 9 -9 -10 10 11 12 -14 -15 15 -17 -18 18 28 20 -22 22 -24 25 -26 26 27 -29 29 -31
leaf_value=0.037656641374820901 0.041825463919275219 -0.054702715204834274 -0.0054885776837535621 0.030946476863543678 -0.034615301538900217 0.022632857373936957 0.027519202916554547 -0.051766134391710308 -0.026030607323775656 -0.025844539174683497 0.0023748606333778293 0.038228047194337408 -0.054953507390811021 -0.012613751661065273 0.021264251276161814 0.041429167351407947 -0.045265679353624882 -0.050448273044039774 0.0039578596351749788 0.06567707786328858 0.059328689052172118 -0.047982424967727505 0.014371558461450357 -0.017515424382996178 -0.04902872723658841 -0.0039790869757598294 0.065715671332338618 0.0036228283388422228 -0.03920071819547679 0.012185466263181493
leaf_weight=3.7600611969828597 2.9781157597899428 2.3943130224943152 53.883953280746937 4.935619890689849 4.3286032229661933 7.4382423162460318 5.823502965271472 4.5056381151080123 4.3116874396800986 4.5120987445116034 4.0412507355213165 3.102456793189047 4.5546117126941681 3.6883634328842163 5.1009308844804782 8.3152512460947019 3.3460158482193947 5.7151949107646933 67.266672853380442 4.6301846802234641 3.7420633882284156 5.5445376634597761 5.6788094043731689 4.0211498364806202 3.385534666478633 6.4161968678236025 4.7653459161520004 3.0845035910606384 7.4238874241709691 6.1636323481798172
leaf_count=25 18 15 287 29 26 40 34 25 27 29 21 20 23 20 27 63 19 33 366 25 24 31 32 21 21 38 31 19 39 32
internal_value=0 -0.00399373 -0.00599909 0.00155159 -0.00422285 -0.00207751 0.000758358 -0.0162104 0.00363681 0.00201141 0.00110839 0.00186855 -0.0157081 0.0106139 0.00321013 0.017987 -0.00508967 0.00133195 -0.00274929 0.00912965 0.0150478 0.0101943 -0.0164324 0.0232342 -0.0210577 0.012488 0.020945 0.041317 0.000622319 -0.0158907
internal_weight=0 71.0232 68.0451 187.835 65.6508 61.3222 182.9 12.5774 8.07175 170.322 164.499 159.987 11.3454 6.79082 148.641 16.7622 8.44695 131.879 86.5694 45.3096 37.8828 34.1407 11.2233 22.9174 7.42679 18.2872 14.266 7.84985 80.8542 13.5875
internal_count=1460 386 368 1074 353 327 1045 77 52 968 934 905 63 40 842 109 46 733 470 263 221 197 63 134 42 109 88 50 437 71
is_linear=0
shrinkage=0.05


Tree=76
num_leaves=31
num_cat=0
split_feature=0 1 5 0 7 1 1 6 6 0 0 6 6 1 6 0 6 2 5 5 7 3 4 4 4 6 4 4 2 6
split_gain=0.643354 1.17989 1.90708 1.34847 1.20722 0.679217 3.13401 1.92414 2.70787 3.92777 2.40025 2.32286 1.99165 1.62441 1.80238 1.57956 2.3069 1.47224 2.93757 2.24412 3.03611 2.13339 2.76289 2.67527 1.92907 6.10984 3.53015 1.70347 4.66584 1.90524
threshold=36.395919409487696 -17.024683695001382 769.05428620736473 33.1626261718568 24.506275503407867 -4.8216842378584479 -5.4863420983069764 0.11803610273716449 0.049806150727708325 43.424142925584512 41.209432929507656 0.064738966436310552 0.077577596428575424 -4.0981762708749718 0.063919514431183724 40.220869897155374 0.071995029291072724 4.9226705800645973 3146.7355161921746 1159.874107491961 21.139083790407934 3132.913695349816 1337.3818726400539 1324.9133384520394 1141.5976062650063 0.054578433827917924 1167.2614922356636 950.39376886299135 -0.088689506480834443 0.13203205227395148
decision_type=2 2 2 2 2 2 2 2 2 2 2 2 2 2 2 2 2 2 2 2 2 2 2 2 2 2 2 2 2 2
left_child=1 -1 4 -4 -3 6 7 8 10 12 -2 -11 -10 14 -7 16 -15 21 19 -19 -21 22 23 24 27 -26 -27 29 -29 -17
right_child=5 2 3 -5 -6 13 -8 -9 9 11 -12 -13 -14 15 -16 17 -18 18 -20 20 -22 -23 -24 -25 25 26 -28 28 -30 -31
leaf_value=0.0365346957905383 -0.050684126119941102 -0.0029739450108019539 -0.034674415920135669 0.0070288654663345582 0.035589760832069037 0.043192983077331042 -0.050589536469389879 -0.036120944334009669 0.057136782274586101 0.021558383872098175 0.0044169732065592656 -0.028631960064223951 0.014487169595296098 -0.045285335244158287 -0.0031998074214128177 -0.00063675883079477257 0.0064209526530329235 0.0063020931804615987 0.032021284740520121 0.0010585757314539033 -0.045344365680198048 -0.035190644083082256 0.020265733919646652 -0.038978062028303166 -0.046889526981989268 0.067241485200872239 0.014811502020632373 0.011200583517517291 -0.064457936276980418 0.029985632366821842
leaf_weight=3.1997879296541241 3.9103441759943989 3.4335266426205653 4.0190245807170859 3.7442778944969177 4.9625059217214584 4.5699364393949491 3.6968050003051749 3.6849533244967452 4.5540197566151637 3.5297029986977559 3.996222086250782 6.6454626321792603 6.8616649210453033 4.6558580473065359 3.8634975478053093 96.001147132366896 4.0194623842835426 6.8617191761732164 3.4809844940900794 5.5955336615443221 9.5266445949673635 3.7065983340144149 20.553085397928953 4.1420893669128409 3.2576264142990139 4.2646143138408688 12.988770775496958 4.5540718510746956 3.68800340592861 5.363144487142562
leaf_count=18 21 19 20 20 31 28 20 21 28 17 23 34 39 26 20 548 22 37 21 30 53 23 117 26 17 24 82 26 20 29
internal_value=0 0.00879519 0.00330236 -0.0145607 0.0198193 -0.000683211 -0.00692083 -0.00205576 0.00219982 0.0113673 -0.0228343 -0.0112212 0.0315012 0.00046073 0.0219397 -0.000479485 -0.0213287 0.00050361 -0.0106558 -0.0174133 -0.0281743 0.00229628 0.00319381 0.000580353 0.00183964 0.0159131 0.0277709 -0.000793979 -0.0226536 0.00098346
internal_weight=0 19.3591 16.1593 7.7633 8.39603 237.972 36.8792 33.1824 29.4974 21.5909 7.90657 10.1752 11.4157 201.093 8.43343 192.659 8.67532 183.984 25.4649 21.9839 15.1222 158.519 154.813 134.259 130.117 20.511 17.2534 109.606 8.24208 101.364
internal_count=1460 108 90 40 50 1352 203 183 162 118 44 51 67 1149 48 1101 48 1053 141 120 83 912 889 772 746 123 106 623 46 577
is_linear=0
shrinkage=0.05


Tree=77
num_leaves=31
num_cat=0
split_feature=0 7 7 7 5 6 5 3 5 3 5 1 5 6 6 7 7 7 5 6 3 3 3 7 3 2 6 4 7 7
split_gain=0.640615 0.594582 0.87481 1.9073 2.31595 0.991034 0.905202 1.93725 2.26627 1.95612 1.80234 4.45187 2.4656 1.26971 1.74534 1.60206 1.12866 2.03076 2.75764 1.37355 0.82071 3.56929 3.32776 3.35046 1.47845 3.67087 2.79098 2.04962 1.30917 1.95005
threshold=31.665262127436922 43.930990676881713 38.368165286347867 34.906054382366165 735.57468483205128 0.13140280491354359 353.60642875520358 365.19750534004243 372.11199355375476 354.69824290771629 378.3692104196121 -0.18872844521595764 380.52462844620754 0.030191815952423991 0.033951304740501391 20.371545681793261 31.19432915082395 32.209247875917875 1177.7575229155248 0.1455885793683519 382.87081184066193 387.11949102848081 542.25652386067475 23.416598439770024 691.35023208031328 -0.3405911625118489 0.085515429721756672 719.68806785205118 16.236989944824007 20.683447950594545
decision_type=2 2 2 2 2 2 2 2 2 2 2 2 2 2 2 2 2 2 2 2 2 2 2 2 2 2 2 2 2 2
left_child=-1 2 3 6 -5 -4 -2 9 -9 -8 11 -10 -12 -14 15 -15 19 -18 -19 20 -16 -22 23 -23 25 -24 -27 -26 -29 -30
right_child=1 -3 5 4 -6 -7 7 8 10 -11 12 -13 13 14 16 -17 17 18 -20 -21 21 22 24 -25 27 26 -28 28 29 -31
leaf_value=0.019893582651588426 0.021953998575941509 -0.016027761272541536 0.0019948882047497807 -0.049290927005539317 0.0028352436063460349 0.035646070706133751 -0.00052771811031979002 0.03907536130256041 0.0067133546429991101 -0.045909744462551028 0.047561922362207895 -0.064055574225576159 -0.028259135136183933 0.00178504623988812 0.020663632601864618 0.052296034025570516 -0.047098218527567952 0.022340194926626474 -0.035920569997110102 0.03153966599956648 -0.045463096249805476 0.067454477341281655 -0.048515183971446552 -0.001371190070362553 0.030196594824118878 -0.017897135836631665 0.031800268977883066 0.009994003191622032 -0.01129336208126859 0.0027311814220256953
leaf_weight=3.9954198375344268 4.7561056502163401 5.8587874919176093 5.5560470297932607 4.343063756823538 4.1834244430065155 3.6091361418366432 4.9809904620051366 3.8164880126714698 5.6068636924028397 4.5375853329896927 2.8264790475368491 3.6813888698816282 3.7570160925388327 3.1422811076045027 4.943155735731124 3.1369560584425926 3.4372207745909682 4.9680282399058324 3.4356741085648537 3.6591580770909777 4.2103786692023268 3.7120750695466986 5.3603237643837955 3.3767906427383423 5.8991862237453452 7.3107523918151838 4.6042834222316742 26.657543271780014 39.047545555979013 67.863581702113152
leaf_count=24 36 30 29 21 25 20 27 23 30 25 16 24 25 20 29 21 21 31 18 25 23 27 31 22 39 36 26 152 210 374
internal_value=0 -0.000285414 8.88706e-05 -0.000496664 -0.0237158 0.0152463 0.000368896 -8.94698e-05 0.000890214 -0.0221617 0.000198344 -0.0213358 0.00119172 0.00053152 0.00108689 0.0270191 0.000222982 -0.0147211 -0.00147847 0.00122472 0.00058347 -7.20989e-06 0.00116098 0.0346693 -0.000354469 -0.014152 0.00130725 0.00135458 8.07469e-05 -0.00239105
internal_weight=0 252.278 246.42 237.254 8.52649 9.16518 228.728 223.972 214.453 9.51858 210.637 9.28825 201.348 198.522 194.765 6.27924 188.486 11.8409 8.4037 176.645 172.986 168.042 163.832 7.08887 156.743 17.2754 11.915 139.468 133.569 106.911
internal_count=1460 1436 1406 1357 46 49 1311 1275 1223 52 1200 54 1146 1130 1105 41 1064 70 49 994 969 940 917 49 868 93 62 775 736 584
is_linear=0
shrinkage=0.05


Tree=78
num_leaves=31
num_cat=0
split_feature=0 0 4 3 7 3 6 2 7 5 5 0 7 5 5 5 7 4 0 1 6 3 1 1 6 3 1 7 1 6
split_gain=0.582318 0.548823 0.625876 3.1864 3.07496 2.65738 4.04781 2.79963 2.65708 2.6297 2.14283 2.32051 2.93935 2.23278 2.13558 4.10459 3.88124 1.92977 2.05606 3.57251 3.77642 2.63832 3.96171 3.79864 2.0885 2.00452 1.95957 1.91222 2.13476 2.53373
threshold=31.665262127436922 78.15596550595383 726.23224106984287 735.47036359106971 31.092086817753927 628.75285808085266 0.071791377635505763 1.561409189240635 26.275215358814645 553.90355565000971 539.0993811997115 68.817002243583602 30.616012238086537 547.02044456520503 902.21830555496138 926.25914335342361 19.243241791134373 3171.0868843474168 49.120125225733268 7.5704359466388391 0.037123181482600451 1335.2013813348804 12.354798958864821 10.396936217899908 0.034169089417318388 1143.1439361767461 11.883891708224214 13.133472680496862 -2.3513234015699989 0.062872547033918577
decision_type=2 2 2 2 2 2 2 2 2 2 2 2 2 2 2 2 2 2 2 2 2 2 2 2 2 2 2 2 2 2
left_child=-1 2 5 -4 8 9 -7 -8 14 10 11 12 27 -12 16 -16 -5 18 24 20 -20 23 -23 -21 -17 -22 -25 -2 29 -29
right_child=1 -3 3 4 -6 6 7 -9 -10 -11 13 -13 -14 -15 15 17 -18 -19 19 21 25 22 -24 26 -26 -27 -28 28 -30 -31
leaf_value=0.01903206969594097 0.031645780754151975 -0.019614347657980202 -0.043353857514430924 0.00082677108885421057 -0.020995801080618604 0.063297623746320517 0.025475950740559639 -0.020991657493803332 0.018613523951752253 -0.035795095393470006 0.055487321902260883 -0.038692501407327606 0.029247350185199052 0.0078734376145909706 0.043766402775043095 -0.034184852814062389 -0.047886403264229049 -0.029762302473758152 0.021032240227932437 0.053682213067681721 -0.062718545493620645 -0.062694514357732309 0.001738681313714605 -0.027941193189825044 0.015233100028214382 -0.022022181708369337 0.016397290949435716 0.044816866275513956 -0.01597798756356171 -0.0045172292021048244
leaf_weight=3.9681751467287532 3.3343420103192321 3.6147439628839484 4.5033232904970637 11.069562286138536 16.59154786914587 4.2347717657685306 8.2991989105939847 5.3188621625304213 20.044085428118706 5.0318698883056632 3.290254868566989 4.1336199566721907 7.4622695446014395 9.7831116467714292 5.4920907318592063 2.3125556856393841 6.4842198863625518 5.3878990784287444 4.2560417428612736 5.427062094211581 3.9759766757488277 2.8223212994635132 15.418418169021605 3.5447183772921553 28.323232799768448 12.661302637308834 8.3904859349131566 3.5359543934464375 26.549288555979736 9.8597164899110776
leaf_count=24 22 20 27 57 95 32 49 27 105 27 24 21 42 58 33 14 36 31 23 34 20 17 98 18 151 65 55 22 161 52
internal_value=0 -0.000272443 1.00024e-05 -0.00190414 -0.000677731 0.00331227 0.0206034 0.00732691 0.00180814 -0.000917577 0.00166525 -0.00266866 0.000265996 0.0198567 -0.00110664 0.00176982 -0.0171675 -0.000723141 0.00107252 -0.00458339 -0.0209963 0.00504839 -0.00823083 0.0189995 0.0115028 -0.0317478 0.0032289 -0.004731 -0.0077675 0.00850512
internal_weight=0 251.153 247.538 156.705 152.202 90.8333 17.8528 13.6181 135.61 72.9804 67.9486 54.8752 50.7416 13.0734 115.566 98.0121 17.5538 92.52 87.1321 56.4963 20.8933 35.603 18.2407 17.3623 30.6358 16.6373 11.9352 43.2793 39.945 13.3957
internal_count=1460 1436 1416 879 852 537 108 76 757 429 402 320 299 82 652 559 93 526 495 330 108 222 115 107 165 85 73 257 235 74
is_linear=0
shrinkage=0.05


Tree=79
num_leaves=31
num_cat=0
split_feature=7 6 0 0 0 2 2 1 3 7 6 6 5 5 6 0 5 5 3 3 1 5 5 2 3 5 5 2 4 5
split_gain=0.598002 0.870343 2.93487 2.59435 2.59914 2.81389 2.17274 3.62966 2.64742 3.35122 3.31757 3.06512 2.27991 1.92459 1.50847 2.72686 1.19677 1.17345 1.66299 5.08464 4.81722 1.71108 5.52592 1.60013 1.83773 2.77639 1.84292 3.65294 2.2958 7.05986
threshold=43.930990676881713 0.093386393735261489 33.1626261718568 35.676228782248934 37.610915253536071 -2.5005302070541728 -0.40208510782138046 4.5595828589551397 781.79515573060394 33.564210508194144 0.10637750124542171 0.11719470551502219 728.03414259637873 747.72377603216353 0.089270930884831526 62.087021099987155 1229.20988149953 353.60642875520358 370.07393449674186 373.29410022116843 -2.8154500870950865 372.11199355375476 376.97916901644498 -0.67270238514827629 3099.1136236859279 2936.7018627693619 2465.8651678667543 -5.39617686863693 2380.5685694934386 1205.0778248423712
decision_type=2 2 2 2 2 2 2 2 2 2 2 2 2 2 2 2 2 2 2 2 2 2 2 2 2 2 2 2 2 2
left_child=1 14 -3 -4 -5 13 12 -8 9 -9 -10 -12 -7 -6 17 -16 -13 -1 20 -20 -19 -21 -23 24 25 26 27 -24 29 -29
right_child=-2 2 3 4 5 6 7 8 10 -11 11 16 -14 -15 15 -17 -18 18 19 21 -22 22 23 -25 -26 -27 -28 28 -30 -31
leaf_value=0.023867195726456288 -0.015815247632667256 0.054783654356837568 -0.043886746202822499 0.052948950287865219 -0.050579146184884606 0.011378064644419261 -0.049533840837696255 0.057221616913200136 0.033524730710108995 0.0039953816738913465 -0.060421727373268369 -0.016417423895511121 0.062286867771060433 -0.003532602672108546 -0.00034283684108208539 -0.052078343281762245 0.021085347621663548 0.026336006942056223 0.077707299117054443 0.039635705517343314 -0.04790372901663667 -0.061955305852540922 0.034163626263343724 0.0043412260949651487 -0.038668354037121433 0.037180844786129943 -0.036166340754559226 -0.003838941592577741 0.024557822696319734 -0.063481933377132746
leaf_weight=4.9443872831761828 5.8194325864315024 2.8947378247976294 2.7852841615676871 2.7504337504506102 3.5998775735497457 6.2213986814022046 3.0570538640022269 4.9397910982370394 4.1690164059400585 7.3685620650649071 3.1751426532864562 6.2535371109843236 3.4017340689897537 5.4874431043863297 6.9721166081726533 4.012944757938385 3.2240022420883179 3.413287028670311 2.0966855138540259 2.5919399932026854 6.072363927960394 3.6704552248120299 5.6256490275263777 91.592559859156623 4.0303163006901732 3.8676863461732855 4.823307789862155 34.434555701911435 4.6828809753060332 5.7967898249626151
leaf_count=37 30 20 14 13 23 35 15 32 25 38 16 36 20 33 40 20 18 20 14 14 34 26 35 519 25 21 27 203 25 32
internal_value=0 0.000399807 0.00568184 0.00316317 0.00560589 0.00304754 0.00852844 0.00229611 0.00773541 0.025357 -0.00515823 -0.0179041 0.0293741 -0.0221698 -0.00126152 -0.0192423 -0.00366 -0.000149625 -0.000837231 0.00034561 -0.0211895 -0.000661137 -0.00132001 0.000117214 -0.00599851 -0.00377552 -0.00663674 -0.00381856 -0.00857595 -0.0124327
internal_weight=0 247.956 59.328 56.4333 53.648 50.8976 41.8102 32.1871 29.1301 12.3084 16.8217 12.6527 9.62313 9.08732 188.628 10.9851 9.47754 177.643 172.698 163.213 9.48565 161.116 158.524 154.854 63.2612 59.2309 55.3632 50.5399 44.9142 40.2313
internal_count=1460 1430 338 318 304 291 235 180 165 70 95 70 55 56 1092 60 54 1032 995 941 54 927 913 887 368 343 322 295 260 235
is_linear=0
shrinkage=0.05


Tree=80
num_leaves=31
num_cat=0
split_feature=7 0 1 0 0 0 3 5 5 7 7 4 0 1 3 6 6 5 0 1 1 0 2 2 0 5 2 7 3 4
split_gain=0.552437 0.634551 1.97341 1.72432 1.57052 2.34156 1.42583 2.94491 2.00796 2.80896 3.43705 2.55866 2.0709 3.41117 2.89553 2.43405 2.05611 4.80183 1.68657 1.98725 2.69525 2.64193 1.8786 1.60849 1.45955 1.37025 1.36575 1.36188 1.16358 2.95884
threshold=12.127146431032605 54.186379671651302 18.326498217012389 55.99336139575172 52.3240029737862 51.864070557234093 781.79515573060394 729.1285539639282 786.40998674046989 29.032478067036688 26.775996187898404 952.32785647848084 60.606590613451864 14.206603326866686 2476.3895891465113 0.062157514533116166 0.074910452927487173 1205.0778248423712 76.101260066660245 4.3835118970279163 8.4670158276759384 66.285507071961504 1.6640923236505836 4.9226705800645973 66.745825353220553 902.21830555496138 10.916246459724732 19.243241791134373 354.69824290771629 369.62051639925636
decision_type=2 2 2 2 2 2 2 2 2 2 2 2 2 2 2 2 2 2 2 2 2 2 2 2 2 2 2 2 2 2
left_child=-1 2 4 27 5 28 7 18 -8 10 11 -10 16 15 -15 -14 17 -13 19 22 21 -21 -5 -11 -22 -6 -16 -3 -2 -30
right_child=1 3 -4 6 25 -7 8 -9 9 23 -12 12 13 14 26 -17 -18 -19 -20 20 24 -23 -24 -25 -26 -27 -28 -29 29 -31
leaf_value=0.023890883767803996 0.021705250099207058 -0.037978972411465833 0.037878387725762519 -0.03703520676415422 -0.00040320359626023599 -0.037234113248827194 -0.044092077033175733 0.039579851244223009 0.030018985314721858 -0.053295345644394358 0.045837090854165638 0.046246886395393649 -0.013798000786958016 0.027726871145168398 -0.04240795515270835 -0.063172459466520933 0.031805089824223629 -0.029556336693460052 -0.030396224077287617 0.049115244087483793 -0.029592092999360775 0.0032053347931790717 0.0050500857878732859 -0.0068229093450384625 0.0082327435951422036 0.03283230267637112 0.0016616299644569062 -0.0055446099167457824 -0.046741148201521865 0.00093751043829035259
leaf_weight=2.4020067378878585 6.2174127399921408 5.8434975594282133 3.7502289600670329 4.6910024210810644 5.6227045655250532 4.2246630787849417 3.2516595125198355 5.6948704048991194 5.1117513477802268 4.0700787082314482 3.9039404839277259 2.9841462224721891 4.871330142021181 5.3884438052773458 3.6150871776044369 5.119294211268425 5.2697651013731948 6.9658483117818832 3.8378647267818442 6.9438858702778834 3.9850055128335935 5.710810013115406 6.0993359535932541 3.4320042580366135 7.0842911675572395 6.9155123382806778 3.4224451631307602 7.2542320042848587 3.3576641306281081 105.36721114441752
leaf_count=18 43 33 21 23 33 24 16 32 27 27 20 19 27 34 24 24 35 38 19 45 21 31 31 21 37 42 18 39 19 619
internal_value=0 -0.000202659 0.00211382 -0.00294188 0.00109545 -0.000675601 -0.000737707 0.00602922 -0.00592993 -0.0036385 0.000927993 -0.0031733 -0.00768146 -0.0173456 0.000143495 -0.039098 0.00655253 -0.00682186 0.00104733 0.00454374 0.0126351 0.028397 -0.0132461 -0.0320354 -0.0053844 0.017928 -0.0209763 -0.0200151 0.000668094 -0.000534912
internal_weight=0 250.006 135.455 114.551 131.705 119.167 101.453 44.0471 57.4058 54.1541 46.6521 42.7481 37.6364 22.4166 12.426 9.99062 15.2198 9.94999 38.3522 34.5143 23.724 12.6547 10.7903 7.50208 11.0693 12.5382 7.03753 13.0977 114.942 108.725
internal_count=1460 1442 801 641 780 705 569 239 330 314 266 246 219 127 76 51 92 57 207 188 134 76 54 48 58 75 42 72 681 638
is_linear=0
shrinkage=0.05


Tree=81
num_leaves=31
num_cat=0
split_feature=0 1 5 2 0 0 0 0 6 6 1 0 2 1 6 1 1 2 5 5 7 4 4 4 0 6 6 3 4 4
split_gain=0.562139 1.0436 1.79402 1.20876 0.966694 0.724866 2.49323 1.54669 3.59387 2.58892 2.71841 1.75923 1.8875 1.23208 2.52189 2.1137 1.19891 1.1205 2.71745 1.9586 2.92665 1.87912 2.65814 2.45054 2.44514 2.05399 2.34863 1.54305 4.82769 6.39231
threshold=36.395919409487696 -17.024683695001382 769.05428620736473 -1.6150381713868185 32.698327971064579 43.534258832733066 44.641511525233653 41.742378063653142 0.066260138530329249 0.042602855704374602 -2.5611287745169586 39.256524480509349 -2.3256171381452653 -4.8216842378584479 0.064738966436310552 -3.7131120984212482 -8.1991139070353807 4.9226705800645973 3146.7355161921746 1159.874107491961 21.139083790407934 3101.8164637032364 1337.3818726400539 1317.8121147951599 50.589219896722824 0.044213809053986301 0.058910114646140162 1194.1864960113178 1167.2614922356636 1141.5976062650063
decision_type=2 2 2 2 2 2 2 2 2 2 2 2 2 2 2 2 2 2 2 2 2 2 2 2 2 2 2 2 2 2
left_child=1 -1 3 -3 -4 7 -7 9 -9 -2 11 12 -11 14 -8 -15 -13 21 19 -19 -21 22 23 27 -24 -26 -27 28 29 -17
right_child=5 2 4 -5 -6 6 13 8 -10 10 -12 16 -14 15 -16 17 -18 18 -20 20 -22 -23 24 -25 25 26 -28 -29 -30 -31
leaf_value=0.034846205207955859 -0.035945174660802708 0.035562901111498742 -0.032292848720809224 -0.0033382614156750494 0.0032220196883855664 0.032241066825328291 0.0057136822341671582 0.0016322733167126379 -0.048936077071813827 -0.014636351567569867 -0.02029035570398726 0.0080781714328313822 0.027812516563668989 0.035907314485835576 -0.037961412451339299 -0.001128296864174431 0.045708222522417775 0.0060245303947353947 0.03144876004750196 0.00213218256458419 -0.043723750419471394 -0.029190402812959079 0.051293568759387079 -0.039034986798650043 0.03941202628652813 -0.023196015305728842 0.030902271367881786 0.018769972468976635 -0.060689230254372187 0.065945718751407853
leaf_weight=3.0979504659771946 4.3505805209279087 4.7926079742610455 3.7768443077802649 3.4231907762587053 3.8890315443277359 6.0768615826964369 6.9714475423097593 8.2642308399081212 6.112110234797 6.7810595557093656 7.4202173128724089 3.3972196727991104 4.266351170837881 4.1902199387550345 6.2849247753620148 93.160208757966757 5.6155124306678754 6.7135709598660531 3.4433656074106684 5.568532668054103 9.2750957161188108 4.7506758421659461 4.8162286877632168 3.8741879165172568 3.947263576090335 5.6605691239237768 3.1077323146164417 11.489338416606186 3.2321804016828528 3.6929405480623236
leaf_count=18 24 30 19 20 21 36 37 48 36 37 41 21 30 28 31 538 33 37 21 30 53 30 25 24 24 32 22 77 15 22
internal_value=0 0.00829989 0.00312165 0.0193544 -0.0142755 -0.000649439 0.000741228 -0.00625503 -0.0198669 -0.00010728 0.00556643 0.0151308 0.00175679 -0.000321164 -0.0149929 0.000844018 0.0315241 -5.88351e-05 -0.0097971 -0.0163854 -0.0265211 0.00170883 0.00281269 5.79339e-05 0.0209531 0.00946108 -0.00402206 0.00141535 -0.000576881 0.00142919
internal_weight=0 18.9796 15.8817 8.2158 7.66588 232.463 186.255 46.2073 14.3763 31.8309 27.4804 20.0601 11.0474 180.178 13.2564 166.922 9.01273 162.732 25.0006 21.5572 14.8436 137.731 132.981 115.449 17.5318 12.7156 8.7683 111.575 100.085 96.8531
internal_count=1460 108 90 50 40 1352 1082 270 84 186 162 121 67 1046 68 978 54 950 141 120 83 809 779 676 103 78 54 652 575 560
is_linear=0
shrinkage=0.05


Tree=82
num_leaves=31
num_cat=0
split_feature=0 1 4 2 0 0 0 6 6 1 0 2 1 6 1 6 7 1 1 0 0 6 0 0 1 5 7 1 4 4
split_gain=0.510642 0.956517 1.68214 1.58105 0.657737 2.26325 1.4 3.27758 2.34962 2.46867 1.60745 1.71551 1.11431 2.28409 1.93447 1.12387 1.25737 2.58405 3.99681 1.79593 2.00892 2.00475 2.77977 2.99219 3.35979 2.57233 1.88296 1.8041 1.69849 1.69822
threshold=36.395919409487696 -17.024683695001382 726.23224106984287 -4.0894042769825782 43.534258832733066 44.641511525233653 41.742378063653142 0.066260138530329249 0.042602855704374602 -2.5611287745169586 39.256524480509349 -2.3256171381452653 -4.8216842378584479 0.064738966436310552 -3.7131120984212482 0.032199590635791031 15.307301362625454 7.5704359466388391 0.99985798691767525 54.186379671651302 55.650247104867844 0.082837475182216042 52.706002596842737 51.287688610574101 0.75943547806755884 785.01822391883741 16.034147559637823 1.7722931702511462 1337.3818726400539 764.4538643142854
decision_type=2 2 2 2 2 2 2 2 2 2 2 2 2 2 2 2 2 2 2 2 2 2 2 2 2 2 2 2 2 2
left_child=1 -1 -3 -4 6 -6 8 -8 -2 10 11 -10 13 -7 -14 -16 17 18 -17 21 -21 22 23 24 -18 -23 -22 -28 -26 -29
right_child=4 2 3 -5 5 12 7 -9 9 -11 -12 -13 14 -15 15 16 19 -19 -20 20 26 25 -24 -25 28 -27 27 29 -30 -31
leaf_value=0.033522490136425713 -0.034326003853037093 0.024721385825318968 0.01798868850466525 -0.023597905866762001 0.030805349691154605 0.0054308539667604697 0.0015507027216387912 -0.046844787146892636 -0.013929203242535063 -0.019366969659475049 0.030233278022045031 0.026663655821486321 0.034576129568945825 -0.036170993561632905 0.023431185844755707 -0.0052032568947395306 0.030041940789874849 0.021739790300231293 -0.062298376265858116 -0.026366401692922481 0.033334934181479786 0.0012130286626864401 0.03714934389321585 -0.034278923602202367 -0.032115174643017531 0.06303183477132944 -0.026092365820678448 0.0082036477808613943 0.009125853994867426 -0.0062038452205404509
leaf_weight=3.0602443069219616 4.3285812586545971 5.6938877291977397 3.4888557642698288 6.6262051798403245 6.0429596677422515 6.9678743705153448 8.2640070244669896 6.0668980330228797 6.7693563401699102 7.3861899450421324 8.9306147620081884 4.2286508046090621 4.1353889033198348 6.2666873186826706 4.9386815205216399 9.7053905352950114 8.6439372152090161 4.1217033937573424 4.4800834879279128 8.1587601974606496 3.9391913935542098 3.0903848111629477 5.4160039424896231 5.6668368130922309 5.2520677149295789 3.6944897808134556 7.1437619626522055 36.326422967016697 4.7585373222827911 46.80676194280386
leaf_count=18 24 36 18 36 36 37 48 36 37 41 54 30 28 31 33 63 54 31 23 46 20 17 30 35 34 27 36 200 26 275
internal_value=0 0.00793585 0.00298288 -0.00925399 -0.000618047 0.000708469 -0.00597197 -0.0189372 -0.00010017 0.0053236 0.0144747 0.00167844 -0.000304685 -0.014268 0.000806695 -5.45806e-05 -0.000792402 -0.0131094 -0.0232351 0.000831029 -0.00256484 0.0103499 0.00475439 -0.00245947 0.00720657 0.0348745 -0.000503711 -0.00198024 -0.0125113 9.17476e-05
internal_weight=0 18.8692 15.8089 10.1151 231.53 185.556 45.9743 14.3309 31.6434 27.3148 19.9286 10.998 179.513 13.2346 166.278 162.143 157.204 18.3072 14.1855 138.897 102.375 36.5223 29.7374 24.3214 18.6545 6.78487 94.2161 90.2769 10.0106 83.1332
internal_count=1460 108 90 54 1352 1082 270 84 186 162 121 67 1046 68 978 950 917 117 86 800 577 223 179 149 114 44 531 511 60 475
is_linear=0
shrinkage=0.05


Tree=83
num_leaves=31
num_cat=0
split_feature=7 7 7 5 6 6 5 4 7 5 3 5 7 3 7 3 3 7 7 5 3 6 4 1 3 6 7 1 3 1
split_gain=0.506763 0.777825 1.13465 2.50673 0.941825 0.887904 0.82407 1.44768 3.97619 2.59037 1.2951 4.21922 1.33828 3.64698 2.65885 0.931286 4.46654 1.88893 3.44435 2.17332 1.76156 3.81947 1.75214 1.39503 3.61671 2.61635 5.1592 3.12356 3.11191 3.01361
threshold=43.930990676881713 38.368165286347867 35.086339268205911 735.57468483205128 0.13140280491354359 0.1455885793683519 353.60642875520358 369.62051639925636 24.833437077746908 372.11199355375476 373.29410022116843 376.97916901644498 31.092086817753927 1151.6876698628041 32.424156890147493 543.7687813470003 406.9614638560609 13.587934523906322 17.457468789682085 386.65851498504918 691.35023208031328 0.090716362122076108 719.68806785205118 7.3430420880598044 1240.012091669277 0.050098821727654945 15.399515927683426 -7.6135387347405858 791.18385036479481 4.9174083358222456
decision_type=2 2 2 2 2 2 2 2 2 2 2 2 2 2 2 2 2 2 2 2 2 2 2 2 2 2 2 2 2 2
left_child=1 2 5 -4 -3 6 -1 8 -8 -9 -11 -12 15 14 -14 16 17 -13 -19 -20 21 -17 -22 25 -25 -24 -27 -28 -29 -30
right_child=-2 4 3 -5 -6 -7 7 9 -10 10 11 12 13 -15 -16 20 -18 18 19 -21 22 -23 23 24 -26 26 27 28 29 -31
leaf_value=0.020883773533145217 -0.014544193071809472 0.001867291978334509 -0.046592372181973811 0.00918232963293617 0.034875161489708088 0.02047444412616703 -0.044734586091541295 0.04600824396102008 0.019344708920934029 0.027396807272451452 -0.053459465949333131 0.029184064749013534 -0.027892279933879258 -0.052218929667814953 0.033369519598125147 -0.031450645772696434 0.047207301386142354 -0.05027220288400347 0.029035016900828776 -0.023177376093911739 0.028868087781676308 0.026043492269118475 0.0079841847516965627 0.02433264239135938 -0.0028768336859884536 -0.070693554756007457 0.0096945287369771399 -0.043490314480765638 0.00077632325259274716 -0.044471137568076871
leaf_weight=4.61825107038021 5.8281923234462729 5.5467570424079877 4.0165668800473195 4.0416081696748734 3.5405546873807907 5.4167954064905635 6.0216382369399053 3.072563834488391 4.0484688952565193 4.1504927501082411 3.7356951013207427 3.4917936250567463 3.2314283922314626 4.3878788277506828 3.9193382002413273 11.054437972605227 6.1047104224562636 4.0378858670592299 4.5677445977926237 3.5358360260725021 5.6559779271483412 3.9105233177542678 32.294043280184269 19.060512818396091 33.993652824312449 3.2832766324281684 19.663169201463447 7.6234430819749965 21.14538843929768 4.4552660360932341
leaf_count=36 30 30 20 25 20 37 34 19 24 25 27 20 20 24 26 60 47 23 25 20 39 25 186 109 214 18 111 39 104 23
internal_value=0 0.00037479 -0.000181319 -0.0186184 0.0147277 0.000474671 -1.53901e-05 -0.000461312 -0.0189729 0.000441964 -0.000246691 -0.000822805 0.000183429 -0.0163343 0.00568534 0.00121995 0.0109381 -0.00322489 -0.0125455 0.00625318 -8.2956e-05 -0.0164267 0.00157891 0.000488259 0.00689858 -0.00335615 -0.00987604 -0.00610045 -0.0154485 -0.00709806
internal_weight=0 243.626 234.538 8.05818 9.08731 226.48 221.063 216.445 10.0701 206.375 203.302 199.152 195.416 11.5386 7.15077 183.878 21.738 15.6333 12.1415 8.10358 162.14 14.965 147.175 141.519 53.0542 88.4646 56.1705 52.8873 33.2241 25.6007
internal_count=1460 1430 1380 45 50 1335 1298 1262 58 1204 1185 1160 1133 70 46 1063 135 88 68 45 928 85 843 804 323 481 295 277 166 127
is_linear=0
shrinkage=0.05


Tree=84
num_leaves=31
num_cat=0
split_feature=6 6 0 0 0 6 6 6 6 1 1 0 0 7 6 7 2 2 7 2 2 2 5 1 1 0 0 0 4 3
split_gain=0.537721 1.2539 0.739043 1.77034 1.26837 1.45685 1.80926 2.25655 3.62452 2.03167 2.84289 1.68386 1.64314 1.20269 1.17193 2.97769 1.04521 0.936243 2.00464 0.970223 1.31516 1.53276 0.966085 2.40472 1.43588 1.72727 1.69793 1.30913 1.23455 6.0747
threshold=0.16559044041314427 0.1455885793683519 77.028327137893953 72.518359792118289 71.475268234982352 0.12229144664221782 0.093386393735261489 0.10322140491794844 0.1085548693253728 4.4390101376675952 -10.480068199543267 56.627092557722911 41.742378063653142 30.187245354621115 0.089270930884831526 24.157891818554464 -9.7809333283715247 -5.9377736580518912 20.535350177208361 -4.8014756586976866 -4.0894042769825782 -3.6602726234734497 3071.6743000900387 20.238088360163776 13.21650521920151 60.42819845744102 66.230370668137795 63.44820640917326 1153.810617262388 1054.9758406641106
decision_type=2 2 2 2 2 2 2 2 2 2 2 2 2 2 2 2 2 2 2 2 2 2 2 2 2 2 2 2 2 2
left_child=1 2 3 4 5 6 14 9 -9 10 -8 -7 -10 -11 16 -16 -1 18 -18 -19 -21 -22 23 24 26 -26 27 28 29 -23
right_child=-2 -3 -4 -5 -6 11 7 8 12 13 -12 -13 -14 -15 15 -17 17 19 -20 20 21 22 -24 -25 25 -27 -28 -29 -30 -31
leaf_value=-0.029014064694741205 -0.01488854341377085 0.024429573226444082 0.021679833305193116 -0.024755206265264788 0.028309083070865517 -0.037168673088116055 0.044907978616418362 -0.036280413757831531 0.037105897175026374 0.064110017243993608 -0.016883038979950027 0.0036404167111518484 -0.0024060711323778045 0.022392064804103801 0.0053627808903575483 -0.050772508422679268 -0.007520037887878115 -0.022589098627141792 0.043999767686348258 0.02547630631734249 -0.036245398285688443 -0.0013902362483213101 0.024447255316843899 -0.035700935883519955 0.047771956651015329 0.00282825676405935 -0.022530729288389 0.025674653534333864 -0.0093436350347440092 0.046193931218872719
leaf_weight=3.1059239059686652 5.9014717340469351 5.3042241483926764 3.8142225444316855 7.2927353456616393 3.9637525156140319 5.5800061561167222 3.1437257006764412 5.0176638811826697 4.7608053460717183 3.8808167688548565 4.5636258050799388 4.6211079731583595 5.8822547197341919 3.1137775629758835 5.6447842307388765 4.0625764653086662 3.8950174897909156 4.8436510860919944 3.6644567921757698 4.9566676393151274 2.972811594605445 80.673076376318932 3.9385994523763648 4.7332137376070014 3.4259338527917844 5.6855920925736427 8.4117354154586774 5.0288306325674048 28.909238629043102 7.3153872415423384
leaf_count=19 35 35 19 38 21 33 21 25 27 29 25 26 33 17 33 21 19 30 26 26 15 497 28 33 21 36 44 28 157 43
internal_value=0 0.000386965 -0.000151347 -0.000508591 0.000274527 -0.000226403 0.000663211 0.0119591 -0.00124784 0.0260274 0.00832069 -0.0186821 0.0152682 0.0455385 -0.00122888 -0.0181301 -0.000272561 0.000257368 0.0174542 -0.000550607 0.000133443 -0.000697932 1.55082e-05 -0.000651886 0.000537751 0.0197271 -0.000803713 0.000695238 -0.000379353 0.00256593
internal_weight=0 242.206 236.902 233.088 225.795 221.831 211.63 30.3627 15.6607 14.7019 7.70735 10.2011 10.6431 6.99459 181.267 9.70736 171.56 168.454 7.55947 160.895 156.051 151.094 148.122 144.183 139.45 9.11153 130.338 121.927 116.898 87.9885
internal_count=1460 1425 1390 1371 1333 1312 1253 177 85 92 46 59 60 46 1076 54 1022 1003 45 958 928 902 887 859 826 57 769 725 697 540
is_linear=0
shrinkage=0.05


Tree=85
num_leaves=31
num_cat=0
split_feature=0 1 1 5 1 3 1 2 0 1 0 1 0 7 6 6 6 2 1 7 5 6 7 7 6 5 0 2 3 7
split_gain=0.532242 0.607622 1.81768 2.07314 1.69444 1.55095 1.19429 1.50783 1.28761 1.50391 1.71843 0.98383 3.83032 0.901151 3.94522 3.12753 2.91074 1.54737 1.65174 1.93087 3.57227 1.85413 1.31804 1.22364 1.671 1.52851 3.37148 2.38936 2.05119 2.17341
threshold=78.15596550595383 29.010199327274908 34.258113254866096 3135.3126148074066 20.446581377260319 1346.6829441204152 13.603418890748062 3.9790419355976421 72.091808021867081 16.546714324277676 63.234063904445257 10.899052952612466 60.42819845744102 32.329847617688166 0.065361882539232238 0.094753948529806717 0.10416109864795041 6.3426049295714071 7.2129729694610498 26.275215358814645 1205.0778248423712 0.068916784357283309 31.092086817753927 29.76649233140925 0.12229144664221782 378.3692104196121 51.489173249836561 -1.2011408289910737 381.44316624487902 15.024489128789755
decision_type=2 2 2 2 2 2 2 2 2 2 2 2 2 2 2 2 2 2 2 2 2 2 2 2 2 2 2 2 2 2
left_child=1 4 -3 -4 6 -6 11 8 9 10 -8 13 -13 17 -15 -16 -17 18 22 20 21 -20 23 24 25 26 27 -1 -27 -30
right_child=-2 2 3 -5 5 -7 7 -9 -10 -11 -12 12 -14 14 15 16 -18 -19 19 -21 -22 -23 -24 -25 -26 28 -28 -29 29 -31
leaf_value=-0.030050353723003766 -0.019284874729014204 0.036420074981855136 -0.024041681899333596 0.026358888167015787 -0.00027324432338946827 -0.039400455749631219 0.033377529711912948 0.037609705580807819 0.03317353237424038 -0.022483390489234294 -0.011977497304864852 0.018514019701636762 -0.039710622524043088 0.051092762967153441 -0.041738947026437337 0.049400772904217558 -0.014995285942496675 -0.025557757600539167 0.059340554295496506 -0.016663298120148651 -0.016652540267794762 0.014565163106142304 -0.031138762704868574 0.020588000681788007 -0.035333409199036901 0.033071972982841452 -0.04098580968008958 0.013511394249238168 -0.017099991095478093 0.0029820547297689987
leaf_weight=4.4741386547684678 3.5178653225302687 4.5198855362832537 4.8684826642274839 3.5122509449720383 4.9540641680359823 5.1817501708865166 4.331052586436277 4.4887154661118975 3.2773281708359709 5.3264119960367671 4.0332711488008499 4.944125432521103 6.5889999717473984 4.526522919535636 3.7055158242583257 3.2843800038099289 3.7679381854832172 6.0582757368683806 5.4547849446535128 3.7806446626782408 3.8704592436552039 4.0130394697189331 3.6639136895537368 6.4080928713083258 3.6097146347165099 4.918540157377719 7.1993421241641036 10.618796318769455 15.769220255315302 92.52740029245615
leaf_count=25 20 29 29 18 29 34 30 30 20 29 24 35 35 29 20 21 21 31 37 23 27 20 21 38 22 32 41 74 91 525
internal_value=0 0.000303452 0.0108636 -0.00291949 -0.00028687 -0.0202763 0.000631408 0.0118394 0.00502215 -0.00171681 0.0115074 -0.000575956 -0.0147504 0.000295211 0.011931 -0.00454689 0.014995 -0.000736578 0.000167608 0.0148777 0.0238177 0.040362 -0.00152032 -0.000774609 -0.00175863 -0.000864244 -0.0128316 0.000597981 0.00149215 5.78803e-05
internal_weight=0 243.677 12.9006 8.38073 230.776 10.1358 220.641 21.4568 16.9681 13.6907 8.36432 199.184 11.5331 187.651 15.2844 10.7578 7.05232 172.366 166.308 17.1189 13.3383 9.46782 149.189 145.525 139.117 135.507 22.2923 15.0929 113.215 108.297
internal_count=1460 1440 76 47 1364 63 1301 133 103 83 54 1168 70 1098 91 62 42 1007 976 107 84 57 869 848 810 788 140 99 648 616
is_linear=0
shrinkage=0.05


Tree=86
num_leaves=31
num_cat=0
split_feature=0 2 5 7 7 5 2 4 4 2 3 2 2 0 1 0 6 5 3 4 6 3 4 7 6 1 3 6 3 5
split_gain=0.50094 0.659244 1.00136 2.41419 2.49602 1.11708 1.88165 1.95813 3.39299 3.19821 2.73594 1.90638 2.35454 1.68301 1.91593 1.31922 2.24709 1.1838 2.70791 3.61333 2.65048 1.87345 0.942647 3.02955 3.29105 4.52525 1.76195 4.27507 3.65208 2.09616
threshold=31.665262127436922 -11.286465102201374 3066.077460508543 19.485563418043537 23.416598439770024 2402.1336623815955 -6.3701928190467623 1337.3818726400539 1317.8121147951599 2.1401018918246146 1277.4907385152324 8.4728620996625601 5.4494339586272851 60.803186167160803 -6.2086286422916137 50.589219896722824 0.047270322574755948 1205.0778248423712 1194.1864960113178 1169.4404284658121 0.092069078799153395 1155.9733943726633 726.23224106984287 16.326502080116004 0.044213809053986301 -0.46486606452151585 628.75285808085266 0.071791377635505763 693.95435182930805 553.90355565000971
decision_type=2 2 2 2 2 2 2 2 2 2 2 2 2 2 2 2 2 2 2 2 2 2 2 2 2 2 2 2 2 2
left_child=-1 -2 5 -4 -5 6 -3 8 10 -9 11 12 17 14 -7 -16 -17 18 19 21 -19 22 26 24 -24 -26 29 -28 -29 -8
right_child=1 2 3 4 -6 13 7 9 -10 -11 -12 -13 -14 -15 15 16 -18 20 -20 -21 -22 -23 23 -25 25 -27 27 28 -30 -31
leaf_value=0.017966486950334783 -0.020544098277056499 0.032174918739798282 0.047765485506592757 -0.030124540613233136 0.027045497193584251 -0.026907891365571875 0.00094856075875755861 0.041957229696674939 -0.046297537307689013 -0.0073697054940782148 0.038438500534728248 0.033289540086236295 -0.037444878324609375 -0.043426373544582564 0.030799814214237109 -0.034250485356864382 0.017783206395820799 -0.046930595159506906 0.037268629689611886 -0.048153585324821981 0.01023161480301997 0.0336610706388989 0.050139398182926204 -0.012208815602082783 -0.03759294482872505 0.028991881985408592 0.062160397459927678 0.044349277504808562 -0.012757359231837316 -0.033227140451085331
leaf_weight=3.83008163049817 3.9399049654602996 4.5873929634690276 3.6943256705999357 3.8089778050780296 3.8278510347008705 6.7017456665635171 65.608736719936132 6.8867278397083265 4.1379949524998656 6.2850834801793098 4.3998391255736342 3.858640491962432 4.6239385530352584 3.4394055642187586 3.8026137836277476 3.6482038274407369 4.8111596703529358 4.2875182479619962 4.6469951421022406 4.0367000699043265 3.8478460758924484 3.9721862375736228 4.3859798684716216 46.167034838348627 4.7201402857899657 5.554452918469905 3.9419970735907581 3.8830848932266226 10.034331910312174 4.8160778135061255
leaf_count=24 23 32 22 27 19 37 403 39 27 36 31 18 27 24 20 24 28 25 28 19 21 23 30 259 26 30 32 21 58 27
internal_value=0 -0.000258352 7.68757e-05 0.0145831 -0.00146888 -0.000646959 0.000513237 -0.00021264 -0.00152564 0.0184203 -0.000512066 -0.00147277 -0.00224134 -0.0112469 -0.00541059 0.00633869 -0.00465696 -0.00128327 -0.000347318 -0.00145985 -0.0198941 -0.00022857 -0.00113136 -0.00592074 0.0138808 -0.00159714 0.00216852 0.0161952 0.00317591 -0.00138858
internal_weight=0 242.357 238.417 11.3312 7.63683 227.086 204.683 200.095 186.923 13.1718 182.786 178.386 174.527 22.4031 18.9637 12.262 8.45936 169.903 161.768 157.121 8.13536 153.084 149.112 60.8276 14.6606 10.2746 88.2842 17.8594 13.9174 70.4248
internal_count=1460 1436 1413 68 46 1345 1212 1180 1105 75 1078 1047 1029 133 109 72 52 1002 956 928 46 909 886 345 86 56 541 111 79 430
is_linear=0
shrinkage=0.05


Tree=87
num_leaves=31
num_cat=0
split_feature=7 6 0 0 0 2 2 5 4 0 2 1 5 3 0 6 0 5 2 4 5 5 1 1 0 6 7 7 5 1
split_gain=0.580041 0.693718 2.58205 3.6945 2.18328 2.55422 2.05923 2.03354 2.09467 2.68708 4.33351 2.29264 1.65261 1.5486 1.47556 1.20989 2.07851 1.07769 2.77351 2.32482 1.53005 2.0116 1.55031 1.37382 2.7584 1.74504 1.6555 1.9989 1.52103 1.91737
threshold=43.930990676881713 0.093386393735261489 33.1626261718568 34.854516892319189 37.610915253536071 -2.5005302070541728 10.313953218838149 1299.3324949926393 724.62697673030641 64.721790207932074 -0.40208510782138046 18.627497135572757 747.72377603216353 554.34783007450108 65.289725538513082 0.089270930884831526 61.019451585861823 353.60642875520358 -11.286465102201374 350.63240147348034 3066.077460508543 3140.7371787500938 23.245120384373426 13.603418890748062 66.230370668137795 0.066260138530329249 25.473173755057143 21.139083790407934 2402.1336623815955 7.3430420880598044
decision_type=2 2 2 2 2 2 2 2 2 2 2 2 2 2 2 2 2 2 2 2 2 2 2 2 2 2 2 2 2 2
left_child=1 15 -3 -4 -5 12 7 8 13 10 -10 -11 -6 14 -7 17 -17 -1 -19 -20 22 -22 23 24 28 -26 27 -25 29 -21
right_child=-2 2 3 4 5 6 -8 -9 9 11 -12 -13 -14 -15 -16 16 -18 18 19 20 21 -23 -24 26 25 -27 -28 -29 -30 -31
leaf_value=0.023319690040258231 -0.015735462442191386 0.053105480137702089 -0.063895075664216039 0.043694060016786218 -0.048939116207510056 0.026950816137802609 -0.027297602039297805 0.045751341607391083 0.01873301429581092 0.037684318389457232 -0.053945529131257636 -0.013187739435746774 -0.0044407417803228209 0.041209846262922643 -0.01301680339742336 0.00081756304728251297 -0.044051266534620659 -0.060818027136495312 -0.053496078065037679 0.00026629931544141963 0.050300403536183327 -0.0036513781507578249 -0.031370394837419394 0.010532760174068049 -0.0079669585009574263 -0.051276370160197642 -0.016255944224056369 0.061689411857562132 -0.016533650815456345 0.019928296833168591
leaf_weight=4.7796898894011965 5.7013066411018363 2.6814854256808749 1.9973641484975804 3.4736419543623915 3.4171908721327764 4.9808991700410825 3.7471904829144469 3.8988158106803885 3.4559435248374939 4.9342090114951116 5.0452029481530207 4.0183438025414944 5.3582397252321243 5.881673749536275 4.305429644882679 6.3501513935625535 4.3486338332295418 1.9004273191094387 2.0111657977104178 105.7569694891572 3.4927682504057875 3.4188421703875065 3.945661384612321 5.5163901150226575 5.2695132791995984 4.1635315641760826 2.7787744253873816 2.9204663224518299 11.410035267472265 14.045905187726019
leaf_count=37 30 20 9 18 23 30 21 27 19 30 26 23 33 38 21 38 22 14 10 624 21 23 27 38 27 21 16 20 62 92
internal_value=0 0.000401622 0.00520526 0.0028491 0.00538758 0.00267439 0.00800119 0.011623 0.00754414 -0.00426709 -0.0243998 0.0148504 -0.0217686 0.0211352 0.00842059 -0.00110707 -0.0174198 -8.88915e-05 -0.000760352 -6.74895e-05 0.000592875 0.023613 -0.0004283 0.000375636 -0.000967311 -0.0270827 0.0172164 0.0282409 0.000910158 0.00257151
internal_weight=0 239.305 57.1956 54.5141 52.5168 49.0431 40.2677 36.5205 32.6217 17.4537 8.50115 8.95255 8.77543 15.168 9.28633 182.109 10.6988 171.41 166.63 164.73 162.719 6.91161 155.807 151.862 140.646 9.43304 11.2156 8.43686 131.213 119.803
internal_count=1460 1430 338 318 309 291 235 214 187 98 45 53 56 89 51 1092 60 1032 995 981 971 44 927 900 826 48 74 58 778 716
is_linear=0
shrinkage=0.05


Tree=88
num_leaves=31
num_cat=0
split_feature=7 7 7 5 6 6 5 4 7 5 3 5 7 3 0 7 6 0 6 7 7 7 2 2 3 7 3 7 0 1
split_gain=0.522778 0.63292 1.04338 2.10077 0.869025 0.820445 0.728679 1.27378 3.35929 2.37063 1.20235 3.76627 1.23967 3.32875 3.1375 0.792868 2.00043 2.88564 1.71975 1.98946 2.22563 1.38257 0.9803 2.49243 2.32325 1.54987 3.09278 1.35221 4.28422 3.0575
threshold=43.930990676881713 38.368165286347867 35.086339268205911 735.57468483205128 0.13140280491354359 0.1455885793683519 353.60642875520358 369.62051639925636 24.833437077746908 372.11199355375476 373.29410022116843 376.97916901644498 31.092086817753927 1151.6876698628041 47.226780222531126 29.873678625242977 0.12010930423195862 54.613236364961502 0.093386393735261489 20.915882962731491 22.970694822597867 24.991900130105623 10.916246459724732 6.6349076347455433 3132.913695349816 26.664643173963636 1226.1473601279704 21.735227154706827 58.180425799330727 -4.8216842378584479
decision_type=2 2 2 2 2 2 2 2 2 2 2 2 2 2 2 2 2 2 2 2 2 2 2 2 2 2 2 2 2 2
left_child=1 2 5 -4 -3 6 -1 8 -8 -9 -11 -12 15 14 -14 16 18 -18 22 -20 -21 -22 23 24 25 27 -27 29 -29 -13
right_child=-2 4 3 -5 -6 -7 7 9 -10 10 11 12 13 -15 -16 -17 17 -19 19 20 21 -23 -24 -25 -26 26 -28 28 -30 -31
leaf_value=0.019897817616585607 -0.01492463936195104 0.0010221061853010591 -0.043798000125043896 0.0079405467469961556 0.033171002744404557 0.019943080603776097 -0.041704990701258979 0.044669328225485541 0.017703837917395902 0.026699261586167651 -0.051814724794380276 -0.028603104690218342 0.040018712301230219 -0.051024875794099617 -0.027048617169473394 0.018336812726375409 -0.057985396181370434 0.0055018571767880787 -0.013120174867855987 0.053508774538192354 -0.0094561444329677152 0.026901165251440734 0.02568315036017987 -0.035084247104949132 -0.038532898522892767 -0.033135223195226521 0.017002569533021979 0.023062644997895749 -0.013919942084797066 0.0030006465116117192
leaf_weight=4.5214096717536441 5.7102566584944716 5.4137299656867963 3.9406289756298056 3.9073629379272461 3.4362650997936726 5.302818499505519 5.9362485557794553 2.9889562726020804 3.9714159592986107 4.0712896659970275 3.5458245873451224 8.5099678039550621 3.3619248121976835 4.2171282172203064 3.6231306791305542 6.5027416609227648 3.4779776856303206 3.6874195411801338 4.6740574240684536 4.5401963107287875 4.4800027757883054 6.2806299477815628 3.5662241391837588 5.127846620976924 3.7247096374630919 8.38242384418845 4.8585917949676505 24.759873446077108 11.453478902578352 75.991457127034678
leaf_count=36 30 30 20 25 20 37 34 19 24 25 27 47 23 24 23 38 21 22 23 35 27 34 20 31 25 52 29 143 65 451
internal_value=0 0.000384252 -0.000121913 -0.0180384 0.0135048 0.000512722 3.62674e-05 -0.000387861 -0.0178914 0.00047139 -0.000193002 -0.000755146 0.000191662 -0.0159468 0.00523106 0.00119593 0.00055355 -0.0253139 0.00166777 0.0154298 0.0241512 0.0117644 -0.000210249 -0.000856862 0.000417921 0.00150097 -0.0147379 0.00328219 0.0113659 -0.000182103
internal_weight=0 238.256 229.406 7.84799 8.85 221.558 216.255 211.734 9.90766 201.826 198.837 194.766 191.22 11.2022 6.98506 180.018 173.515 7.1654 166.349 19.9749 15.3008 10.7606 146.375 142.808 137.681 133.956 13.241 120.715 36.2134 84.5014
internal_count=1460 1430 1380 45 50 1335 1298 1262 58 1204 1185 1160 1133 70 46 1063 1025 43 982 119 96 61 863 843 812 787 81 706 208 498
is_linear=0
shrinkage=0.05


Tree=89
num_leaves=31
num_cat=0
split_feature=0 7 2 1 2 1 2 1 0 2 6 1 3 7 2 5 1 0 1 1 5 7 1 0 0 0 7 2 3 3
split_gain=0.494086 1.44869 2.85018 1.52402 1.13928 1.11631 1.37781 1.0761 1.19944 1.63027 1.18832 3.1671 4.02435 2.722 1.75332 2.00554 1.95216 1.73735 1.71817 1.78886 1.53304 1.48634 1.37794 1.73882 2.57293 2.22904 2.30839 1.77303 2.47384 1.91084
threshold=37.610915253536071 28.539582931265201 -3.1569563151456586 -11.477575279621076 -2.8238135629561083 -13.823736078706473 -0.19555639689529911 -10.480068199543267 40.220869897155374 -2.08765404684355 0.043605844363112677 1.7722931702511462 763.74664617650444 19.577804097568563 -5.9377736580518912 3151.3279257213885 36.836749499248306 58.375921387717817 27.388035970347463 20.446581377260319 1288.4335052082638 14.608455988751343 1.7722931702511462 41.742378063653142 42.764327159505456 49.120125225733268 14.950252946696896 4.5093271027144377 766.9299714960124 535.6452648704585
decision_type=2 2 2 2 2 2 2 2 2 2 2 2 2 2 2 2 2 2 2 2 2 2 2 2 2 2 2 2 2 2
left_child=1 3 -3 -1 -5 6 -2 -7 9 -9 11 12 21 -13 -12 16 18 -15 19 22 -21 -10 23 -16 -25 26 -26 28 29 -27
right_child=5 2 -4 4 -6 7 -8 8 10 -11 14 13 -14 17 15 -17 -18 -19 -20 20 -22 -23 -24 24 25 27 -28 -29 -30 -31
leaf_value=0.024334753721814848 -0.036913753700305349 -0.010217719071206895 0.055495479428422284 0.0043857379850623292 -0.025094576155593074 0.024360547228181748 0.0027375695694891841 -0.037664360703081164 -0.020563247046660113 0.0016518698415549139 0.026892801352832625 -0.030256518771025212 0.04923833528146368 0.039298655787286037 0.017455984668407587 0.033702119408909874 -0.039089477578775435 -0.014285861161777165 0.023870346837107367 -0.0097226238654282652 -0.054476792317482148 0.018769670381253847 0.0018240431794826783 -0.047627877932671259 -0.032611374062530507 -0.034984912385319526 0.012547170944112687 0.011516790775893994 -0.051865055096797813 0.0070216459379345208
leaf_weight=4.5183437839150473 4.6383663043379784 2.9466169290244579 3.750136509537696 7.0506572648882901 6.1234949380159343 4.4383328109979621 4.1519808471202833 4.9973237589001656 4.2837844714522415 5.5816465802490693 5.3225206024944773 7.1034266352653486 8.060803357511757 3.3705277517437935 5.6807240247726432 3.7794985286891452 3.6908533386886111 2.7443301677703857 6.0285097882151595 5.2821054831147176 3.0004252940416336 5.4672191813588142 86.377952005714178 4.5309657305479041 3.4507748149335411 4.9410195946693474 15.728155814111231 3.8291796296834937 6.0288159325718871 5.9884029105305672
leaf_count=25 28 18 28 39 34 28 24 27 22 34 38 41 56 23 36 24 23 21 38 31 23 42 495 28 24 32 95 18 30 35
internal_value=0 0.00677415 0.0265812 -0.000722984 -0.00931705 -0.000729122 -0.0181851 2.58335e-06 -0.000524085 -0.0169204 0.000366852 0.00933794 0.0230987 -0.00920489 -0.00133408 -0.00228292 -0.00316289 0.0152501 -0.00228397 -0.00337257 -0.0259352 0.00149004 -0.00200408 -0.00859392 -0.0119196 -0.00787133 0.00442201 -0.0192134 -0.0261523 -0.0119689
internal_weight=0 24.3892 6.69675 17.6925 13.1742 218.498 8.79035 209.707 205.269 10.579 194.69 31.0301 17.8118 13.2183 163.66 158.337 154.558 6.11486 150.867 144.839 8.28253 9.751 136.556 50.178 44.4973 39.9663 19.1789 20.7874 16.9582 10.9294
internal_count=1460 144 46 98 73 1316 52 1264 1236 61 1175 205 120 85 970 932 908 44 885 847 54 64 793 298 262 234 119 115 97 67
is_linear=0
shrinkage=0.05


Tree=90
num_leaves=31
num_cat=0
split_feature=6 6 0 0 0 6 6 6 6 1 1 2 0 0 2 7 6 7 7 2 7 3 3 0 3 3 3 7 7 2
split_gain=0.493507 0.998032 0.679183 1.58504 1.13019 1.09024 1.47252 1.90025 3.13109 1.87882 2.48609 1.69549 1.58262 1.3949 1.1924 1.96934 1.40708 3.08389 1.13761 0.97205 1.78172 2.03846 3.59718 3.30862 1.92069 1.96419 2.06536 1.62973 1.36138 2.30866
threshold=0.16559044041314427 0.1455885793683519 77.028327137893953 72.518359792118289 71.475268234982352 0.12229144664221782 0.093386393735261489 0.10322140491794844 0.1085548693253728 4.4390101376675952 -10.480068199543267 -11.286465102201374 41.742378063653142 56.627092557722911 -5.9377736580518912 21.245958176744551 0.088624727129060249 24.157891818554464 30.187245354621115 -0.8583337294505039 21.816997347245206 791.18385036479481 1238.0104593005899 41.336299734618102 2384.6572353769798 722.81603997991351 534.09142011082133 13.133472680496862 26.775996187898404 -2.7901540621214154
decision_type=2 2 2 2 2 2 2 2 2 2 2 2 2 2 2 2 2 2 2 2 2 2 2 2 2 2 2 2 2 2
left_child=1 2 3 4 5 6 11 9 -9 10 -8 -1 -10 -7 15 -13 19 -18 -11 20 21 23 -23 -16 25 26 -22 -21 -27 -30
right_child=-2 -3 -4 -5 -6 13 7 8 12 18 -12 14 -14 -15 16 -17 17 -19 -20 27 24 22 -24 -25 -26 28 -28 -29 29 -31
leaf_value=-0.045311083320605128 -0.014421661477728144 0.022197039066202025 0.021008637558841709 -0.023617248688642005 0.027106102731174156 -0.033564618484079559 0.042691794020625451 -0.034063306752633575 0.03621565120464583 0.062933980950101276 -0.01650269479337511 -0.00085778325144738677 -0.0030522523265729567 0.0040715482385712438 -0.0033222742617258928 0.047360134103325395 0.004667959117683731 -0.05364052256045572 0.021201901719823328 0.028019681097170096 -0.0078249780121514203 0.014800072665865853 -0.031454119617857879 -0.062496725752521846 0.036881181063860478 0.0023973615387616679 0.040851222985837377 0.00086862109826717389 -0.056262612167796558 -0.00057475351551098861
leaf_weight=2.1443673968315116 5.7716239988803855 5.1265639737248412 3.746235951781272 7.1540619879961005 3.8622590899467459 5.3891673721373063 2.9447850547730923 4.9168678596615782 4.6103929318487626 3.554334994405508 4.4604682549834269 5.6925714313983899 5.7862672135233879 4.5324269011616707 4.6018114164471502 3.3719391524791718 5.2533378228545171 3.9899369850754738 3.0210373103618622 5.8599581383168831 4.3368807509541565 9.918951056897642 7.2946857810020438 4.8537466749548912 3.6565401703119269 7.0097040832042676 4.3802525401115417 97.247086513787508 3.7072746902704266 3.7373912408947918
leaf_count=16 35 35 19 38 21 33 21 25 27 29 25 29 33 26 26 25 31 22 17 41 34 60 47 31 24 33 30 582 23 22
internal_value=0 0.000376609 -0.000107577 -0.000455621 0.0002971 -0.000181664 0.000596764 0.0109807 -0.00118703 0.0243085 0.00703668 -0.00112127 0.0143611 -0.0163715 -0.000579519 0.017079 -0.00154466 -0.0205014 0.0437603 -0.000425771 -0.00589456 -0.0150465 -0.00480124 -0.0336978 0.00320321 -0.00211128 0.0166342 0.00241172 -0.0134163 -0.028306
internal_weight=0 236.161 231.035 227.289 220.134 216.272 206.351 29.2942 15.3135 13.9806 7.40525 177.056 10.3967 9.92159 174.912 9.06451 165.848 9.24327 6.57537 156.604 53.4972 26.6692 17.2136 9.45556 26.828 23.1715 8.71713 103.107 14.4544 7.44467
internal_count=1460 1425 1390 1371 1333 1312 1253 177 85 92 46 1076 60 59 1060 54 1006 53 46 953 330 164 107 57 166 142 64 623 78 45
is_linear=0
shrinkage=0.05


Tree=91
num_leaves=31
num_cat=0
split_feature=7 7 7 5 6 6 5 4 7 5 3 5 7 3 0 6 6 3 2 3 3 3 5 5 0 0 0 3 1 1
split_gain=0.52899 0.54938 0.942858 1.87509 0.828035 0.71325 0.677986 1.13542 2.93296 2.20254 1.14022 3.47515 1.14891 3.04076 2.30402 0.905661 1.04778 3.79107 1.20167 0.882645 3.55723 1.80098 2.24004 1.50818 0.875373 2.032 1.56394 1.93969 1.0377 2.16241
threshold=43.930990676881713 38.368165286347867 35.086339268205911 735.57468483205128 0.13140280491354359 0.1455885793683519 353.60642875520358 369.62051639925636 24.833437077746908 372.11199355375476 373.29410022116843 376.97916901644498 31.092086817753927 1151.6876698628041 49.426632218365093 0.030191815952423991 0.037123181482600451 1394.4224353670588 0.37841645073300773 543.7687813470003 406.9614638560609 382.87081184066193 385.55563446078344 539.0993811997115 67.260960497262332 65.77663339470223 72.518359792118289 1054.9758406641106 29.010199327274908 20.238088360163776
decision_type=2 2 2 2 2 2 2 2 2 2 2 2 2 2 2 2 2 2 2 2 2 2 2 2 2 2 2 2 2 2
left_child=1 2 5 -4 -3 6 -1 8 -8 -9 -11 -12 15 14 -14 -13 17 18 -17 20 21 -18 -23 -21 25 28 27 -26 29 -25
right_child=-2 4 3 -5 -6 -7 7 9 -10 10 11 12 13 -15 -16 16 19 -19 -20 23 -22 22 -24 24 26 -27 -28 -29 -30 -31
leaf_value=0.019338557397307665 -0.015056407385362314 0.00044086460302887273 -0.041596100462659623 0.0075214297971439642 0.031962480048448066 0.018759944815189 -0.039323150634024563 0.043659824223291392 0.016522754923161308 0.026195246090353137 -0.050635177135410464 -0.022955812095718869 0.033861566570059218 -0.049636570222693376 -0.024238235340582073 0.012068069646625811 0.017810750556005398 0.050379226469953013 -0.029517714780735973 -0.036781960163896142 0.044971511082997934 0.0081700553232696895 -0.045737686242430547 -0.00014295928250124471 0.050375037316448656 -0.03743191170034061 -0.010971827319308165 0.0062785572850656765 0.019458431877449067 -0.040147705234610233
leaf_weight=4.4706102311611167 5.6790855899453154 5.3742074966430646 3.912369690835475 3.8602743074297905 3.4023795388638973 5.2310045994818202 5.871575750410555 2.9097499251365653 3.9211387187242508 4.0188979282975188 3.4240515232086173 3.8105045780539504 3.4204843901097757 4.091402031481266 3.405083566904068 3.7086144275963289 5.9426244795322436 4.7838396765291691 3.2678083181381226 2.8394025787711135 5.4303956404328337 3.8490344285964966 3.8591935634613037 110.39309304580092 3.8477615192532557 3.7952718809247008 5.4597803279757491 7.0871075019240379 6.3132524453103533 3.484594263136386
leaf_count=36 30 30 20 25 20 37 34 19 24 25 27 26 24 24 22 25 35 30 20 18 41 20 24 645 21 22 28 42 42 24
internal_value=0 0.000386735 -8.90566e-05 -0.0172019 0.0126607 0.000519316 7.22005e-05 -0.000340045 -0.0169617 0.000477316 -0.000162998 -0.00071411 0.000191303 -0.0155532 0.00487721 0.00115762 0.00168551 0.0160969 -0.00741102 0.000641269 0.0107431 -0.00287317 -0.0188193 -0.000704601 2.51153e-05 -0.00141063 0.0108831 0.0217952 -0.000273184 -0.00136708
internal_weight=0 235.186 226.409 7.77264 8.77659 218.636 213.405 208.935 9.79271 199.142 196.232 192.213 188.789 10.917 6.82557 177.872 174.062 11.7603 6.97642 162.302 19.0812 13.6509 7.70823 143.22 140.381 123.986 16.3946 10.9349 120.191 113.878
internal_count=1460 1430 1380 45 50 1335 1298 1262 58 1204 1185 1160 1133 70 46 1063 1037 75 45 962 120 79 44 842 824 733 91 63 711 669
is_linear=0
shrinkage=0.05


Tree=92
num_leaves=31
num_cat=0
split_feature=0 3 3 5 6 3 7 5 2 2 5 2 5 1 6 0 5 5 2 2 0 1 4 4 4 3 0 7 6 6
split_gain=0.487444 0.539035 2.5179 2.00494 1.8945 2.6668 2.4906 1.62551 2.12991 2.11434 1.91536 1.6813 2.06988 2.06125 1.6225 1.86325 1.58244 3.5312 2.3657 3.77825 1.63433 2.98176 2.18209 1.76794 3.49947 3.20464 3.04642 2.76795 2.55913 2.90494
threshold=78.15596550595383 722.81603997991351 628.75285808085266 553.90355565000971 0.071791377635505763 693.95435182930805 28.609640891885579 539.0993811997115 0.84989454014199328 1.525014573318799 547.02044456520503 0.20507091860879764 358.97763775909101 -0.53673070306530224 0.049535515566390777 38.72445644054725 902.21830555496138 926.25914335342361 3.4414129427350377 2.0569206420386199 60.606590613451864 14.206603326866686 938.44721049875534 1158.3429985655573 1214.2424898944098 1054.9758406641106 47.086274580334567 23.39640172839675 0.037123181482600451 0.068326884588981146
decision_type=2 2 2 2 2 2 2 2 2 2 2 2 2 2 2 2 2 2 2 2 2 2 2 2 2 2 2 2 2 2
left_child=1 2 3 7 -4 -6 -7 8 11 -10 -9 12 -1 -13 -14 -16 18 -18 19 -3 22 -22 -19 25 27 26 -24 -25 -26 -30
right_child=-2 16 4 -5 5 6 -8 10 9 -11 -12 13 14 -15 15 -17 17 20 -20 -21 21 -23 23 24 28 -27 -28 -29 29 -31
leaf_value=0.03603720194569434 -0.018565282027806541 -0.012125876327357347 0.058208699023930582 -0.03191838743578871 0.051205725334858822 0.02790183184339351 -0.032684873909760707 0.053247682277214464 -0.031301306811570728 0.014272089388925347 0.0072708497823124434 0.001403572219178945 0.018045902773834232 0.046048615705905023 0.01638262594101943 -0.021306322722444065 0.039646513440951173 -0.029075587768254335 -0.039547626096865809 0.037452923730665492 -0.032510289460355932 0.0011084905970747464 0.029312302002528118 0.0050787344390827429 0.039890730262860406 0.045584529620172738 -0.029307566117097662 -0.049459510024977726 -0.0077354103355619375 0.017332536686387665
leaf_weight=3.1322312988340881 3.4763005077838889 26.605786375701431 3.05179189890623 4.6563780121505252 3.1532123126089555 3.1809963583946228 3.6341136507689953 2.9806839264929286 9.6369795501232129 3.4583298712968817 9.4371857121586782 5.8410477936267853 5.1186057403683689 4.6384782269597036 4.1352391615510014 15.843312986195086 5.7387921661138526 4.9860867857933036 5.8803718388080588 4.4914176836609832 10.228246703743936 18.570270091295242 4.4514365531504136 4.0069736912846547 5.1201829686760894 6.8896939381957045 4.4141599163413048 5.5471442267298698 27.79267380386591 19.783212091773748
leaf_count=27 20 155 30 27 19 18 24 24 56 20 60 38 34 27 23 97 36 25 30 25 54 120 21 23 34 43 24 31 164 131
internal_value=0 0.000294804 0.00357414 -0.000237546 0.0237385 0.0131855 -0.00440564 0.00205945 -0.00183515 -0.0192659 0.0183068 0.0040617 -0.00228733 0.0211645 -0.00707039 -0.0135053 -0.00144346 0.00139483 -0.0104646 -0.00496513 -0.000568834 -0.0108317 0.00299245 0.00504223 0.00125533 0.0200045 0.000125606 -0.0265863 0.00630319 0.00268845
internal_weight=0 236.405 81.8986 68.8785 13.0201 9.96832 6.81511 64.2221 51.8042 13.0953 12.4179 38.7089 28.2294 10.4795 25.0972 19.9786 154.506 117.529 36.9776 31.0972 111.79 28.7985 82.9916 78.0055 62.2502 15.7553 8.8656 9.55412 52.6961 47.5759
internal_count=1460 1440 524 433 91 61 42 406 322 76 84 246 181 65 154 120 916 706 210 180 670 174 496 471 383 88 45 54 329 295
is_linear=0
shrinkage=0.05


Tree=93
num_leaves=31
num_cat=0
split_feature=7 6 0 0 0 2 0 1 1 5 2 7 7 7 2 1 6 5 0 3 1 1 2 3 1 3 3 4 3 4
split_gain=0.509563 0.520686 2.30815 3.27955 1.98735 2.22036 2.51361 1.77452 3.00597 1.59522 1.58759 2.3473 3.03263 1.96171 1.89668 1.73174 1.08831 0.881509 1.25909 2.47623 2.29482 2.6454 1.69301 1.35978 4.0141 2.9352 1.42117 2.95623 1.65954 5.31369
threshold=43.930990676881713 0.093386393735261489 33.1626261718568 34.854516892319189 37.610915253536071 -2.4029698689378689 41.742378063653142 4.4390101376675952 7.5704359466388391 747.72377603216353 10.313953218838149 33.181286388424517 37.323408903880768 23.827023557592387 0.84989454014199328 20.446581377260319 0.092069078799153395 353.60642875520358 66.230370668137795 697.3174840340256 10.899052952612466 15.59786307850476 -11.286465102201374 370.07393449674186 -2.8154500870950865 375.15937743237345 378.43480313311983 382.0079132839241 534.09142011082133 543.4913969659716
decision_type=2 2 2 2 2 2 2 2 2 2 2 2 2 2 2 2 2 2 2 2 2 2 2 2 2 2 2 2 2 2
left_child=1 16 -3 -4 -5 9 -7 -8 -9 -6 11 13 -13 -10 -14 -15 17 -1 22 -20 -21 -22 -19 24 -24 -25 -27 -28 -29 -30
right_child=-2 2 3 4 5 6 7 8 10 -11 -12 12 14 15 -16 -17 -18 18 19 20 21 -23 23 25 -26 26 27 28 29 -31
leaf_value=0.021188634778899262 -0.014881215257442949 0.051142750274836259 -0.060805535469109807 0.041859954183673574 -0.044753430922959844 0.062784326311812952 -0.024347715851538443 0.055416615894645804 -0.0028716527495430046 -0.0024147079696981259 -0.027108884280590436 -0.046025218407107708 0.033238941986257875 0.066161795170936011 -0.01422123613261949 0.019178249244978716 -0.029365938641034029 -0.044357760326538424 -0.049263491485084909 0.029010342202008096 -0.052111074660217131 0.0084090398996480905 0.024579057670235063 0.049421440829960091 -0.0436455496024859 -0.03320062345182017 0.046942726486715755 -0.018567029205197538 0.060243716695788575 0.00038008827783891534
leaf_weight=4.6039863862097254 5.5999408960342398 2.5431681163609019 1.977013811469077 3.3827242255210868 3.7889585681259614 1.9505612552165974 4.6428039744496337 3.1119586043059853 4.6614521369338098 5.3891088515520096 3.654173217713832 3.610844410955905 4.0779052823781949 3.2427530214190465 4.3514404967427254 4.9627633914351463 3.3040090873837462 2.088855914771556 3.8724579736590377 3.7463398277759534 3.3153078183531761 3.9653054848313332 3.4770605564117432 3.2108885645866385 5.6745553836226446 2.9608827978372565 3.5350530594587317 10.395383834838865 3.8253886438906184 119.66928701102734
leaf_count=37 30 20 9 18 27 14 26 22 31 34 21 22 24 21 22 27 18 16 23 18 19 27 21 23 34 16 22 68 29 721
internal_value=0 0.0003816 0.00461621 0.0023754 0.00483292 0.00219296 0.00749024 0.00452036 0.00875197 -0.0198933 0.00366752 0.00818278 -0.00768489 0.0230309 0.0087388 0.0377458 -0.000937751 -0.000398996 -0.000984545 -0.0148669 -0.00278746 -0.0191495 0.000351301 0.000962704 -0.0177243 0.00215365 0.00107255 0.00181098 0.000619382 0.00223443
internal_weight=0 232.992 55.3476 52.8045 50.8274 47.4447 38.2667 36.3161 31.6733 9.17807 28.5613 24.9072 12.0402 12.867 8.42935 8.20552 177.645 174.341 169.737 14.8994 11.027 7.28061 154.837 152.748 9.15162 143.597 140.386 137.425 133.89 123.495
internal_count=1460 1430 338 318 309 291 230 216 190 61 168 147 68 79 46 48 1092 1074 1037 87 64 46 950 934 55 879 856 840 818 750
is_linear=0
shrinkage=0.05


Tree=94
num_leaves=31
num_cat=0
split_feature=0 1 0 1 3 5 2 0 5 2 2 7 0 7 5 1 1 0 0 0 2 7 5 5 6 4 4 5 2 1
split_gain=0.506174 1.74326 1.63845 1.58668 1.63302 1.3696 3.83479 1.99933 1.73491 1.49613 1.9299 2.87283 1.35069 3.89461 1.46319 2.49045 1.34629 3.53022 3.00592 1.33448 1.51436 1.31203 1.85816 3.25475 2.92867 2.36642 6.45956 3.8712 2.75713 1.98298
threshold=49.120125225733268 3.2826346704351583 48.57893961792324 -6.7767274240407565 351.27120093171771 372.11199355375476 1.2661698743030316 65.289725538513082 378.3692104196121 -1.3519189046559228 -2.3490660371657208 19.391802389198912 54.186379671651302 15.546984322705134 3151.3279257213885 34.258113254866096 -1.8914954688761723 47.086274580334567 43.667473531366376 55.99336139575172 1.4190432701044828 14.892390508903061 774.35139850135272 786.40998674046989 0.059625505857988738 940.80753788122786 1141.5976062650063 1161.448257725677 6.6349076347455433 14.020348098054116
decision_type=2 2 2 2 2 2 2 2 2 2 2 2 2 2 2 2 2 2 2 2 2 2 2 2 2 2 2 2 2 2
left_child=1 2 16 -2 -5 6 7 -6 -7 10 11 -10 13 -11 15 19 -1 18 -18 20 -14 -21 24 -24 -23 -25 -27 -28 29 -29
right_child=3 -3 -4 4 5 8 -8 -9 9 12 -12 -13 14 -15 -16 -17 17 -19 -20 21 -22 22 23 25 -26 26 27 28 -30 -31
leaf_value=0.0029714573371758275 -0.033015499305688353 0.026076444081799321 0.033936841022148993 -0.040890938057195493 0.064398388549541566 -0.032138187425908314 -0.028617800282872405 0.0090243012051858546 -0.046280348455679819 -0.026411128661250279 -0.034832781336194107 0.0087575086973400561 -0.039096788363147839 0.030470977976470255 0.03147147464096952 -0.036188353998051724 -0.01662867430473251 -0.055205718383260022 0.029956658241351842 0.028923672627279198 0.0053041989091511333 0.058440237279238243 -0.061796469309868984 0.030275358951030541 0.005147184967867785 -0.060086543892374215 0.057484073092154246 -0.0072353954702985453 -0.026982143752493293 0.03071597644251339
leaf_weight=64.010056499391794 3.9717055708169928 7.4488682635128489 3.5933667719364157 2.514553688466548 3.6094523817300779 4.488278202712535 3.0256311073899269 2.972527839243412 2.9728813767433193 4.0749046057462683 6.6619682423770419 11.710525669157503 4.2861682698130599 11.506383590400217 3.4522657357156268 4.9357635378837577 10.732865832746031 3.809553049504756 5.1120082698762408 4.4482599273324004 3.4791648723185062 2.8829267621040371 2.4741483330726615 4.7694138810038558 24.366455908864737 4.91303572803736 2.8475970849394825 7.952200800180437 8.4379125833511335 6.0686209760606289
leaf_count=400 20 45 22 17 25 28 16 18 20 25 44 80 26 72 21 31 65 23 33 33 19 17 13 25 139 31 16 46 45 45
internal_value=0 0.00285879 0.000876791 -0.00185521 -0.000963895 -0.000227491 0.0179734 0.0393906 -0.00160734 -0.000486346 -0.0125126 -0.00238575 0.00205792 0.0155949 -0.000414391 -0.00175908 -0.000543129 -0.0119893 -0.00159892 0.00044999 -0.0192035 0.00265667 0.000851108 -0.00637485 0.0107855 -0.00245584 -0.00762169 0.00256398 -0.00439948 0.00919107
internal_weight=0 94.7067 87.2579 142.823 138.851 136.336 9.60761 6.58198 126.729 122.241 21.3454 14.6834 100.895 15.5813 85.3139 81.8617 83.6645 19.6544 15.8449 76.9259 7.76533 69.1606 64.7123 37.4629 27.2494 34.9888 30.2194 25.3063 22.4587 14.0208
internal_count=1460 588 543 872 852 835 59 43 776 748 144 100 604 97 507 486 521 121 98 455 45 410 377 221 156 208 183 152 136 91
is_linear=0
shrinkage=0.05


Tree=95
num_leaves=31
num_cat=0
split_feature=0 4 1 2 7 0 0 1 3 7 6 6 6 6 1 1 6 1 0 3 3 3 1 5 3 3 0 6 6 6
split_gain=0.460893 0.853486 1.14358 1.30581 0.5731 0.525975 2.00735 1.13032 3.88783 1.75491 1.18924 1.54305 2.5343 2.44093 1.1149 0.970557 1.78673 1.53053 0.942201 2.37626 3.33507 2.91777 2.29995 1.72959 1.6053 1.8501 1.34565 1.27291 1.36671 1.27455
threshold=36.395919409487696 726.23224106984287 -8.3919626986680083 -3.244689402626499 12.127146431032605 43.534258832733066 44.641511525233653 -7.6135387347405858 2360.1617632529619 30.363032384756156 0.058712321775387662 0.071995029291072724 0.081598998279102344 0.10948747009641356 -1.7505016191437333 -4.8216842378584479 0.064738966436310552 -3.7131120984212482 51.287688610574101 375.15937743237345 958.34223172159761 2937.2867587414958 -0.60712771227500173 385.09691892689244 355.12680002471609 369.24813728409731 60.340845079812347 0.044630408960223654 0.16310437665488811 0.1275916470922398
decision_type=2 2 2 2 2 2 2 2 2 2 2 2 2 2 2 2 2 2 2 2 2 2 2 2 2 2 2 2 2 2
left_child=1 -1 3 -3 -2 7 -7 8 9 -6 14 -12 -13 -14 -9 16 -8 -17 19 -19 -21 -22 23 -20 -24 -26 -27 -28 29 -29
right_child=4 2 -4 -5 5 6 15 10 -10 -11 11 12 13 -15 -16 17 -18 18 22 20 21 -23 24 -25 25 26 27 28 -30 -31
leaf_value=0.024440243944879755 0.024870684801820388 -0.0042971378830374369 -0.022601518710754775 0.035693800266407456 0.042433990069099072 0.029430796891812439 0.0037824738520106575 0.015081919792946178 -0.026413569644192121 -0.0035957289042874391 -0.045349961652584252 0.02671477270813153 -0.053874675385240156 0.0020813791621021654 -0.015230677425786147 0.031490680466731584 -0.03371161181639163 0.039737492517669913 -0.061108148355825821 -0.015908868439709758 0.039949085067543161 -0.018372857709871397 -0.049124163274999855 -0.012355947964982636 0.042863789394933703 0.0058889863276447157 -0.036024846804130331 -0.0044466682581614115 -0.032224777066404087 0.018594125801387973
leaf_weight=5.3589554764330414 2.1850948221981517 5.5342915803194046 3.7296320945024464 3.2341213971376419 5.770240016281603 5.7399898655712596 6.7377247959375364 6.0646153576672077 5.860783662647008 3.2297101765871048 4.5780540108680716 3.1935615837573987 3.9360246136784554 3.8605077303946018 6.0689469836652297 3.8722882345318785 6.0131204128265381 4.8600521609187153 2.6104752570390684 12.662211958318951 7.1615568846464139 3.0611561611294746 1.662367247045039 6.0022934004664421 2.5047431476414195 46.538155432790518 3.1970880180597296 50.539119355380535 3.9203331470489493 6.8109557852149001
leaf_count=36 18 30 19 23 37 36 37 40 34 22 29 21 23 23 36 28 31 39 14 82 47 20 8 37 19 291 23 291 26 40
internal_value=0 0.00774684 0.000588982 0.010453 -0.000607531 -0.00086473 0.000354649 -0.00584664 0.00527813 0.0259158 -0.0118146 -0.0209605 -0.0108008 -0.0261676 -7.97895e-05 -0.000637876 -0.0138992 0.00045022 -0.000343004 0.00798488 0.0012416 0.0224848 -0.00220959 -0.0271324 -0.000345832 0.00036853 -0.000590338 -0.00526767 -0.00366276 -0.00171032
internal_weight=0 17.857 12.498 8.76841 218.641 216.456 173.894 42.5624 14.8607 8.99995 27.7017 15.5681 10.9901 7.79653 12.1336 168.154 12.7508 155.403 151.531 27.745 22.8849 10.2227 123.786 8.61277 115.173 113.51 111.006 64.4675 61.2704 57.3501
internal_count=1460 108 72 53 1352 1334 1069 265 93 59 172 96 67 46 76 1033 68 965 937 188 149 67 749 51 698 690 671 380 357 331
is_linear=0
shrinkage=0.05


Tree=96
num_leaves=31
num_cat=0
split_feature=0 0 3 1 0 1 0 1 0 3 5 3 5 1 3 6 6 7 7 7 2 0 0 7 0 1 1 5 4 6
split_gain=0.432883 1.56433 1.83834 1.55503 1.4995 1.18654 3.21834 2.76995 2.56897 1.99473 3.03384 2.17454 1.17236 1.89276 1.09988 1.07354 2.68806 1.41153 3.33393 3.11347 2.581 2.3721 1.95791 1.15749 0.990674 0.901266 1.4935 0.837089 2.74558 1.22775
threshold=49.120125225733268 49.958651494860391 917.9066071660958 3.2826346704351583 48.57893961792324 -1.8914954688761723 47.086274580334567 -1.2490989265726282 43.534258832733066 354.69824290771629 372.11199355375476 383.54731403327202 3151.3279257213885 36.836749499248306 351.27120093171771 0.12229144664221782 0.090716362122076108 25.798681015490043 21.735227154706827 16.896418431915496 -2.3490660371657208 38.917774830835967 42.501353031121589 18.632507864922605 45.158418110113807 27.388035970347463 20.446581377260319 360.62100238242039 377.29889702613485 0.043605844363112677
decision_type=2 2 2 2 2 2 2 2 2 2 2 2 2 2 2 2 2 2 2 2 2 2 2 2 2 2 2 2 2 2
left_child=3 2 -2 4 5 9 7 -7 -9 -1 -11 -12 13 14 -3 16 17 18 19 -13 -19 -22 -20 -21 -5 26 27 -16 -29 -30
right_child=1 12 -4 24 -6 6 -8 8 -10 10 11 15 -14 -15 25 -17 -18 20 22 23 21 -23 -24 -25 -26 -27 -28 28 29 -31
leaf_value=0.04626726580779212 0.0037509052296936817 -0.034950262271545823 -0.049279884552052261 0.0032982361964276766 0.032484463786478658 -0.039738962732095096 -0.052932469251479847 -0.0069509554396753924 0.041255358450160248 -0.046157727964625292 0.03314951124707146 0.018221800433193026 0.024456759269618621 -0.03737221360201079 0.020807327087295907 -0.022095171126925117 0.02432984446328372 -0.054649306864639341 0.050295527298293785 -0.048854479424339056 0.032408420602651894 -0.02151850906026755 0.0018061233055570718 -0.013459970589770404 0.040374839740227729 0.019177667842202831 -0.021084965729549102 -0.039432708249949135 0.014849602381163486 -0.0007650846552631201
leaf_weight=2.5254743844270697 2.9648204259574404 2.2649338915944091 3.6413277089595795 3.1234766095876685 3.5746493786573401 3.6332312822341928 3.7607197985053054 7.8416229411959648 4.2678807936608791 3.2403691783547393 5.6068671047687522 5.8127502351999309 4.5259109809994689 3.5625900067389003 4.9920837394893161 4.8218105472624293 10.996137559413908 3.3980110809206954 4.6469617597758752 3.9657710269093496 3.04872342571616 6.1583833545446396 3.7713283076882362 5.5319255068898201 4.2573084123432636 5.9618339315056792 8.387310639023779 4.2671741247177115 14.73785490170121 86.328792531043291
leaf_count=21 22 16 20 19 22 24 23 47 27 17 39 35 29 23 31 31 70 18 30 23 23 38 21 34 26 40 56 25 104 506
internal_value=0 -0.00172303 -0.0254798 0.0026537 0.000776114 -0.000589044 -0.0113764 -0.00144922 0.0100389 0.00272291 0.000920096 0.00356125 -0.000560746 -0.00142837 -0.0004196 0.0003802 0.00266991 -0.00388529 0.00329754 -0.0105997 -0.0174067 -0.00366184 0.0285727 -0.028239 0.0246844 0.000207708 -0.000744972 0.000801336 -0.000146807 0.0015119
internal_weight=0 141.635 6.60615 93.9834 86.6026 83.028 19.5035 15.7427 12.1095 63.5245 60.999 57.7587 135.028 130.503 126.94 52.1518 47.33 36.3339 23.7287 15.3104 12.6051 9.20711 8.41829 9.4977 7.38079 124.675 118.713 110.326 105.334 101.067
internal_count=1460 872 42 588 543 521 121 98 74 400 379 362 830 801 778 323 292 222 143 92 79 61 51 57 45 762 722 666 635 610
is_linear=0
shrinkage=0.05


Tree=97
num_leaves=31
num_cat=0
split_feature=7 6 1 2 6 0 6 6 6 1 1 2 5 7 4 1 7 6 4 2 7 2 2 6 3 3 6 7 1 0
split_gain=0.42094 0.529116 1.23187 1.00356 0.698719 1.0539 1.37317 1.6481 2.56269 1.63211 1.61821 1.45229 1.46122 1.55588 1.33789 1.06643 0.94465 2.8065 3.49024 2.28142 2.02733 2.82301 2.20134 2.012 2.02331 4.81514 2.89888 2.00181 1.90261 1.88197
threshold=43.930990676881713 0.13571881009555989 17.748841043207509 -0.77597316754620571 0.12331860310926189 72.518359792118289 0.093386393735261489 0.10322140491794844 0.1085548693253728 4.4390101376675952 -7.9573334428777676 -11.286465102201374 3066.077460508543 19.485563418043537 559.32352590366929 23.245120384373426 26.664643173963636 0.059520548284017295 382.4160805679673 6.6349076347455433 21.774080964770366 -4.2675426648471904 -0.8583337294505039 0.044873521444585812 791.18385036479481 1226.1473601279704 0.060576164956762768 22.224560813228056 1.5068045727348365 38.72445644054725
decision_type=2 2 2 2 2 2 2 2 2 2 2 2 2 2 2 2 2 2 2 2 2 2 2 2 2 2 2 2 2 2
left_child=1 4 3 -3 5 6 11 9 -9 10 -8 -1 15 -14 -10 16 19 18 -18 20 22 -22 23 28 26 -26 -25 -23 -13 -19
right_child=-2 2 -4 -5 -6 -7 7 8 14 -11 -12 12 13 -15 -16 -17 17 29 -20 -21 21 27 -24 24 25 -27 -28 -29 -30 -31
leaf_value=-0.042992224350994548 -0.013511975197047974 0.0052999459930034055 -0.0092979339738772059 0.039641559711979191 -0.015280188797238949 -0.019944841627093174 0.030530982700231843 -0.029475035066491285 0.040414522350680875 0.040863670802961861 -0.016951116190288367 0.03262122056647563 0.045261108224621073 -0.00056747555469391841 0.0018349280997970495 -0.02597896134769322 0.061737390153413091 0.006563303955232371 -0.0035322418913737983 -0.033835269415919529 0.054792959642956697 0.039330138145784815 0.0039424399978623976 -0.072354362493849508 0.022894544795610997 -0.036429098889077617 -0.0080269903618991126 0.0027288979902515137 -0.018541180985340414 -0.032496520593551667
leaf_weight=2.0154107436537734 5.6077954843640319 4.4926595482975236 5.2074676975607863 4.0407022386789313 7.4676304049789897 6.2439814358949652 3.5738864094018936 5.0795915201306334 3.2543711364269239 6.8084740489721298 3.6037639491260069 4.0313044264912561 3.5570884011685839 3.863597709685564 7.261267427355051 4.2584913447499266 2.4640691094100502 4.1208960153162506 12.135988775640724 4.4636271446943274 3.6020077280700198 4.3613939285278347 60.796688426285989 3.7964329831302193 6.2141287885606271 7.6086969971656799 3.2512329816818237 26.039764508605003 3.3084315732121468 12.254120260477064
leaf_count=16 30 32 33 25 45 33 25 27 21 49 21 24 22 27 42 31 19 26 81 26 24 27 377 25 34 44 21 153 25 75
internal_value=0 0.000353461 0.00986635 0.0215613 -0.000253285 0.000286293 0.000912507 0.010864 -0.000312492 0.0233264 0.00669111 -0.000797574 -0.000297718 0.0214003 0.0137745 -0.00128731 -0.000623698 -0.00845556 0.00748339 0.00127938 0.00255357 0.0129388 -0.00141386 -0.0129574 -0.0208761 -0.00975982 -0.0426788 0.00797976 0.00955945 -0.0226668
internal_weight=0 229.177 13.7408 8.53336 215.436 207.969 201.725 29.5814 15.5952 13.9861 7.17765 172.143 170.128 7.42069 10.5156 162.707 158.449 30.9751 14.6001 127.474 123.01 34.0032 89.0069 28.2102 20.8705 13.8228 7.04767 30.4012 7.33974 16.375
internal_count=1460 1430 90 57 1340 1295 1262 185 90 95 46 1077 1061 49 63 1012 981 201 100 780 754 204 550 173 124 78 46 180 49 101
is_linear=0
shrinkage=0.05


Tree=98
num_leaves=31
num_cat=0
split_feature=0 7 7 5 2 1 0 5 1 3 6 6 0 4 7 7 2 3 2 7 3 6 7 3 7 5 6 2 1 1
split_gain=0.498488 0.472939 1.52614 2.54004 2.21366 2.22489 2.49967 1.8171 4.03415 2.45985 3.06794 2.90158 1.78238 2.54844 1.68631 3.11528 2.84856 1.4749 2.22122 3.44338 1.92185 2.02035 1.91021 1.90025 1.873 1.88233 2.3551 1.61148 1.93847 3.79477
threshold=31.665262127436922 17.339122222591232 20.777572092260367 3158.4401806633673 10.313953218838149 27.388035970347463 62.957010929669821 938.4487176242742 1.1149811919707988 388.03345616055043 0.058712321775387662 0.082471134173298627 63.180670332014749 1167.2614922356636 22.431123735771514 21.774080964770366 1.9979490634199537 706.60176047353832 -4.0894042769825782 28.539582931265201 628.75285808085266 0.054578433827917924 46.586727043503956 1280.2963135735563 23.39640172839675 360.62100238242039 0.093386393735261489 -3.1569563151456586 18.627497135572757 13.21650521920151
decision_type=2 2 2 2 2 2 2 2 2 2 2 2 2 2 2 2 2 2 2 2 2 2 2 2 2 2 2 2 2 2
left_child=-1 -2 7 4 5 14 -7 9 -9 10 -3 -11 13 -10 15 16 -4 20 19 23 21 -16 -22 -19 -23 -26 -27 -20 29 -29
right_child=1 2 3 -5 -6 6 -8 8 12 11 -12 -13 -14 -15 17 -17 -18 18 27 -21 22 24 -24 -25 25 26 -28 28 -30 -31
leaf_value=0.018395503162596066 0.0039074778429649213 0.017351428522848242 -0.021748983788826792 0.043390475903064413 -0.036906835553445448 0.060823209937856927 -0.002407197646508142 -0.050303661120576507 0.03825792642406356 0.0375137693854578 -0.041406949049201502 -0.015898802955183058 -0.030305200792584776 -0.01309471493989014 0.025670502779371742 0.039101526659768682 0.025693670124501945 0.053266302304713325 -0.039482848924411736 -0.027836361379723708 0.053720673212513087 0.025425544285931995 0.0016676866242394063 0.0025619097466183017 0.019163209930542758 -0.036193008923923693 -0.0011988885326428749 -0.013832439911600596 -0.034869308280137339 0.023115898476988205
leaf_weight=3.634201541543006 52.371515300124884 3.7083955928683299 7.5390549153089541 3.4573898389935485 3.9464834257960311 3.2261076606810084 3.0320837013423443 7.2409716397523907 3.9698972925543767 6.7123521827161294 5.540579617023468 4.0931534022092819 4.6767307221889487 6.1720984727144241 5.9978091940283766 7.234155371785163 5.4519796594977379 4.3079887889325601 4.9417416378855625 3.6143197789788246 3.5857479386031619 3.9561429023742702 3.4662954956293106 3.2357100769877434 4.0576864331960705 9.40877363830805 9.8323202505707723 29.756105441600091 6.4168455339968196 9.0666205510497075
leaf_count=24 336 25 47 18 26 22 20 40 22 47 30 22 25 42 48 51 33 30 28 23 28 25 18 20 25 58 54 173 41 59
internal_value=0 -0.000268153 -0.00149917 0.00108419 -2.32937e-05 0.00111276 0.0301882 -0.00981289 -0.0197155 0.0010799 -0.0178477 0.0172809 -0.00476904 0.00700633 -0.000380306 0.0128049 -0.00183861 -0.0030039 -0.00788614 0.0122917 0.00442632 -0.000601681 0.028135 0.0315177 -0.00638322 -0.0117844 -0.0183108 -0.0123728 -0.00941139 -0.00520356
internal_weight=0 230.017 177.646 135.531 132.074 128.127 6.25819 42.1142 22.0597 20.0545 9.24898 10.8055 14.8187 10.142 121.869 20.2252 12.991 101.644 61.3393 11.158 40.3048 33.2527 7.05204 7.5437 27.2549 23.2988 19.2411 50.1813 45.2396 38.8227
internal_count=1460 1436 1100 847 829 803 42 253 129 124 55 69 89 64 761 131 80 630 374 73 256 210 46 50 162 137 112 301 273 232
is_linear=0
shrinkage=0.05


Tree=99
num_leaves=31
num_cat=0
split_feature=0 4 4 7 5 3 5 7 7 6 1 3 7 0 7 6 3 3 7 7 5 1 3 6 0 1 4 7 6 7
split_gain=0.452668 0.466364 1.94756 2.31076 1.18871 0.989045 1.80927 1.05421 1.45645 1.75628 1.45251 3.13152 2.0418 1.8338 1.02528 1.50583 0.87313 3.14594 1.60854 2.84146 1.41037 1.14051 1.9032 2.34226 2.00094 1.8869 2.29219 1.75295 2.00896 5.38001
threshold=31.665262127436922 369.62051639925636 358.13285602520858 21.774080964770366 372.11199355375476 373.29410022116843 376.97916901644498 31.19432915082395 32.209247875917875 0.065361882539232238 16.208157848311775 697.3174840340256 39.464156388072702 60.42819845744102 29.873678625242977 0.11016852513177335 543.7687813470003 406.9614638560609 13.587934523906322 17.457468789682085 539.0993811997115 7.3430420880598044 1240.012091669277 0.047647546345333656 54.305900908149887 9.4390524623784717 1141.5976062650063 12.40714779861336 0.050098821727654945 15.399515927683426
decision_type=2 2 2 2 2 2 2 2 2 2 2 2 2 2 2 2 2 2 2 2 2 2 2 2 2 2 2 2 2 2
left_child=-1 2 3 -2 -3 -6 -7 14 -9 -10 13 -12 -13 -11 16 -16 17 18 -8 -20 -18 27 25 -24 -25 -23 -27 -22 -29 -30
right_child=1 4 -4 -5 5 6 7 8 9 10 11 12 -14 -15 15 -17 20 -19 19 -21 21 22 23 24 -26 26 -28 28 29 -31
leaf_value=0.017584132567850051 -0.013394174859625114 0.025599262661221135 -0.034144970171402382 0.037470379554869752 0.024966187850314639 -0.034139674470959412 0.029053243347587659 -0.041675009221927871 0.027172989630499869 -0.0033531962188276588 0.039773286639014922 0.0035257807919742445 -0.047714503687182046 -0.04796310336128061 0.0029636468641007067 0.048749533993641694 -0.036726677515263623 0.042987486512723189 -0.045190577438934593 0.0073841440316757285 -0.049378626577209234 0.041493176750344883 -0.026942820798479039 0.041215156101789392 -6.2043320342040372e-05 -0.010074718102692939 0.032342072224596286 0.0081900144525657147 -0.067163177220849204 -0.0038753389911431856
leaf_weight=3.6123675741255274 6.5044767744839174 4.5590789914131156 5.0270041897892943 3.4000529274344444 3.8301559314131728 3.9616785272955886 3.3180339485406902 3.0490095317363766 3.6110156923532513 4.6494177803397196 3.6191995441913596 5.0956924781203252 3.1434861160814762 4.5662181526422501 5.1126590408384791 2.7680287957191467 2.6758437901735297 5.4020330719649783 3.8928137421607953 7.5627964399755001 2.0260540693998328 6.0443741045892265 7.073775444179776 3.4179481975734261 20.820799544453621 7.5949295200407487 5.4854433350265026 30.152479853481054 3.5684700086712828 56.937618441879749
leaf_count=24 47 30 28 25 25 31 20 21 22 33 20 32 18 26 33 16 18 45 23 44 11 42 49 28 137 42 36 188 23 323
internal_value=0 -0.000254617 -0.00879801 0.00406674 0.000341656 -0.000208308 -0.000677403 -1.97907e-05 -0.00907268 -0.00504575 -0.0105664 0.00100552 -0.0160239 -0.0254568 0.00142437 0.0190456 0.000587685 0.0103365 -0.00160245 -0.0104817 -0.000761367 -8.89504e-05 0.00596159 -0.001629 0.00575853 0.0183895 0.00771338 -0.00338154 -0.00235359 -0.00760787
internal_weight=0 228.871 14.9315 9.90453 213.939 209.38 205.55 201.588 27.734 24.685 21.074 11.8584 8.23918 9.21564 173.854 7.88069 165.973 20.1757 14.7736 11.4556 145.798 143.122 50.4373 31.3125 24.2387 19.1247 13.0804 92.6846 90.6586 60.5061
internal_count=1460 1436 100 72 1336 1306 1281 1250 172 151 129 70 50 59 1078 49 1029 132 87 67 897 879 334 214 165 120 78 545 534 346
is_linear=0
shrinkage=0.05


end of trees

feature_importances:
bb_width=472
ema_9=441
macd=433
rsi_14=397
adx_14=394
macd_hist=348
ema_50=311
ema_21=204

parameters:
[boosting: gbdt]
[objective: binary]
[metric: binary_logloss]
[tree_learner: serial]
[device_type: cpu]
[data_sample_strategy: bagging]
[data: ]
[valid: ]
[num_iterations: 100]
[learning_rate: 0.05]
[num_leaves: 31]
[num_threads: 0]
[seed: 0]
[deterministic: 0]
[force_col_wise: 0]
[force_row_wise: 0]
[histogram_pool_size: -1]
[max_depth: -1]
[min_data_in_leaf: 20]
[min_sum_hessian_in_leaf: 0.001]
[bagging_fraction: 1]
[pos_bagging_fraction: 1]
[neg_bagging_fraction: 1]
[bagging_freq: 0]
[bagging_seed: 3]
[feature_fraction: 1]
[feature_fraction_bynode: 1]
[feature_fraction_seed: 2]
[extra_trees: 0]
[extra_seed: 6]
[early_stopping_round: 0]
[first_metric_only: 0]
[max_delta_step: 0]
[lambda_l1: 0]
[lambda_l2: 0]
[linear_lambda: 0]
[min_gain_to_split: 0]
[drop_rate: 0.1]
[max_drop: 50]
[skip_drop: 0.5]
[xgboost_dart_mode: 0]
[uniform_drop: 0]
[drop_seed: 4]
[top_rate: 0.2]
[other_rate: 0.1]
[min_data_per_group: 100]
[max_cat_threshold: 32]
[cat_l2: 10]
[cat_smooth: 10]
[max_cat_to_onehot: 4]
[top_k: 20]
[monotone_constraints: ]
[monotone_constraints_method: basic]
[monotone_penalty: 0]
[feature_contri: ]
[forcedsplits_filename: ]
[refit_decay_rate: 0.9]
[cegb_tradeoff: 1]
[cegb_penalty_split: 0]
[cegb_penalty_feature_lazy: ]
[cegb_penalty_feature_coupled: ]
[path_smooth: 0]
[interaction_constraints: ]
[verbosity: -1]
[saved_feature_importance_type: 0]
[use_quantized_grad: 0]
[num_grad_quant_bins: 4]
[quant_train_renew_leaf: 0]
[stochastic_rounding: 1]
[linear_tree: 0]
[max_bin: 255]
[max_bin_by_feature: ]
[min_data_in_bin: 3]
[bin_construct_sample_cnt: 200000]
[data_random_seed: 1]
[is_enable_sparse: 1]
[enable_bundle: 1]
[use_missing: 1]
[zero_as_missing: 0]
[feature_pre_filter: 1]
[pre_partition: 0]
[two_round: 0]
[header: 0]
[label_column: ]
[weight_column: ]
[group_column: ]
[ignore_column: ]
[categorical_feature: ]
[forcedbins_filename: ]
[precise_float_parser: 0]
[parser_config_file: ]
[objective_seed: 5]
[num_class: 1]
[is_unbalance: 0]
[scale_pos_weight: 1]
[sigmoid: 1]
[boost_from_average: 1]
[reg_sqrt: 0]
[alpha: 0.9]
[fair_c: 1]
[poisson_max_delta_step: 0.7]
[tweedie_variance_power: 1.5]
[lambdarank_truncation_level: 30]
[lambdarank_norm: 1]
[label_gain: ]
[lambdarank_position_bias_regularization: 0]
[eval_at: ]
[multi_error_top_k: 1]
[auc_mu_weights: ]
[num_machines: 1]
[local_listen_port: 12400]
[time_out: 120]
[machine_list_filename: ]
[machines: ]
[gpu_platform_id: -1]
[gpu_device_id: -1]
[gpu_use_dp: 0]
[num_gpu: 1]

end of parameters

pandas_categorical:[]
