tree
version=v4
num_class=1
num_tree_per_iteration=1
label_index=0
max_feature_idx=16
objective=binary sigmoid:1
feature_names=rsi_14 rsi_z macd_hist stoch_k cci_20 atr_pct bb_pct_b bb_width_norm ema9_ratio ema21_ratio ema_cross golden_death adx_14 price_return_5d price_return_20d vol_ratio rs_momentum_20d
feature_infos=[8.0322254702537776:93.804168889402845] [-2.7978516353164147:2.9202779259601899] [-911.1227253771267:619.62041943731117] [0:99.544543632719979] [-574.02983768648471:593.53068719854889] [0.0066304568676701396:0.63793920123298364] [-0.55961601116463167:1.5572319995379924] [0.015171641326344401:4.3253662458947133] [-0.81425924565248065:0.28497490250981561] [-0.83434179060687641:0.44835425241175497] [-0.52454664743995427:0.14005383190225573] [-1:1] [7.1388815483288974:78.117129447611759] [-0.86116547926616038:0.66141494105852683] [-0.87807916937053865:0.85545923833641768] [0:16.524368770278166] [-0.88083282205918823:0.80942117251193713]
tree_sizes=3403 3515 3518 3550 3534 3551 3539 3530 3547 3530 3553 3526 3544 3525 3535 3538 3548 3541 3554 3566 3526 3560 3539 3553 3540 3507 3541 3536 3533 3535 3511 3541 3510 3553 3530 3539 3544 3525 3542 3542 3536 3533 3524 3530 3552 3501 3524 3538 3477 3505 3507 3511 3489 3535 3555 3518 3519 3525 3521 3503 3506 3499 3556 3514 3468 3546 3501 3530 3480 3503 3500 3472 3523 3505 3524

Tree=0
num_leaves=31
num_cat=0
split_feature=9 5 8 15 15 5 12 7 15 5 12 1 3 12 14 16 13 3 16 12 13 15 10 16 3 10 15 13 9 4
split_gain=63.371 53.5261 42.8067 51.8851 39.8828 33.8042 42.3984 32.3344 29.6791 25.7311 38.7374 25.4767 27.3711 25.0385 23.9282 45.1091 42.914 37.9048 35.3379 29.9057 27.9606 39.9488 27.1805 29.5505 27.062 23.6617 22.8196 22.4871 25.0117 21.4168
threshold=0.039718108518216673 0.0098312138534587742 -0.02851703226458124 1.5149558885218333 0.123694979234532 0.017064725471080077 26.731285753220288 0.076033540069384176 0.19614824135691711 0.036526165618706009 15.366358931215126 -1.7954896438212364 7.8571428571428337 24.176133151443931 -0.040176154612466812 -0.065698410441922858 0.017704768060935908 27.902746254559833 -0.015602704932177245 23.689258618150536 -0.0050633930059118528 0.44098833171919533 -0.016769154292459561 -0.057920002147458675 59.474738247955763 0.01511272364489147 0.123694979234532 0.0022561788771797713 0.0066725437307963995 80.981070619947559
decision_type=2 2 2 2 2 2 2 2 2 2 2 2 2 2 2 2 2 2 2 2 2 2 2 2 2 2 2 2 2 2
left_child=1 -1 3 11 -2 6 7 8 -4 14 -11 12 -3 -9 16 17 18 -16 22 24 -21 -22 23 -7 -17 -26 -12 -8 -29 -6
right_child=4 2 5 -5 29 9 27 13 -10 10 26 -13 -14 -15 15 19 -18 -19 -20 20 21 -23 -24 -25 25 -27 -28 28 -30 -31
leaf_value=0.24152194562148643 0.22579273285253251 0.22478601515152041 0.21395008968038398 0.21576917738596099 0.22240777996102495 0.21615680683636337 0.23485389083987324 0.23249688260189233 0.22320151360945858 0.23358933254997574 0.23851138123096374 0.22702947173313287 0.19588777018217998 0.21162276439249156 0.21583411491343976 0.2156325634997148 0.20814071625049119 0.23384723183540634 0.22659709323436911 0.22349231645017278 0.22720404046775891 0.21684419943916031 0.21342739636650065 0.22701088130171992 0.22033966531552904 0.21289583137297957 0.21990197335287801 0.20646023322613663 0.22749567275432553 0.21436316704859293
leaf_weight=102.01977334916592 335.4548479616642 71.142117977142334 732.17096418142319 583.7111971527338 324.33889202773571 633.36246699094772 316.18719100952148 265.54783619940281 543.94077703356743 227.50656478106976 61.261268258094788 1672.8278574347496 50.392333567142487 64.225523173809052 155.62338307499886 3672.4648193269968 516.2743978202343 324.09187078475952 341.8774002790451 1761.2614624202251 400.42143486440182 2050.2763167023659 1309.7066302597523 350.7701650261879 2916.0857733339071 442.66206741333008 1856.3646409660578 61.508289501070976 294.20230038464069 3645.7865250855684
leaf_count=413 1358 288 2964 2363 1313 2564 1280 1075 2202 921 248 6772 204 260 630 14867 2090 1312 1384 7130 1621 8300 5302 1420 11805 1792 7515 249 1191 14759
internal_value=0.219185 0.219843 0.219741 0.223539 0.21586 0.219273 0.222705 0.220058 0.217893 0.218813 0.221885 0.226066 0.212804 0.228432 0.21837 0.218994 0.21605 0.228004 0.217599 0.21861 0.220609 0.218537 0.216258 0.220025 0.217412 0.219359 0.220496 0.229033 0.223858 0.21502
internal_weight=0 21777.9 21675.9 2378.07 4305.58 19297.8 2277.78 1605.89 1276.11 17020 2145.13 1794.36 121.534 329.773 14874.9 11722.9 3151.99 479.715 2635.72 11243.2 4211.96 2450.7 2293.84 984.133 7031.21 3358.75 1917.63 671.898 355.711 3970.13
internal_count=105592 88162 87749 9627 17430 78122 9221 6501 5166 68901 8684 7264 492 1335 60217 47457 12760 1942 10670 45515 17051 9921 9286 3984 28464 13597 7763 2720 1440 16072
is_linear=0
shrinkage=1


Tree=1
num_leaves=31
num_cat=0
split_feature=9 5 8 5 12 8 3 4 7 14 5 5 12 12 5 14 5 13 7 7 8 13 9 4 11 12 4 3 7 10
split_gain=59.6095 50.5026 40.3002 31.8198 39.9585 31.2869 31.6013 68.8146 30.4552 30.2989 27.0064 24.2147 36.5256 23.5989 23.3054 46.0425 31.6161 24.3871 22.4159 22.4153 22.3818 21.2314 23.5345 21.0859 19.4577 19.3883 17.7493 28.9808 17.4336 28.6227
threshold=0.039718108518216673 0.0098312138534587742 -0.02851703226458124 0.017064725471080077 26.731285753220288 -0.10961166802247767 28.754988521012965 -122.47061142747317 0.076033540069384176 -0.12857212946998045 0.018597114397819588 0.036526165618706009 15.366358931215126 24.176133151443931 0.027777830566163765 0.046240030349035129 0.031795910376407895 0.014332457683867041 0.052209355924582243 0.28444376811525451 0.01004266798428677 0.0022561788771797713 0.0066725437307963995 82.058542467352424 1.0000000180025095e-35 18.393723562507301 -98.295539164936358 11.232728680207526 0.051011782225830929 0.0030495110561316045
decision_type=2 2 2 2 2 2 2 2 2 2 2 2 2 2 2 2 2 2 2 2 2 2 2 2 2 2 2 2 2 2
left_child=1 28 5 4 8 -3 19 9 20 -8 24 14 -13 -10 -5 16 18 -18 -16 -7 -4 -6 -23 -12 -2 -22 27 -21 29 -1
right_child=10 2 3 11 21 6 7 -9 13 -11 23 12 -14 -15 15 -17 17 -19 -20 26 25 22 -24 -25 -26 -27 -28 -29 -30 -31
leaf_value=0.035184305850833417 -0.011680049760653018 -0.011903859390368449 -0.0032988578446799875 3.3490327472162098e-05 0.015225874040003905 0.0049800887612682148 -0.050466156643706482 0.010623811717484437 0.01293186287651036 -0.012676752210880221 0.0031282288644485659 0.013994952207113264 0.001272038741352345 -0.0073296250343964399 0.011511864851315777 0.0029874278285690254 0.0016980587416878733 -0.0064260770402050854 -0.0068924712401688586 0.023999102806555588 0.014294543237312805 -0.012326423522715766 0.0080686200229403929 -0.0045616129238939098 0.0086590121139530265 -0.0018647554539127787 0.027899647702388397 -0.0052330225459578583 0.036793812839603063 -0.0064466044968427534
leaf_weight=26.11727049946785 50.636116474866867 103.53039816021919 1008.7369995862246 10042.60794480145 315.62774658203125 1913.8787313997746 31.859404608607292 88.622387871146202 265.15066735446453 47.663004323840141 351.89143407344818 227.13749979436398 1917.345710515976 64.277655780315399 61.265837669372559 1070.6022363007069 1081.7784463614225 480.14098428189754 2139.7185396999121 59.009826704859734 137.8522724211216 61.591320589184761 293.93053624033928 3646.4511884450912 258.1397625207901 129.69546918570995 69.116799890995026 63.229329973459244 41.147020503878593 34.49450820684433
leaf_count=106 205 419 4083 40652 1280 7752 129 359 1075 193 1425 921 7763 260 248 4334 4379 1943 8661 239 558 249 1191 14755 1045 525 280 256 167 140
internal_value=0 0.000637882 0.00053889 8.48877e-05 0.00341562 0.00422481 0.00495931 -0.00755614 0.000846207 -0.0278165 -0.00322468 -0.000360667 0.00261961 0.00897847 -0.000790293 -0.00250187 -0.00406366 -0.000799337 -0.00638017 0.00595892 -0.00125285 0.00956288 0.00453534 -0.00388484 0.00532361 0.00646122 0.0157489 0.00887852 0.021723 0.0114919
internal_weight=0 21776.1 21674.4 19297.5 2276.86 2376.91 2273.38 168.145 1605.71 79.5224 4307.12 17020.6 2144.48 329.428 14876.1 4833.51 3762.9 1561.92 2200.98 2105.23 1276.28 671.15 355.522 3998.34 308.776 267.548 191.356 122.239 101.759 60.6118
internal_count=105592 88162 87749 78122 9221 9627 9208 681 6501 322 17430 68901 8684 1335 60217 19565 15231 6322 8909 8527 5166 2720 1440 16180 1250 1083 775 495 413 246
is_linear=0
shrinkage=0.03


Tree=2
num_leaves=31
num_cat=0
split_feature=9 5 8 2 8 3 6 2 5 0 9 1 5 5 13 11 12 5 7 12 5 5 7 12 5 7 4 3 7 7
split_gain=56.0721 47.667 37.9429 36.1824 29.4303 29.7426 64.6785 27.1061 28.2587 23.5994 23.0248 22.1647 24.2449 32.4622 31.8766 29.9714 22.7106 21.8814 21.1617 20.7269 20.3106 19.9654 17.1918 19.4214 16.8695 20.7668 16.8066 27.3582 16.5536 19.5198
threshold=0.039718108518216673 0.0098312138534587742 -0.02851703226458124 51.453122316968354 -0.10961166802247767 28.754988521012965 0.17283965217377872 -0.32107090587735393 0.01804647545181072 30.080213591350383 -0.082009061027671623 0.20410381865835847 0.03417299120556918 0.027777830566163765 0.013636079320371032 1.0000000180025095e-35 9.2826813465423452 0.016764220919492288 0.28444376811525451 31.821377365824016 0.013903355375333557 0.031795910376407895 0.072369417388997923 16.833749292187779 0.013903355375333557 0.077411252240618053 -98.295539164936358 11.232728680207526 0.051011782225830929 0.033177544256923909
decision_type=2 2 2 2 2 2 2 2 2 2 2 2 2 2 2 2 2 2 2 2 2 2 2 2 2 2 2 2 2 2
left_child=1 28 4 9 -3 18 10 -2 -9 -4 -7 12 13 16 15 -14 -11 19 -6 20 -13 22 -15 -24 -5 -26 27 -20 29 -1
right_child=7 2 3 24 5 6 -8 8 -10 11 -12 17 14 21 -16 -17 -18 -19 26 -21 -22 -23 23 -25 25 -27 -28 -29 -30 -31
leaf_value=0.029519097555898245 0.0062310794473875424 -0.011532117348834475 0.011733060611846405 0.021469566338654048 0.0048334412665950715 -0.04369664659662615 0.012645672522073262 0.0060415588826963117 -0.0043749246878839266 -0.019528218050219998 -0.01257351142222236 -0.0033436989117691563 0.0078998494177443656 0.00013439236575343001 -0.0036934197924179657 -0.00063189532557457364 -0.00043511484658101184 0.00038875713922620852 0.02334567469285579 0.012592196674484041 0.0064034950966712105 -0.00062755844844010868 -0.013868177793620859 -0.0057936051029380776 -0.0070216549525336574 0.010623171407906183 0.027154159235125062 -0.0050731093961503548 0.035862673328636192 -0.0046505920253819312
leaf_weight=28.012160137295723 261.66161331534386 103.65967908501625 150.38179501891136 79.475654244422913 1912.804288059473 34.953732490539551 78.163387954235077 249.81907162070274 3797.0925676673651 56.585542038083076 55.141680017113686 310.13105773925781 849.54513476788998 300.05176465213299 668.35919266939163 657.27869138121605 6135.1300533115864 6789.6528443694115 58.844135671854019 248.86699050664902 506.83196151256561 775.05764655768871 353.81075479090214 1106.5765805095434 81.507552742958069 227.83232723176479 68.887366056442261 63.265176624059677 40.951837971806526 32.507881864905357
leaf_count=114 1059 419 609 322 7752 141 317 1012 15359 229 223 1256 3441 1214 2706 2662 24834 27488 239 1010 2054 3137 1431 4476 330 923 280 256 167 132
internal_value=0 0.000618855 0.00052281 8.23761e-05 0.00410029 0.0048135 -0.00732358 -0.00312685 -0.00373191 -0.000103906 -0.0246482 -0.000198802 -0.00107416 -0.00178045 0.00175958 0.00417829 -0.000609605 0.00101608 0.0057842 0.00501233 0.00270332 -0.00463966 -0.00640605 -0.00774985 0.00914133 0.00597396 0.0153059 0.00862182 0.0211325 0.0111651
internal_weight=0 21774.3 21672.8 19297.1 2375.72 2272.06 168.259 4308.57 4046.91 18908.3 90.0954 18757.9 10902.4 8727.21 2175.18 1506.82 6191.72 7855.48 2103.8 1065.83 816.963 2535.5 1760.44 1460.39 388.816 309.34 190.997 122.109 101.472 60.52
internal_count=105592 88162 87749 78122 9627 9208 681 17430 16371 76547 364 75938 44130 35321 8809 6103 25063 31808 8527 4320 3310 10258 7121 5907 1575 1253 775 495 413 246
is_linear=0
shrinkage=0.03


Tree=3
num_leaves=31
num_cat=0
split_feature=13 12 7 2 16 14 10 2 8 9 16 14 7 10 10 7 14 2 8 13 16 3 16 12 3 16 7 1 8 16
split_gain=53.2544 54.4719 45.9229 33.4942 33.4598 30.3136 41.9416 36.1292 27.9523 25.8654 25.4357 27.1714 25.6956 22.8793 21.9176 28.2443 19.5469 17.6407 27.562 16.5016 18.1674 16.0083 15.9936 15.8856 16.3228 17.4788 15.7328 15.71 16.2789 15.1178
threshold=-0.0013822154568560172 23.41550284577125 0.16157752613709211 44.322175318297774 0.078236901166872222 -0.042169057278268356 0.01511272364489147 -1.5703311381557596 -0.10961166802247767 0.061126059096732084 -0.066974924074869199 0.019360246422119757 0.030916404273755336 0.01094829091073213 0.012057737216392585 0.2233530882112833 -0.2138676862988895 -5.1651975243300532 -0.030038154247511214 0.017704768060935908 -0.032356619343559261 29.604076482907725 -0.018182263105128656 9.2826813465423452 22.727272727272737 -0.075644808302059094 0.57614342791960527 -1.2543316296132476 -0.048060411972136945 -0.14457251987685701
decision_type=2 2 2 2 2 2 2 2 2 2 2 2 2 2 2 2 2 2 2 2 2 2 2 2 2 2 2 2 2 2
left_child=1 2 17 5 8 16 10 -8 26 -5 -7 12 -12 -14 15 -6 29 27 -19 20 -18 -21 -13 -20 -25 -26 -3 28 -1 -2
right_child=3 4 -4 9 14 6 7 -9 -10 -11 11 22 13 -15 -16 -17 19 18 23 21 -22 -23 -24 24 25 -27 -28 -29 -30 -31
leaf_value=-0.0074950908748542093 -0.0063751914678396755 -0.019420164200923195 0.0095075155100699249 0.0080494002493646452 -0.029030810925037117 0.0091813006062409913 0.0068959622759765821 -0.0038711318473899857 0.0046160022681168839 -0.0092707533064825855 0.014473381940329292 0.0081582110124292385 -0.0017372343040877227 -0.014967119674783914 -0.00074635369372980228 0.0066268238019150938 -0.0055464343221316367 0.007347412894769938 -0.019558907579698477 0.0049560932983357111 0.004720104189649515 -0.010468341931095103 0.0012802452273587626 -0.0038819802158956522 0.010214586941336153 -0.00017891042758600039 0.00790071675958425 -0.0049796723787461986 0.024464964216895126 0.022750352344100649
leaf_weight=24.923787787556648 27.385862186551094 68.361877948045731 383.03899133205414 536.96814639866352 58.517325446009636 287.0357895642519 299.2655336111784 4468.4612894207239 5153.7718381136656 90.708003282546997 85.140055686235428 337.14002917706966 3270.4601257443428 122.03469410538673 528.15971939265728 30.367696955800056 644.94429056346416 386.47495238482952 41.321732744574547 66.258442923426628 204.25631399452686 703.82749412953854 3121.521910816431 1127.5237676650286 154.60617232322693 2506.4217510819435 26.255164384841919 1254.6150384247303 33.788241297006607 38.711727127432823
leaf_count=101 111 276 1552 2177 237 1163 1212 18076 20881 367 345 1365 13237 494 2139 123 2610 1567 167 268 827 2846 12638 4563 626 10145 106 5079 137 157
internal_value=0 0.00149404 -0.000537964 -0.00122993 0.00354243 -0.00154093 -0.00101142 -0.00319529 0.00431936 0.0055464 0.000430042 6.78999e-05 -0.00180462 -0.00221314 -0.00306584 -0.0168483 -0.00530825 -0.00123381 -0.000288123 -0.00596099 -0.00307705 -0.00914122 0.00195069 -0.00105863 -0.000856848 0.000424954 -0.0118389 -0.00426988 0.0108976 0.0106829
internal_weight=0 11778.1 5912.71 14304.1 5865.43 13676.4 11991.1 4767.73 5248.39 627.676 7223.33 6936.3 3477.63 3392.49 617.045 88.885 1685.38 5529.68 4216.35 1619.29 849.201 770.086 3458.66 3829.87 3788.55 2661.03 94.617 1313.33 58.712 66.0976
internal_count=105592 47699 23937 57893 23762 55349 48530 19288 21263 2544 29242 28079 14076 13731 2499 360 6819 22385 17068 6551 3437 3114 14003 15501 15334 10771 382 5317 238 268
is_linear=0
shrinkage=0.03


Tree=4
num_leaves=31
num_cat=0
split_feature=9 5 15 8 15 2 14 16 0 5 5 5 13 13 2 3 16 14 7 16 7 0 3 16 5 15 5 2 2 5
split_gain=50.2088 44.7364 35.8535 33.9866 47.1358 32.5075 24.8372 32.6328 24.6126 24.4085 42.3115 30.3577 25.348 24.3326 23.9554 45.0001 20.9335 29.2725 18.1777 17.5046 22.623 16.2532 23.9428 16.1751 16.0748 17.3131 15.9405 22.9636 16.7866 15.9218
threshold=0.039718108518216673 0.0098312138534587742 0.59340964331500445 -0.02851703226458124 1.5149558885218333 51.453122316968354 0.033563440171866861 0.011225943604383505 30.080213591350383 0.036526165618706009 0.027777830566163765 0.031795910376407895 0.04431063124286528 0.014332457683867041 -4.1198916914117305 28.754988521012965 -0.012036418617046683 -0.08542063359017886 0.053380666846105866 0.10032392356511478 0.16157752613709211 23.064638778568419 7.8571428571428337 0.078236901166872222 0.017064725471080077 0.34950877877275244 0.018162047029146824 1.8474135452524914 -2.204072613714958 0.013903355375333557
decision_type=2 2 2 2 2 2 2 2 2 2 2 2 2 2 2 2 2 2 2 2 2 2 2 2 2 2 2 2 2 2
left_child=1 -1 -2 4 14 6 8 24 -5 10 23 18 -11 -13 15 21 -6 -18 -12 20 -9 22 -3 -10 25 -8 27 -4 -28 -7
right_child=2 3 26 5 16 29 7 19 9 12 11 13 -14 -15 -16 -17 17 -19 -20 -21 -22 -23 -24 -25 -26 -27 28 -29 -30 -31
leaf_value=0.020493391203093014 0.0024903199652654886 0.0047746408638096342 -0.019852351167755713 0.011266355445147399 -0.00071532483644011101 0.020671503067443239 0.0040550027578315174 0.00013300449743621707 -0.0001679457793853155 0.0044305872931885036 0.0086556169966560143 0.0016949705657286469 -0.0057498926391116069 -0.006821276531549402 0.0097621410514851688 -0.029394369413350094 -0.040511158404678518 -0.0060004410937826913 -0.0071709738732173862 -0.0050628486101667695 0.0072947388862488203 0.0056021948983379973 -0.027632546477868027 -0.022839308592908055 0.004187729461688371 0.020912209528775576 0.010110410357583144 0.012003910036324042 -0.0050458742334913527 0.0055942811737089019
leaf_weight=101.12283264100552 868.20704187452793 51.314166247844696 25.184960037469864 150.09973360598087 468.81280787289143 79.199811026453972 102.7881461083889 3396.3761734217405 8126.7066190093756 1245.7466600835323 67.622506305575371 993.94904062151909 267.35502973198891 433.70437960326672 895.67924904823303 37.391857251524925 29.946263536810875 84.646139651536942 1913.2374736219645 487.74698640406132 449.50710242986679 771.49197454750538 34.188180536031723 28.421645388007164 1127.3030022680759 117.53230062127113 67.129887610673904 106.42097041010857 3244.0796093046665 308.87253826856613
leaf_count=413 3513 208 102 609 1899 322 417 13755 32897 5048 274 4025 1082 1753 3636 151 121 343 7734 1975 1821 3131 138 115 4565 477 272 431 13112 1253
internal_value=0 0.000585922 -0.00295775 0.000493022 0.00388063 7.63389e-05 -0.000100066 0.00155897 -0.000812661 -0.000951308 -0.00142015 -0.00422711 0.00263176 -0.000892166 0.00629418 0.0028212 -0.00352487 -0.0150191 -0.00663069 0.000291068 0.000970069 0.00422681 -0.0081834 -0.000246958 0.00563622 0.0130477 -0.00433164 0.00590769 -0.0047386 0.00867132
internal_weight=0 21770.8 4311.02 21669.6 2373.47 19296.2 18908.1 5681.25 13226.8 13076.7 11563.6 3408.51 1513.1 1427.65 1790.07 894.386 583.405 114.592 1980.86 4333.63 3845.88 856.994 85.5023 8155.13 1347.62 220.32 3442.82 131.606 3311.21 388.072
internal_count=105592 88162 17430 87749 9627 78122 76547 23010 53537 52928 46798 13786 6130 5778 7264 3628 2363 464 8008 17551 15576 3477 346 33012 5459 894 13917 533 13384 1575
is_linear=0
shrinkage=0.03


Tree=5
num_leaves=31
num_cat=0
split_feature=9 5 15 8 15 5 12 7 15 0 3 5 12 15 12 3 16 8 9 10 15 7 5 10 5 16 10 8 16 9
split_gain=47.2309 42.2303 34.5234 32.0296 42.8149 26.936 36.0196 30.6479 28.6639 25.2587 35.2291 22.467 35.2254 21.6983 20.6941 34.6573 38.817 29.8188 25.9435 22.6643 24.7748 22.0327 20.6601 23.1244 20.3708 20.3436 22.8756 20.0446 19.9512 20.686
threshold=0.039718108518216673 0.0098312138534587742 0.123694979234532 -0.030038154247511214 1.5149558885218333 0.017064725471080077 27.585613990809215 0.076033540069384176 0.19614824135691711 27.960599655757004 16.299112299349826 0.036526165618706009 15.366358931215126 0.123694979234532 25.071906473824221 21.433002564946275 -0.066974924074869199 0.0042675098705137202 -0.010298396780280048 -0.00055505184033055588 0.41913747261574136 0.044042872890072748 0.027777830566163765 0.01511272364489147 0.013278601337225244 -0.012036418617046683 -0.018415680588079627 -0.072795980081417119 -0.057920002147458675 -0.04798901802946464
decision_type=2 2 2 2 2 2 2 2 2 2 2 2 2 2 2 2 2 2 2 2 2 2 2 2 2 2 2 2 2 2
left_child=1 -1 -2 4 9 6 7 8 -5 10 -3 14 -13 -14 15 -7 18 21 -17 -19 -21 -16 23 -18 -10 -6 -27 -12 -23 -30
right_child=2 3 -4 5 25 11 -8 -9 24 -11 27 12 13 -15 17 16 22 19 -20 20 -22 28 -24 -25 -26 26 -28 -29 29 -31
leaf_value=0.019939649345383375 0.0063786529869425557 0.0033796780578605715 -0.0036473617565527766 -0.0050453818404431307 -0.00046285330526239766 -0.0055301402552313033 0.0093935217212850822 0.0087107812850810828 0.022786614321762332 0.0084114466330729842 -0.041676108982831681 0.013618629426131023 0.018544431273866332 0.00064702987859499626 -0.011100405360467715 -0.0003785334038828084 0.00029700880594576881 -0.0069893452035066205 0.011829314201487877 0.010564161918282291 -0.0016095939934127157 -0.0012951717259406077 -0.0036836229987906532 -0.0072358703893931394 0.0021787380766718481 -0.035691693418667417 -0.0056307471498277511 -0.0053139092289160384 0.022585623447280684 0.0038122568187474956
leaf_weight=100.81782233715057 335.14784014225006 300.53573399782181 3977.1163551956415 755.15094363689423 449.347108066082 1633.8944715410471 610.58258137106895 354.05020116269588 47.150580778717995 1256.1473660469055 26.289639875292778 230.55072031915188 62.989470764994621 1897.8401315063238 104.18322525918484 282.77374821901321 4756.7333193272352 608.91706252098083 351.32877300679684 173.94918371737003 1113.8916891813278 773.78486327826977 2338.56231983006 397.41033683717251 511.38578669726849 33.252039790153503 72.363481819629669 28.364954546093941 53.992015346884727 2442.4721429049969
leaf_count=413 1358 1220 16072 3056 1820 6609 2481 1438 191 5103 106 937 256 7689 422 1144 19254 2462 1423 705 4509 3132 9458 1608 2072 134 293 115 219 9893
internal_value=0 0.000568445 -0.00286814 0.000478313 0.00393901 9.3887e-05 0.0031594 0.000877001 -0.00123427 0.00641414 -0.000649411 -0.000311624 0.00252619 0.00122196 -0.000725326 -0.00154332 -0.000741775 0.000789366 0.00638531 -0.00222022 3.47201e-05 0.00248104 -0.00134493 -0.000283814 0.00391842 -0.00324754 -0.0150951 -0.0228046 0.00291372 0.00421828
internal_weight=0 21768.7 4312.26 21667.9 2166.3 19501.6 2278.32 1667.74 1313.69 1611.34 355.19 17223.3 2191.38 1960.83 15031.9 9760.7 8126.81 5271.19 634.103 1896.76 1287.84 3374.43 7492.71 5154.14 558.536 554.963 105.616 54.6546 3270.25 2496.46
internal_count=105592 88162 17430 87749 8791 78958 9238 6757 5319 6544 1441 69720 8882 7945 60838 39496 32887 21342 2567 7676 5214 13666 30320 20862 2263 2247 427 221 13244 10112
is_linear=0
shrinkage=0.03


Tree=6
num_leaves=31
num_cat=0
split_feature=13 15 12 7 8 16 7 2 8 4 7 15 10 14 2 12 16 6 11 6 10 2 8 4 4 2 7 2 9 7
split_gain=46.6298 51.1386 48.7775 41.7836 39.4693 30.3959 30.1367 33.0245 25.1645 23.6239 25.2736 21.3875 17.2609 44.0848 23.2004 16.8492 16.8429 17.9805 16.7179 26.1778 26.1392 16.4823 23.591 16.3951 15.6027 17.4828 15.3419 15.1427 15.9799 15.1389
threshold=-0.0013822154568560172 0.27602857977779033 23.41550284577125 0.16157752613709211 0.009826863554852518 0.078236901166872222 0.058533635469649507 6.627004944166722 -0.10961166802247767 -40.967303520375033 0.21661785140998172 1.0000000180025095e-35 0.01511272364489147 0.019360246422119757 -1.5703311381557596 39.458998794326696 0.034673770398506172 0.92388980219228045 1.0000000180025095e-35 0.79571981067683539 -0.0059432474497558832 -5.1651975243300532 -0.030038154247511214 58.920909416260962 123.46029316084331 -0.19371419708959056 0.043222762784274324 -11.931123471019092 -0.0095450746118438384 0.052209355924582243
decision_type=2 2 2 2 2 2 2 2 2 2 2 2 2 2 2 2 2 2 2 2 2 2 2 2 2 2 2 2 2 2
left_child=2 4 3 21 11 8 7 15 -4 10 -7 29 13 24 -14 -3 17 -15 19 -6 -20 27 -23 -5 25 -8 -9 -1 -29 -2
right_child=1 6 5 23 18 9 12 26 -10 -11 -12 -13 14 16 -16 -17 -18 -19 20 -21 -22 22 -24 -25 -26 -27 -28 28 -30 -31
leaf_value=-0.0013758133097687066 -0.0092186339201818287 0.00025036584687772794 -0.011239997566786132 0.011241455878170641 0.014519471415897078 -0.033162144781723045 -0.0054610666294360654 -0.0015683804884258688 0.00436159189727333 -0.00087689906167370878 0.004640228453519411 0.011586255197767254 0.0054255629188429359 0.005862164456827761 -0.0043492724105238263 0.017015050631774459 -0.0011592261428891644 -0.0015296249659879264 -0.018396234862366391 -0.0024331596492057021 0.01165736333229391 0.006800526390044569 -0.00098457621949704578 -0.0086864131046000027 -0.011884549313186261 -0.0012628227564473748 0.025332450623108255 -0.010938717943924106 0.00065974913824734863 -0.00019036213004662545
leaf_weight=761.05976314842701 236.59854623675346 1327.5403334349394 94.757666066288948 340.62891875207424 115.94232839345932 44.05892276763916 1525.9637858569622 25.418678790330887 5148.3119982481003 548.263592466712 24.920562013983727 104.47490447759628 230.4499287456274 1041.8052990287542 4226.2343179732561 56.240659147500992 1099.0505682528019 413.81700785458088 27.203692600131035 279.85314594209194 612.0350156724453 385.57693280279636 3830.7087334543467 41.705732807517052 187.16323491930962 2151.2774071097374 76.521384686231613 407.98897281289101 144.87093888223171 569.54003639519215
leaf_count=3080 959 5376 382 1383 470 178 6173 103 20881 2220 101 423 934 4220 17078 228 4448 1675 110 1135 2484 1567 15501 169 757 8701 310 1651 586 2309
internal_value=0 -0.00115043 0.00139869 -0.000523799 0.00337045 0.00333831 -0.001862 0.0021457 0.00407963 -0.00295868 -0.0195051 -0.00118498 -0.00240948 -0.00141363 -0.00384383 0.000931729 0.00164412 0.00376076 0.00737827 0.00253286 0.0103784 -0.00118691 -0.000272633 0.00906769 -0.00343505 -0.00300499 0.0186247 -0.00412078 -0.00789947 -0.00284012
internal_weight=0 14307.1 11772.9 5912.54 1945.65 5860.31 12361.5 1485.72 5243.07 617.243 68.9795 910.613 10875.8 6419.08 4456.68 1383.78 2554.67 1455.62 1035.03 395.795 639.239 5530.21 4216.29 382.335 3864.4 3677.24 101.94 1313.92 552.86 806.139
internal_count=105592 57893 47699 23937 7890 23762 50003 6017 21263 2499 279 3691 43986 25974 18012 5604 10343 5895 4199 1605 2594 22385 17068 1552 15631 14874 413 5317 2237 3268
is_linear=0
shrinkage=0.03


Tree=7
num_leaves=31
num_cat=0
split_feature=5 9 8 15 2 2 3 0 14 11 0 4 5 15 12 15 5 7 2 5 2 12 12 2 5 2 10 4 15 2
split_gain=43.608 40.019 31.0904 41.8465 30.3778 21.6914 41.8218 20.8039 24.1936 30.52 43.6397 25.4897 29.488 20.1221 20.0927 18.1044 17.6557 18.802 17.3519 24.1875 17.314 17.8957 16.3747 35.5732 32.6704 28.814 31.2772 21.372 17.5087 17.3583
threshold=0.0098312138534587742 0.051822246415946467 -0.02851703226458124 1.5149558885218333 44.322175318297774 -4.1198916914117305 28.754988521012965 30.080213591350383 -0.042169057278268356 1.0000000180025095e-35 37.271228969156688 49.348110323543786 0.034852027667182803 0.54485906899324033 9.2826813465423452 0.19614824135691711 0.013903355375333557 0.077411252240618053 -20.373288709178038 0.022576814433476495 -0.72771455058753676 27.212245450019729 23.41550284577125 -0.57887185626515292 0.046593972937926505 -1.1852804120701539 0.01511272364489147 87.281560549634008 0.81140668436463426 0.83018771802110003
decision_type=2 2 2 2 2 2 2 2 2 2 2 2 2 2 2 2 2 2 2 2 2 2 2 2 2 2 2 2 2 2
left_child=-1 2 3 5 7 6 -2 -4 9 11 -11 12 18 -12 -10 -3 -6 -18 -9 20 21 -20 24 -24 25 -16 -27 -25 -29 -30
right_child=1 15 4 -5 16 -7 -8 8 14 10 13 -13 -14 -15 22 -17 17 -19 19 -21 -22 -23 23 27 -26 26 -28 28 29 -31
leaf_value=0.019651624152189323 0.0039098950942015572 0.0057860676688034161 0.010913586024255793 -0.0033956135187356014 0.017553269552263211 0.0091628361860577115 -0.028469147632031365 0.010399251435245524 -0.013599018697161692 0.0035774213212071957 -0.01322184647583801 -0.019034981261666292 0.0061784460088736889 -0.0053838778105330474 -0.0035112233261170218 -0.0042068884303879126 -0.0066574349558922597 0.0077034408686416341 -0.011657934505260441 -0.0005652420681025764 -0.018286623929171679 0.013269941411341878 0.0041546036034089866 0.0016228452575963129 0.013436821430545887 0.0010182556414557694 -0.0050920537852874913 0.00019561824256168029 -0.011673555245844661 -0.0028408371852281624
leaf_weight=101.23623286187649 855.76299086213112 174.57627941668034 149.53691130876541 583.58575181663036 111.38628603518009 893.30007639527321 37.47400575876236 96.816180378198624 94.556831389665604 414.15345863997936 395.80630873143673 59.89886961877346 623.45307122170925 1155.0254120230675 2497.011659771204 2497.1912443339825 108.56111505627632 336.00516039133072 69.204253241419792 912.40394999086857 136.63472376763821 41.439715161919594 2596.5639533549547 2267.6263580024242 148.37943743169308 6009.5371238142252 862.11279927194118 925.18738037347794 293.21896195411682 631.5283959209919
leaf_count=416 3477 708 608 2363 454 3636 151 392 382 1677 1601 242 2527 4671 10099 10082 440 1365 280 3689 553 168 10526 9186 602 24327 3485 3745 1186 2554
internal_value=0 -7.62683e-05 0.000322404 0.00357898 -4.62657e-05 0.00585728 0.0025515 -0.000235007 -0.000317414 -0.00243872 -0.00507393 0.000230647 0.000844486 -0.0073843 0.000189966 -0.00355394 0.00687262 0.00419658 -0.00180213 -0.00282077 -0.0111432 -0.00232165 0.000270295 0.00140476 -0.000530049 -0.000751254 0.00025166 -0.000329318 -0.00272225 -0.00564152
internal_weight=0 25977.9 23306.2 2370.12 20936 1786.54 893.237 20380.1 20230.6 3904.84 1964.99 1939.85 1879.95 1550.83 16325.7 2671.77 555.953 444.566 1256.5 1159.68 247.279 110.644 16231.2 6714.13 9517.04 9368.66 6871.65 4117.56 1849.93 924.747
internal_count=105592 105176 94386 9627 84759 7264 3628 82500 81892 15800 7949 7851 7609 6272 66092 10790 2259 1805 5082 4690 1001 448 65710 27197 38513 37911 27812 16671 7485 3740
is_linear=0
shrinkage=0.03


Tree=8
num_leaves=31
num_cat=0
split_feature=13 15 12 8 10 14 2 8 15 9 3 9 0 2 10 11 6 10 0 2 3 13 12 15 2 9 11 12 2 4
split_gain=42.2336 46.2035 43.8077 36.5866 25.5929 43.3281 24.6364 21.9468 20.314 17.0952 20.0042 23.3724 16.3197 16.1825 23.8428 15.6727 24.8425 24.2272 15.6076 17.2139 15.2634 16.778 19.634 14.5324 21.3957 14.3335 13.6331 16.1607 14.1691 13.7695
threshold=-0.0013822154568560172 0.27602857977779033 23.41550284577125 0.009826863554852518 0.01511272364489147 -0.032811366909755883 -1.5703311381557596 -0.10961166802247767 1.0000000180025095e-35 -0.045429285960505321 21.433002564946275 -0.025485924563626246 31.649484230875043 3.053025253000309 -0.016769154292459561 1.0000000180025095e-35 0.79571981067683539 -0.0059432474497558832 62.703216248386489 13.401936174820607 4.5213563022266561 -0.042803583793980297 27.585613990809215 0.96410816470336946 -4.4347127856433888 -0.00556062639487681 1.0000000180025095e-35 40.823634227518788 -1.5189760504426704 122.18908459264186
decision_type=2 2 2 2 2 2 2 2 2 2 2 2 2 2 2 2 2 2 2 2 2 2 2 2 2 2 2 2 2 2
left_child=2 3 9 8 5 25 -6 -4 18 -1 11 12 -11 26 -15 16 -5 -17 -2 -20 21 -9 -23 -14 -25 -3 28 -28 -7 -30
right_child=1 4 7 15 6 13 -8 20 -10 10 -12 -13 23 14 -16 17 -18 -19 19 -21 -22 22 -24 24 -26 -27 27 -29 29 -31
leaf_value=0.0045270102112345617 -0.0044466537888933734 -0.0027990549825143663 -0.010975924025189477 0.014066573082896789 0.0055715283031549318 -0.011265742459200865 -0.0041159651976885574 0.013381005917641299 0.011275110946618578 0.022212754470540295 0.00031587564856510925 -0.0067676785887898104 0.0026681656246723613 -0.022445385829330783 0.0036728345965659688 -0.017695039307973344 -0.0024597067829874972 0.011210786268265178 -0.0031199866029098687 0.02077344990566261 0.0029772036087932978 -0.012629070460592589 0.0097008676994541285 -0.015340388978496685 -1.9723127691971875e-05 -0.0082917940304317699 0.00052343062382877452 0.017484516286508357 -0.00014642652795654912 -0.0072426822112261428
leaf_weight=554.00342532992363 696.74129359424114 1236.2778013497591 97.061511009931564 115.71789200603962 250.19129048287868 154.73504564166069 4244.1328647434711 269.92796742916107 104.34543544054031 28.802483320236206 3520.6032963395119 963.70382764935493 481.71400535106659 32.116768881678581 1530.5409465879202 27.260708779096603 279.81258699297905 610.81180083751678 59.710131734609604 49.745706215500832 5341.2321826815605 58.886808127164841 88.998617649078369 124.85680115222931 239.21596468985081 653.65176747739315 2779.1691855043173 51.495423629879951 1116.9858453571796 315.63557311892509
leaf_count=2252 2822 4998 391 470 1015 626 17138 1098 423 117 14249 3895 1950 130 6197 110 1135 2484 243 203 21672 239 362 505 969 2641 11250 209 4522 1277
internal_value=0 -0.00109455 0.00133157 0.00320461 -0.00177051 -0.000739147 -0.00357668 0.00317074 -0.00118014 -0.000489942 -0.0010086 -0.00354515 5.72298e-06 0.000512118 0.00313604 0.00706732 0.00237528 0.00997583 -0.00279221 0.00773915 0.00340916 0.00893123 0.000809263 -0.000750517 -0.00527386 -0.00469878 -0.000415963 0.000831987 -0.00264138 -0.00170988
internal_weight=0 14309.1 11769 1944.15 12364.9 7870.61 4494.32 5856.11 910.543 5912.9 5358.9 1838.29 874.589 5980.68 1562.66 1033.6 395.53 638.073 806.197 109.456 5759.05 417.813 147.885 845.787 364.073 1889.93 4418.02 2830.66 1587.36 1432.62
internal_count=105592 57893 47699 7890 50003 31850 18153 23762 3691 23937 21685 7436 3541 24211 6327 4199 1605 2594 3268 446 23371 1699 601 3424 1474 7639 17884 11459 6425 5799
is_linear=0
shrinkage=0.03


Tree=9
num_leaves=31
num_cat=0
split_feature=5 13 12 5 15 8 5 12 16 15 12 8 3 4 4 7 0 5 7 10 14 16 4 5 11 6 5 7 5 3
split_gain=40.7957 40.5821 41.5918 62.7868 33.5968 39.2128 36.7075 29.3829 27.8985 25.5998 23.6787 22.8541 33.7994 25.3853 22.1732 23.7178 18.3812 18.3767 18.3644 16.6955 30.8154 23.0433 22.4545 20.2584 16.2769 27.2596 17.4906 20.7487 16.1458 20.2618
threshold=0.0098312138534587742 -0.0013822154568560172 23.41550284577125 0.038466461040576015 0.27602857977779033 0.011610707864909699 0.017200259803699887 12.707993346821921 0.078236901166872222 1.0000000180025095e-35 47.434799699890313 -0.084255140152656158 17.608552819516664 -151.85811285841956 -40.967303520375033 0.21661785140998172 31.649484230875043 0.016137179645221864 0.044042872890072748 0.01511272364489147 -0.032811366909755883 -0.066974924074869199 69.083403853708276 0.034690658962458425 1.0000000180025095e-35 0.80270485143456616 0.018708101372719551 0.12216095212741605 0.032180436535557043 27.003136398686461
decision_type=2 2 2 2 2 2 2 2 2 2 2 2 2 2 2 2 2 2 2 2 2 2 2 2 2 2 2 2 2 2
left_child=-1 2 3 16 5 9 10 -5 11 -3 -6 12 13 -4 15 -10 -2 -13 -19 20 -8 23 -21 -22 25 -7 -27 -28 29 -18
right_child=1 4 8 7 6 24 19 -9 14 -11 -12 17 -14 -15 -16 -17 28 18 -20 22 21 -23 -24 -25 -26 26 27 -29 -30 -31
leaf_value=0.019044269802285251 0.0091922697277439132 -0.0033263646392895389 -0.0089614958718621587 0.039545362651288364 0.00585495427565208 0.015818054632340071 -0.0045892497910820992 0.0074658899031074411 -0.032224122080115027 0.011752936784455621 -0.022717296636485172 0.011720690456453573 -0.032334982256321976 0.018198674819523451 -0.00098712858756511233 0.0043930049228643759 -0.0047169429682839218 -0.0093794136637296004 0.003946196123780909 0.0035102108435296269 0.014865987752066939 -0.00048700378265010218 -0.0042611621128090162 -0.010058082763404171 0.010382165154067927 -0.011994062942399113 0.015057163703989308 -0.0076904694290926869 0.0020142469084078541 -0.00062647503381851617
leaf_weight=100.84687238931656 139.66311505436897 863.13500969111919 95.234005436301231 26.999142184853554 705.25514917075634 94.861114308238029 1858.1711677461863 532.80311198532581 44.167086094617844 114.80177569389343 27.10766313970089 270.3778166025877 37.019740536808968 45.897903352975845 548.03306967020035 24.892904534935951 2069.4393735677004 94.965848699212074 4680.8509801477194 365.50473760068417 154.4402793943882 5260.3596241176128 3959.8621674627066 36.236637622117996 544.1756826043129 110.63716460764408 73.304727956652641 71.08060784637928 824.48450982570648 2302.4606201052666
leaf_count=416 568 3496 385 110 2862 386 7507 2166 178 466 110 1101 149 186 2220 101 8366 385 19006 1480 627 21288 15982 147 2214 449 297 288 3342 9314
internal_value=0 -7.35541e-05 0.00123248 -0.000545093 -0.00115013 0.00259537 -0.00171709 0.00901308 0.00302661 -0.00155618 0.00479738 0.00373916 -0.0068211 -0.000128661 -0.00300582 -0.0190254 -0.00154784 0.00411198 0.00368122 -0.00212716 -0.00125294 -0.000115644 -0.00360446 0.0101294 0.0071364 0.00208826 -0.00301884 0.00385855 -0.0018365 -0.0025627
internal_weight=0 25976.2 11737.3 5895.85 14238.9 1872 12366.9 559.802 5841.44 977.937 732.363 5224.35 178.152 141.132 617.093 69.06 5336.05 5046.19 4775.82 11634.6 7309.21 5451.04 4325.37 190.677 894.059 349.884 255.023 144.385 5196.38 4371.9
internal_count=105592 105176 47577 23866 57599 7596 50003 2276 23711 3962 2972 21212 720 571 2499 279 21590 20492 19391 47031 29569 22062 17462 774 3634 1420 1034 585 21022 17680
is_linear=0
shrinkage=0.03


Tree=10
num_leaves=31
num_cat=0
split_feature=5 9 8 4 3 14 5 10 5 14 7 1 11 12 14 16 16 12 12 7 4 16 5 14 7 10 16 16 7 7
split_gain=38.5179 34.0118 26.805 25.9524 62.0606 32.383 24.8335 27.6974 24.8238 22.6544 21.0856 24.2486 20.831 33.2767 27.1009 27.7867 20.3131 18.4869 21.1928 22.4312 18.5139 19.7727 18.2514 43.1483 20.3535 19.3683 18.035 17.3823 21.6725 20.4216
threshold=0.0098312138534587742 0.051822246415946467 -0.02851703226458124 -143.98377293314164 28.754988521012965 -0.2138676862988895 0.020129949430268364 -0.00017400044403387269 0.034002764947780269 -0.12857212946998045 0.036675108122286491 -0.8314813907752493 1.0000000180025095e-35 12.390746710098734 -0.046078084415717195 -0.026154294932699048 0.048668461603746223 26.382546499663551 18.480502916739539 0.049144462439283741 143.86406296952265 -0.016222093038138981 0.027777830566163765 0.046240030349035129 0.054054481014566814 0.0025397273682360448 0.015440331026639666 0.01926804557319867 0.11159377563728198 0.076033540069384176
decision_type=2 2 2 2 2 2 2 2 2 2 2 2 2 2 2 2 2 2 2 2 2 2 2 2 2 2 2 2 2 2
left_child=-1 2 3 4 5 -2 7 10 22 -6 -4 -12 13 -10 -14 -16 -7 18 19 20 21 -9 -8 24 -24 -26 -13 28 29 -20
right_child=1 -3 6 -5 9 16 8 17 12 -11 11 26 14 -15 15 -17 -18 -19 27 -21 -22 -23 23 -25 25 -27 -28 -29 -30 -31
leaf_value=0.018536437180803372 -0.015236241745937554 -0.0032758995983200468 0.0087470947815491071 0.0069624298417923034 -0.047311344949579823 0.0040130500993976722 -0.00041625210380915207 0.0067406125954200882 0.026659080708436887 -0.012735466350809868 0.0050368101671607627 -0.0056008782007533064 -0.0070236539192849784 0.0030776375885676875 0.012919055291885174 -0.00049522825159942631 -0.022476342627053305 0.0061917287590521151 -0.00060691527004694973 0.0078029280922372601 0.014265227924175236 -0.0086842238045494406 0.0091326894700930732 0.0020650427623150592 -0.0035472009575502495 -0.0088017842715105953 0.0061852601116349302 -0.0057074077582235328 -0.023988852660196843 0.011182297364389871
leaf_weight=100.50662833452225 90.010438561439514 2673.9083290249109 167.22341364622116 1010.3655385822058 28.663053005933762 1169.3300872296095 8144.4003789275885 109.96210852265358 55.524083063006401 42.11206017434597 309.71773517131805 1102.9284233301878 461.05942106246948 1793.7512622177601 167.55867245793343 814.76926876604557 26.647694572806358 1260.6470902562141 423.61553736031055 705.31234695017338 60.344011723995209 233.86423529684544 93.253840699791908 1177.2690936028957 2141.4551010578871 895.27134895324707 130.69256746768951 465.3801521062851 27.837129935622215 192.25696434080601
leaf_count=416 363 10790 677 4114 115 4757 32962 445 226 170 1257 4463 1866 7273 679 3301 108 5121 1716 2859 245 946 378 4765 8651 3620 529 1886 113 781
internal_value=0 -7.1305e-05 0.000296435 0.00332234 0.000611612 0.00211683 -4.57203e-05 0.00175398 -0.000638954 -0.0267383 -0.00137165 -0.00246803 0.00167755 0.00378567 -0.00102337 0.00179289 0.00342284 0.0032907 0.00164227 0.00457385 -0.00106118 -0.00375107 -0.00125152 -0.0028309 -0.00467239 -0.00509633 -0.00435223 -0.00129035 0.00190302 0.00307332
internal_weight=0 25975.1 23301.2 2367.13 1356.76 1285.99 20934.1 5189.78 15744.3 70.7751 1710.56 1543.34 3292.66 1849.28 1443.39 982.328 1195.98 3479.22 2218.57 1109.48 404.17 343.826 12451.6 4307.25 3129.98 3036.73 1233.62 1109.09 643.71 615.873
internal_count=105592 105176 94386 9627 5513 5228 84759 21038 63721 285 6926 6249 13345 7499 5846 3980 4865 14112 8991 4495 1636 1391 50376 17414 12649 12271 4992 4496 2610 2497
is_linear=0
shrinkage=0.03


Tree=11
num_leaves=31
num_cat=0
split_feature=5 9 15 8 15 2 0 16 0 16 10 5 12 6 1 16 12 15 16 2 7 8 12 8 12 7 10 10 6 9
split_gain=36.3702 32.592 27.0266 23.6732 36.818 26.4939 22.8883 28.2537 18.8591 18.6624 20.5377 17.4312 39.1513 21.3332 19.2672 18.9527 18.9441 37.0402 24.1329 18.6429 20.8998 21.4281 19.6105 17.6512 17.3075 16.2863 27.2494 15.8807 15.3465 14.6773
threshold=0.0098312138534587742 0.039718108518216673 0.59340964331500445 -0.030038154247511214 1.5149558885218333 51.453122316968354 27.960599655757004 -0.020099401339866704 30.080213591350383 -0.012036418617046683 -0.018415680588079627 0.046593972937926505 22.200779799012029 0.69827565479450937 0.20410381865835847 0.098014791805984061 25.384815084737301 0.75399242630207641 0.01926804557319867 0.19736663074361463 0.2504097605341134 0.023022090456205183 34.179661228704511 -0.017042226532181067 9.2826813465423452 0.051011782225830929 0.0030495110561316045 0.019650818222924697 0.53809805996733517 0.015819648496580466
decision_type=2 2 2 2 2 2 2 2 2 2 2 2 2 2 2 2 2 2 2 2 2 2 2 2 2 2 2 2 2 2
left_child=25 3 -3 4 6 8 7 -2 -5 -6 -11 14 -13 19 24 16 18 -18 -16 23 22 -22 28 -14 -10 26 -1 29 -21 -26
right_child=1 2 -4 5 9 -7 -8 -9 11 10 -12 12 13 -15 15 -17 17 -19 -20 20 21 -23 -24 -25 27 -27 -28 -29 -30 -31
leaf_value=0.031481925718084232 0.0023398869188311867 0.0022867358344434204 -0.0036390785616721398 0.0098153635756702256 -0.0006084900670350605 0.0078476537093306181 0.0075930002387597662 -0.022251143567650396 -0.015806655438818012 -0.034099405422003501 -0.0056422811985886315 0.017975737756024807 0.0085577982235799776 -0.018076446014233118 0.0018946209553528518 -0.0051958216259396974 0.0063910358040252385 -0.0005788782787084179 -0.0024996798885849655 0.025094505664902504 0.026935278942134919 -0.0019390347875163825 -0.01639822502807365 -0.011692575587339216 -0.0010426148688438463 0.032680444566574866 -0.0095387410736006133 0.021463777183674329 -0.0046761650116056231 -0.015850074137799108
leaf_weight=25.509517386555672 305.59451203048229 866.69077235460281 3450.2142814099789 171.70729121565819 448.97923691570759 386.86835092306137 1251.2924699485302 48.759161829948425 72.198735982179642 33.344664663076401 72.35018102824688 152.82872153818607 59.353719472885132 50.172519683837891 2582.5320210754871 447.4057444781065 1466.2886039167643 1289.8679879754782 1992.689947783947 30.547800958156586 74.170339316129684 33.614848375320435 43.158011615276337 111.53855441510677 10411.600122272968 40.650230437517166 33.99996617436409 28.077861964702606 31.813213914632797 60.596524685621262
leaf_count=106 1244 3510 13917 700 1820 1576 5103 197 291 134 293 622 241 203 10461 1811 5953 5229 8067 124 301 136 175 452 42128 170 140 114 129 245
internal_value=0 -6.9128e-05 -0.00244937 0.00040532 0.00338502 7.51621e-05 0.00568692 -0.00104385 -8.21851e-05 -0.00327842 -0.0146199 -0.000171922 0.00491615 0.000321259 -0.000334729 0.000798533 0.00116435 0.00312915 -1.92707e-05 0.00272383 0.00863894 0.0179303 -0.000851947 -0.00465929 -0.00116854 0.0180436 0.0080453 -0.00106789 0.00990712 -0.0011283
internal_weight=0 25974.3 4316.91 21657.4 2160.32 19497 1605.65 354.354 19110.2 554.674 105.695 18938.5 587.198 434.369 18351.3 7778.78 7331.38 2756.16 4575.22 384.196 213.304 107.785 105.519 170.892 10572.5 100.16 59.5095 10500.3 62.361 10472.2
internal_count=105592 105176 17427 87749 8791 78958 6544 1441 77382 2247 427 76682 2383 1761 74299 31521 29710 11182 18528 1558 865 437 428 693 42778 416 246 42487 253 42373
is_linear=0
shrinkage=0.03


Tree=12
num_leaves=31
num_cat=0
split_feature=13 5 5 5 15 9 16 4 11 4 2 5 3 15 11 6 5 16 3 15 0 2 10 2 16 16 10 3 16 16
split_gain=35.9408 37.3272 31.3319 39.7349 31.2737 25.5733 24.4416 23.5874 23.4248 29.5695 24.6309 22.1279 21.8558 20.501 22.1326 23.2922 17.9671 16.6991 15.3427 14.572 14.3171 13.8409 13.8081 16.6463 15.5801 16.5751 13.2989 16.6571 33.9226 22.5886
threshold=0.011525713522271943 0.018911905307595182 0.032057418237453505 0.02691394134263124 0.19614824135691711 0.0046841034644046218 0.083120078585408722 -126.34115805167313 1.0000000180025095e-35 102.40176359792146 44.322175318297774 0.0098312138534587742 75.268817204301072 1.3895051126933098 1.0000000180025095e-35 -0.056182164530779601 0.048703280083850969 -0.13678567515243004 24.861436000317592 0.61904632366894352 23.064638778568419 -22.203735167101517 0.013854413865847516 -0.49530516303173705 0.024999700293740049 0.13589701650246003 -0.017581193671990899 21.433002564946275 -0.005946383017263134 -0.074030155478262125
decision_type=2 2 2 2 2 2 2 2 2 2 2 2 2 2 2 2 2 2 2 2 2 2 2 2 2 2 2 2 2 2
left_child=2 5 3 11 12 -2 13 -8 9 -7 -10 -1 -3 14 15 -4 17 -15 -16 -9 -17 -5 -6 24 -24 -26 -13 28 -28 -29
right_child=1 4 6 21 22 8 7 19 10 -11 -12 26 -14 16 18 20 -18 -19 -20 -21 -22 -23 23 -25 25 -27 27 29 -30 -31
leaf_value=0.018151569426806083 -0.0088663008184284835 -0.0026576413692268796 -0.0084408244947003913 0.0054576793106909487 -0.0015097325394843738 0.010524337331955378 -0.02987473310395674 -0.0079620621946399003 0.0044233212900285264 -0.0079487052105983586 0.017101236909447339 0.0055211338241056276 0.0094538444111034181 0.01874480923353428 0.0056162898122788006 -0.0084562717859223199 -0.010222074360895684 4.330966470367661e-05 -0.00061352611028503423 0.0027983148380565153 0.0086396634829565382 -0.0032885840940132601 -0.0084623794035252782 -0.0045798035857093789 0.01069369135426129 -0.014475310997777147 -0.0043831980080919755 0.010904262111978045 0.0043829490882093761 0.0011218729020216513
leaf_weight=68.425346106290817 151.31760206818581 220.85375772416592 80.105665773153305 172.37758937478065 4510.2892237007618 111.56338550150394 28.017773762345314 189.82080891728401 896.66536878049374 259.10029561817646 162.99054032564163 552.12008029222488 341.35720954835415 47.302543014287949 656.43339671194553 45.402534961700439 144.16608063876629 469.33878818154335 776.83728358149529 280.85973620414734 1521.7085578739643 2943.1944858878851 77.281569883227348 3362.0454755276442 177.2657885402441 27.156245142221451 1321.8507213443518 220.68481770157814 568.0194636285305 5688.5482706725597
leaf_count=285 612 895 326 699 18238 453 113 769 3641 1051 668 2243 1387 192 2671 184 583 1904 3149 1137 6191 11911 313 13557 718 110 5351 894 2300 23047
internal_value=0 -0.0013781 0.000900402 8.98202e-05 -0.0021475 0.00286195 0.00310565 -0.00313307 0.00410272 -0.00238864 0.00637337 0.00116089 0.00469608 0.00393724 0.00496579 0.00733781 -0.000857545 0.00175558 0.00223971 -0.00154124 0.00814436 -0.00280467 -0.00261935 -0.00399286 0.00301219 0.00735014 0.00102167 0.000703145 -0.00174844 0.0014872
internal_weight=0 10297.9 15775.2 11535.2 8716.25 1581.64 4239.99 498.698 1430.32 370.664 1059.66 8419.65 562.211 3741.29 3080.49 1647.22 660.807 516.641 1433.27 470.681 1567.11 3115.57 8154.04 3643.75 281.704 204.422 8351.22 7799.1 1889.87 5909.23
internal_count=105592 41643 63949 46730 35218 6425 17219 2019 5813 1504 4309 34120 2282 15200 12521 6701 2679 2096 5820 1906 6375 12610 32936 14698 1141 828 33835 31592 7651 23941
is_linear=0
shrinkage=0.03


Tree=13
num_leaves=31
num_cat=0
split_feature=13 12 5 15 5 8 12 5 12 16 4 8 3 4 15 14 7 0 2 5 15 5 15 14 16 3 13 8 12 7
split_gain=34.1325 37.5216 54.4484 35.7568 32.3673 31.362 27.2448 25.6145 22.4885 21.3492 22.8619 18.7899 30.3055 23.0181 18.4578 18.0917 16.8399 16.4387 16.1659 26.2441 16.5269 18.248 16.5008 15.5455 15.0194 29.8075 23.2077 18.1617 16.416 14.809
threshold=-0.0013822154568560172 23.41550284577125 0.038466461040576015 0.27602857977779033 0.017200259803699887 0.009826863554852518 12.707993346821921 0.016137179645221864 47.434799699890313 0.069658659626934863 -40.967303520375033 -0.084255140152656158 17.608552819516664 -151.85811285841956 1.0000000180025095e-35 -0.15370867347604247 0.044042872890072748 31.649484230875043 -5.1651975243300532 0.011500624956008178 1.1471700518438384 0.034852027667182803 0.72370428125533393 -0.18989970280095805 -0.057920002147458675 5.9539016415071453 -0.057566508273636789 -0.059056721550955198 25.17492619667993 0.052209355924582243
decision_type=2 2 2 2 2 2 2 2 2 2 2 2 2 2 2 2 2 2 2 2 2 2 2 2 2 2 2 2 2 2
left_child=1 2 17 5 8 14 -4 -3 -5 11 15 12 13 23 29 -11 -13 -1 19 -19 21 -21 -20 -9 26 -26 28 -27 -18 -2
right_child=3 7 6 4 -6 -7 -8 9 -10 10 -12 16 -14 -15 -16 -17 24 18 22 20 -22 -23 -24 -25 25 27 -28 -29 -30 -31
leaf_value=0.0087509828924932104 -0.0091003214721315714 0.011691836020912333 0.037981499223621977 0.0055763695152046431 -0.0019619619233424324 0.0063879979449335293 0.0069423436402885159 -0.016493687786375714 -0.02224755012486598 0.0039266975218567434 -0.00045062847956420498 -0.0090193066319351877 -0.030519828150814894 0.017494868096970911 0.010635058475771987 -0.026563766431640729 0.024047656043595482 0.021302721531514426 -0.0030682865071114829 -0.0045606276490879954 -0.012573079433768675 0.015803593106772297 0.00085818307669475568 0.009818875167228569 0.015524510289361308 -0.01616161794337842 -0.00093898146579275818 0.004457837376891087 0.0052177964634918025 -0.00016942780002727006
leaf_weight=139.37115207314491 236.52406223118305 283.87368935346603 26.731211796402931 704.3908538967371 11640.035227105021 1030.1595819741488 531.46996019780636 66.024109572172165 27.151357263326645 25.225742131471634 630.36204126477242 94.299990966916084 37.116274446249008 45.540777742862701 104.06035470962524 57.293906167149544 46.644748032093048 34.011852890253067 1636.8014849424362 927.09625586867332 234.10047177970409 41.36965699493885 2340.8495779037476 29.12097892165184 224.79076915979385 38.98583747446537 1104.6460580229759 2773.79606769979 390.65524016320705 569.30822655558586
leaf_count=568 959 1160 110 2862 47031 4199 2166 266 110 102 2554 382 149 185 423 231 190 139 6622 3746 946 168 9472 118 916 158 4490 11269 1592 2309
internal_value=0 0.00119796 -0.000487482 -0.000983464 -0.00157728 0.00280325 0.00842875 0.00290167 0.00454368 0.00245324 -0.00239443 0.00316554 -0.00640655 -4.48936e-05 -0.00125533 -0.017243 0.00352969 -0.00141715 -0.00168893 -0.00468484 -0.00541984 -0.00369074 -0.000757557 -0.00844022 0.00378809 0.00501217 0.00137671 0.00417205 0.00722629 -0.00279078
internal_weight=0 11760.2 5911.8 14311.6 12371.6 1940.05 558.201 5848.38 731.542 5564.5 712.882 4851.62 177.802 140.686 909.893 82.5196 4673.82 5353.6 5214.23 1236.58 1202.57 968.466 3977.65 95.1451 4579.52 3037.57 1541.95 2812.78 437.3 805.832
internal_count=105592 47699 23937 57893 50003 7890 2276 23762 2972 22602 2887 19715 718 569 3691 333 18997 21661 21093 4999 4860 3914 16094 384 18615 12343 6272 11427 1782 3268
is_linear=0
shrinkage=0.03


Tree=14
num_leaves=31
num_cat=0
split_feature=5 13 12 5 5 12 16 1 4 7 8 3 4 16 8 5 7 1 2 14 5 7 7 12 8 14 16 3 13 11
split_gain=32.5173 32.7645 35.5739 52.0302 26.7181 25.8854 23.3965 19.3846 18.5525 21.9663 18.375 28.8761 21.8508 16.9491 18.2445 16.1082 16.1567 15.7208 17.9001 16.4739 25.8635 15.5219 18.2705 15.2744 14.9723 14.3173 14.0972 27.747 21.7487 21.2999
threshold=0.0098312138534587742 -0.0013822154568560172 23.41550284577125 0.038466461040576015 0.019854437955882712 12.707993346821921 0.078236901166872222 0.035302868767459715 -40.967303520375033 0.21661785140998172 -0.084255140152656158 17.608552819516664 -151.85811285841956 0.01926804557319867 0.012490922278927565 0.016137179645221864 0.044042872890072748 -1.2543316296132476 -5.1651975243300532 -0.074507148217635363 0.034852027667182803 0.051011782225830929 0.033177544256923909 13.645693347767418 0.017399415046697623 -0.18989970280095805 -0.057920002147458675 5.9539016415071453 -0.057566508273636789 1.0000000180025095e-35
decision_type=2 2 2 2 2 2 2 2 2 2 2 2 2 2 2 2 2 2 2 2 2 2 2 2 2 2 2 2 2 2
left_child=21 2 3 17 7 -5 10 -3 9 -8 11 12 25 14 23 -12 -17 -2 19 -19 -21 22 -1 -9 26 -4 28 -28 -18 -29
right_child=1 4 6 5 -6 -7 8 13 -10 -11 15 -13 -14 -15 -16 16 24 18 -20 20 -22 -23 -24 -25 -26 -27 27 29 -30 -31
leaf_value=0.025414141904365327 0.0093561022934832115 -0.0039361911106219677 -0.015707226482228873 0.037092368449217115 -0.0017244901057247022 0.0067405529778224779 -0.030046603720474654 -0.0076209773743234387 -0.00090312855462188727 0.0051436595593326506 0.010897497632435318 -0.029571168454944775 0.017214117855692913 -1.7542386096817233e-05 0.0092593434809306995 -0.0088836965719215517 0.007058853054579985 -0.015578935197198407 -0.00071248980133850615 -0.0046861495753754007 0.017987342968954503 0.031513865830352185 -0.0080207107908931968 0.0037609929801395068 -0.018125520814454343 0.0095349392732534798 0.015034605995696152 0.0076251659067989282 -0.00085085160493987057 0.0022148671902937692
leaf_weight=27.23907633125782 118.57589046657085 511.95890641212463 66.352864727377892 26.553503930568695 11091.79916575551 530.96680492162704 44.34663200378418 124.64745572209358 548.17967882752419 24.944171741604805 269.26589430868626 37.157099783420563 45.691555842757225 1289.0532274395227 511.21618276834488 95.133214622735977 436.62164893746376 116.56598342955112 3983.7540886551142 1071.1722991466522 47.276984289288521 40.194966837763786 31.977482348680496 713.65369123220444 28.363367840647697 29.089001670479774 225.53881047666073 1007.3379098474979 1103.7889770716429 1871.8727988302708
leaf_count=114 484 2070 267 110 44816 2166 178 505 2220 101 1101 149 186 5231 2080 385 1781 472 16117 4325 192 170 132 2897 115 118 921 4096 4486 7607
internal_value=0 -6.50166e-05 0.0011092 -0.000534413 -0.00103198 0.00818615 0.00277005 0.00140607 -0.00275193 -0.0173784 0.00342372 -0.00604124 0.000153629 0.00244262 0.00479256 0.00375868 0.00335558 -0.00144533 -0.00169075 -0.0048463 -0.00372774 0.0171255 0.00735902 0.0020686 0.00360472 -0.00801386 0.0037374 0.00490151 0.00139111 0.00410775
internal_weight=0 25970.9 11728.5 5894.87 14242.3 557.52 5833.68 3150.53 617.47 69.2908 5216.21 178.291 141.133 2638.57 1349.52 5037.92 4768.66 5337.35 5218.77 1235.02 1118.45 99.4115 59.2166 838.301 4673.52 95.4419 4645.16 3104.75 1540.41 2879.21
internal_count=105592 105176 47577 23866 57599 2276 23711 12783 2499 279 21212 720 571 10713 5482 20492 19391 21590 21106 4989 4517 416 246 3402 19006 385 18891 12624 6267 11703
is_linear=0
shrinkage=0.03


Tree=15
num_leaves=31
num_cat=0
split_feature=13 5 15 5 12 5 3 11 1 3 9 5 16 14 3 16 4 13 7 15 1 11 11 4 3 15 3 16 5 16
split_gain=31.1661 31.8212 30.5374 27.8498 40.5403 32.4834 27.1273 26.024 25.38 22.84 22.2616 21.4455 35.471 21.1535 24.2104 21.1522 21.5726 20.0078 29.3141 19.3697 21.2822 24.1797 18.8558 23.3114 18.1683 17.7544 16.2508 16.1066 16.0278 20.2307
threshold=0.011525713522271943 0.018162047029146824 0.19614824135691711 0.031921831291043666 25.941858895551821 0.016764220919492288 24.446528759624815 1.0000000180025095e-35 -0.8314813907752493 62.344893472336892 0.0046841034644046218 0.026745537602383931 -0.071023088292865563 -0.13346113407502772 14.194336006813783 0.083120078585408722 -126.34115805167313 -0.0050633930059118528 0.042273541113097148 1.5818633034823895 -1.7954896438212364 1.0000000180025095e-35 1.0000000180025095e-35 120.9297670008926 7.8571428571428337 0.27602857977779033 24.861436000317592 -0.013216279420645015 0.053130478653863701 -0.1256646658768765
decision_type=2 2 2 2 2 2 2 2 2 2 2 2 2 2 2 2 2 2 2 2 2 2 2 2 2 2 2 2 2 2
left_child=3 10 9 4 6 -6 7 -1 -9 -3 -2 12 -8 14 -7 19 -17 18 -15 20 24 -22 23 -12 -5 -13 -23 -10 29 -21
right_child=1 2 -4 15 5 13 11 8 27 -11 22 25 -14 17 -16 16 -18 -19 -20 28 21 26 -24 -25 -26 -27 -28 -29 -30 -31
leaf_value=-0.0076879715478082311 -0.009183004005882664 -0.0055890839553086888 -0.0023873398038301327 0.0028188228995503707 0.0096932496857226411 -0.0026507806006581059 0.014585893471482942 0.0050162856571822137 -0.006631655131345897 0.0078745861667754765 0.0070826301295403233 0.011997397568227514 0.0005501509157075365 -0.022145450148683715 -0.035318961254218302 -0.028424708991688512 -0.0013645028901720611 -0.0011554249546003787 0.004064040193584079 0.017032848928268049 0.007359282572180474 0.0055528917653175488 0.0066188655699500063 -0.0095438244767024356 -0.023288932612693464 -0.0041895464452110604 -0.00066859322064384574 0.00061630631778127325 -0.014342351088389969 -0.0022958251361933314
leaf_weight=954.06754624843597 120.29292020201683 150.44337053596973 8391.7151917368174 51.194233626127243 493.92986281216145 69.688227191567421 169.90494264662266 409.47632952034473 679.24197103083134 460.54305157065392 138.41361877322197 64.301390096545219 3504.4562597721815 39.102127954363823 28.877676248550415 28.074283927679062 477.23612226545811 1250.8733182102442 2158.0353864431381 56.843288287520409 1696.0018899738789 691.4538306593895 870.57921278476715 168.02733625471592 45.142909035086632 1182.2390522062778 833.14674310386181 464.7407997995615 78.849127262830734 341.70236624777317
leaf_count=3859 486 609 33879 208 2022 284 689 1661 2742 1874 563 260 14189 158 117 113 1932 5064 8771 231 6913 2818 3550 682 182 4775 3378 1879 318 1386
internal_value=0 -0.00128289 -0.00191588 0.000838914 6.69613e-05 0.00248539 -0.00124848 -0.00378814 -0.00139304 0.00455942 0.00310974 4.56419e-05 0.00119917 0.00148156 -0.0122219 0.00289803 -0.00286793 0.00187329 0.00359759 0.00366591 0.00447909 0.0048947 0.00436607 -0.00203397 -0.00941509 -0.00335456 0.00215304 -0.00368718 -0.00198403 0.000460962
internal_weight=0 10300 9002.7 15768.6 11468.9 4040.51 7428.43 2507.53 1553.46 610.986 1297.31 4920.9 3674.36 3546.58 98.5659 4299.64 505.31 3448.01 2197.14 3794.33 3316.94 3220.6 1177.02 306.441 96.3371 1246.54 1524.6 1143.98 477.395 398.546
internal_count=105592 41643 36362 63949 46470 16416 30054 10141 6282 2483 5281 19913 14878 14394 401 17479 2045 13993 8929 15434 13499 13109 4795 1245 390 5035 6196 4621 1935 1617
is_linear=0
shrinkage=0.03


Tree=16
num_leaves=31
num_cat=0
split_feature=13 14 15 10 11 12 7 2 4 8 8 8 10 15 8 2 11 6 12 12 7 10 15 8 14 7 14 3 4 3
split_gain=29.3254 27.651 32.0877 30.0366 26.7991 25.076 26.0974 20.0196 19.4296 18.9983 17.9698 18.5183 21.1093 18.2556 17.631 17.5123 16.5818 17.0486 17.3126 16.3824 16.3082 17.3164 16.0658 15.9131 15.3794 15.0498 25.2995 20.5788 33.1628 16.3493
threshold=0.011525713522271943 -0.040176154612466812 0.30044306839012841 0.013042040488629893 1.0000000180025095e-35 23.41550284577125 0.16157752613709211 -4.4347127856433888 49.348110323543786 0.0062402010146782603 -0.033659143985604371 -0.0034098896147043418 0.017878681414463474 1.0000000180025095e-35 0.0081934285588058948 21.334999708721316 1.0000000180025095e-35 0.79571981067683539 20.960033578179956 9.2826813465423452 0.033177544256923909 0.0016466840479907321 1.0000000180025095e-35 -0.10961166802247767 0.013573046873517793 0.28444376811525451 -0.1457172957551163 9.9373915429049955 -98.295539164936358 18.058780535547232
decision_type=2 2 2 2 2 2 2 2 2 2 2 2 2 2 2 2 2 2 2 2 2 2 2 2 2 2 2 2 2 2
left_child=5 4 14 -4 8 6 7 20 15 23 -9 13 -13 -12 -3 -2 17 18 -16 -15 21 -1 -6 -7 -5 26 -25 -27 29 -29
right_child=1 2 3 24 22 9 -8 10 -10 -11 11 12 -14 19 16 -17 -18 -19 -20 -21 -22 -23 -24 25 -26 27 -28 28 -30 -31
leaf_value=0.026210260913998338 -0.0012114302708725296 -0.003827139594100781 0.00052639342481799957 -0.018874437269192183 -0.029690879273985001 -0.0093405365431577566 0.0064993100813056405 0.0077811993435724508 -0.01692456763466223 -0.0014243777788216126 -0.012301842168758998 0.0020801440725528022 -0.010664038124204868 -0.022724559719138285 0.026254007431399409 0.022668012681032846 0.0087684684127071512 -0.0032740722714877063 0.00042545466419021614 -0.0011580201525743219 -0.0042068795527287857 -0.0068956066395133653 -0.0094630507909425083 -0.0058177339679554027 -0.0029416953099445091 0.023700653605725784 0.0029781063041803254 0.0062081944901321686 0.012523417941567729 -0.020607065816702703
leaf_weight=33.076914936304092 572.4902146011591 214.64765998721123 3861.799473553896 55.266021907329559 38.463018611073494 97.520301833748817 471.45917658507824 258.58836624026299 68.469331249594688 1199.471165060997 145.36136257648468 2567.8542258143425 122.55769468843937 32.062111705541611 40.912447273731232 29.04217866063118 594.52601580321789 266.38040891289711 54.428973734378815 2807.1424598544836 1634.347979336977 24.942272201180458 434.99768722057343 310.25802940130234 4069.4736387431622 68.625305980443954 5724.3167748302221 33.674239784479141 182.52596434950829 52.161247417330742
leaf_count=135 2311 870 15623 223 155 392 1921 1056 276 4861 588 10399 495 129 167 118 2433 1082 222 11355 6605 101 1753 1263 16410 282 23275 137 744 211
internal_value=0 -0.00124427 -0.000695033 -0.00137499 -0.00564288 0.000813936 -0.00035039 -0.00077386 -0.00178211 0.00204337 4.70437e-05 -0.000305374 0.0014996 -0.00193245 0.0039429 -5.8523e-05 0.00568703 0.000622368 0.0115089 -0.00140156 -0.00365201 0.0119781 -0.0111063 0.00268635 -0.00315517 0.00287043 0.00252588 0.00904035 0.00529143 -0.0100871
internal_weight=0 10300.9 9157.43 7986.54 1143.46 15765.9 8097.39 7625.93 670.002 7668.55 5933.57 5674.98 2690.41 2984.57 1170.9 601.532 956.248 361.722 95.3414 2839.2 1692.37 58.0192 473.461 6469.08 4124.74 6371.56 6034.57 336.987 268.361 85.8355
internal_count=105592 41643 37030 32256 4613 63949 32784 30863 2705 31165 24022 22966 10894 12072 4774 2429 3904 1471 389 11484 6841 236 1908 26304 16633 25912 24538 1374 1092 348
is_linear=0
shrinkage=0.03


Tree=17
num_leaves=31
num_cat=0
split_feature=5 9 5 5 14 2 3 8 7 10 15 6 14 16 16 12 10 6 8 7 15 15 12 5 12 12 3 3 2 12
split_gain=29.8867 25.1285 21.2285 29.2849 34.4306 27.3083 21.228 54.5164 17.7036 19.4355 17.6566 17.502 19.5187 26.6198 17.2314 18.2262 16.6579 16.4776 24.0287 21.4551 18.9122 16.5496 17.5994 21.7566 18.6909 16.1618 15.9452 15.3633 15.1631 15.0873
threshold=0.0098312138534587742 0.051822246415946467 0.034002764947780269 0.027777830566163765 0.046240030349035129 -22.203735167101517 25.71428571428574 -0.054344218123113124 0.052796157978538906 0.0027056183324890575 0.65130275096824897 -0.056182164530779601 -0.12857212946998045 -0.032356619343559261 0.092182744066050551 9.2826813465423452 0.029511396402686966 0.22049828486919013 -0.02307511991710048 0.11753121348620549 1.0000000180025095e-35 0.49279129054279236 33.116429215871001 0.045053146677459945 14.561553387755946 28.73269463226141 40.184321309490336 97.938144329896929 2.3389104494485173 19.925994899328128
decision_type=2 2 2 2 2 2 2 2 2 2 2 2 2 2 2 2 2 2 2 2 2 2 2 2 2 2 2 2 2 2
left_child=-1 2 3 14 5 -5 11 -8 -7 -10 -6 12 13 -4 15 -2 -17 26 -19 -20 -21 -22 23 29 -25 -14 -9 -3 -13 -23
right_child=1 27 6 4 10 8 7 17 9 -11 -12 28 25 -15 -16 16 -18 18 19 20 21 22 -24 24 -26 -27 -28 -29 -30 -31
leaf_value=0.016467547163458069 -0.013595863126180703 -0.0032624270670733682 -0.0035837976231714685 0.0072554530939924955 0.0071201840551301764 0.0097514143182524226 -0.030676097524464836 -0.0026381678659113525 -0.0031776760964061235 -0.0082763881798437102 -0.00049017908272511049 0.0068595837783643684 0.000328271905888209 -0.037026897750660516 -0.0053500687735983724 0.00069291069331330188 0.012229331515639064 0.015312115780036963 0.0054700401834413314 0.017493288422219099 -0.0080261891402735406 -0.0062459211925987388 -0.0052488138267859719 0.032925225163891098 0.0066537573587247467 0.024913972911157645 -0.022263955032515402 0.0087198632461930829 -0.010274745093766979 0.0024772799105726552
leaf_weight=98.819969117641449 79.720893487334251 2577.0849831849337 109.43625980615616 197.36938613653183 429.76721960306168 79.866193130612373 49.409275099635124 189.64839620888233 2525.912843555212 917.16059975326061 758.80667665600777 1300.3154979199171 106.07580329477787 26.634032189846039 436.6908355653286 13179.484216406941 113.61852198839188 113.03167116641998 742.64439454674721 50.613877817988396 264.32960495352745 270.64510053396225 401.92880918085575 26.791538268327713 269.9552199691534 31.124708324670792 46.36696445941925 100.04323853552341 48.206424802541733 523.79973454773426
leaf_count=416 321 10386 444 801 1741 324 199 770 10214 3706 3069 5307 433 107 1765 53410 460 462 3012 207 1072 1097 1627 110 1096 127 188 404 197 2120
internal_value=0 -6.20608e-05 0.000254352 -0.000193229 -0.00218348 -0.0036036 0.00208723 0.000571154 -0.00421197 -0.00453586 0.00226159 0.00484415 -0.00207893 -0.0101299 0.000514246 0.000705745 0.000791515 0.00110358 0.00177673 0.00117693 -0.000586429 -0.00110712 0.000117777 0.0020945 0.00902566 0.00590568 -0.0064938 -0.00281465 0.00624707 -0.00049447
internal_weight=0 25966.5 23289.4 18718.4 4908.88 3720.31 4570.96 2949.16 3522.94 3443.07 1188.57 1621.79 273.271 136.07 13809.5 13372.8 13293.1 2899.76 2663.74 2550.71 1808.06 1757.45 1493.12 1091.19 296.747 137.201 236.015 2677.13 1348.52 794.445
internal_count=105592 105176 94386 75811 19855 15045 18575 11960 14244 13920 4810 6615 1111 551 55956 54191 53870 11761 10803 10341 7329 7122 6050 4423 1206 560 958 10790 5504 3217
is_linear=0
shrinkage=0.03


Tree=18
num_leaves=31
num_cat=0
split_feature=13 12 15 8 15 10 14 2 2 10 8 11 6 2 14 4 2 10 12 8 14 9 8 8 11 12 2 4 15 12
split_gain=26.9272 29.6542 28.4965 27.3325 20.6394 18.3713 35.8395 21.0464 15.4005 21.9058 14.2632 13.9425 23.8406 17.1932 13.4546 13.1871 12.751 20.488 15.2512 13.4541 14.835 12.6917 12.5847 13.5165 12.3115 14.6401 13.3032 12.3621 16.0773 12.1632
threshold=-0.0013822154568560172 23.41550284577125 0.27602857977779033 0.011610707864909699 1.0000000180025095e-35 0.01511272364489147 -0.032811366909755883 -1.5703311381557596 3.053025253000309 -0.016769154292459561 -0.10961166802247767 1.0000000180025095e-35 0.80270485143456616 21.334999708721316 0.036715446720209551 30.57659427816105 -4.4347127856433888 -0.0097762074911525425 9.2826813465423452 -0.0034098896147043418 0.065041674321913115 -0.00556062639487681 -0.021601146693920378 -0.012818163387379232 1.0000000180025095e-35 40.823634227518788 -1.5189760504426704 122.18908459264186 0.80403614942178669 37.914311527011428
decision_type=2 2 2 2 2 2 2 2 2 2 2 2 2 2 2 2 2 2 2 2 2 2 2 2 2 2 2 2 2 2
left_child=1 16 3 4 -2 6 21 14 24 -10 -3 12 13 -5 -7 -11 -1 -18 -19 22 -21 -4 -20 -24 26 -26 -8 28 -28 -23
right_child=2 10 5 11 -6 7 8 -9 9 15 -12 -13 -14 -15 -16 -17 17 18 19 20 -22 29 23 -25 25 -27 27 -29 -30 -31
leaf_value=-0.0027935350762680472 -0.0023245376048297703 -0.0088084542561487483 -0.0023392172161204221 0.0036216803004825338 0.011183701475157308 -0.013930848673473701 -0.010758858090240013 -0.0034284496331614266 -0.021307492449999393 0.014830331840176023 0.002774517857727202 0.0092793946405092583 -0.0031080393449946851 0.029582410796780669 0.0080142876403538951 0.0029894597655276234 0.004491811772366518 -0.019336020595738832 0.002587787560144765 0.0036611840036130669 -0.0058471435927075878 -0.0063998290121836665 -0.0063231291728606523 -0.00095460057761304594 0.00059778873644780674 0.016768889757870668 -0.003913726135684574 -0.0067439051025874235 0.003305243088041272 -0.022652194493646409
leaf_weight=1527.2323133200407 917.57622699439526 97.301448315382004 1237.9299881905317 54.594383016228676 114.5017352104187 28.359583854675293 154.97423133254051 4252.4053144454956 32.227182805538177 89.934259086847305 5740.9913053959608 554.15176065266132 256.34758634865284 39.623303040862083 221.76446689665318 1440.4479637593031 876.6054120361805 38.816497772932053 478.98664897680283 977.28667476773262 173.96880649030209 610.66953262686729 656.54365892708302 1181.9181947857141 2779.5699241012335 51.315866038203239 515.35647864639759 316.13221737742424 601.97665406763554 44.460817083716393
leaf_count=6175 3726 391 4998 223 466 115 626 17138 130 364 23371 2271 1041 163 900 5833 3560 156 1947 3959 705 2462 2654 4781 11250 209 2086 1277 2436 179
internal_value=0 0.00106494 -0.000872997 0.00251082 -0.000825894 -0.00140249 -0.000528554 -0.00293101 0.000609961 0.00316985 0.00258148 0.00631726 0.0016349 0.0145395 0.0055261 0.0036853 -0.000432851 0.000389506 -0.00063575 -0.000426485 0.00222436 -0.00412618 -0.00174336 -0.00287179 -0.000295179 0.000890925 -0.00240903 -0.00150632 -2.44197e-05 -0.00750281
internal_weight=0 11749.7 14314.3 1936.79 1032.08 12377.5 7875 4502.53 5981.93 1562.61 5838.29 904.717 350.565 94.2177 250.124 1530.38 5911.36 4384.13 3507.52 3468.7 1151.26 1893.06 2317.45 1838.46 4419.33 2830.89 1588.44 1433.47 1117.33 655.13
internal_count=105592 47699 57893 7890 4192 50003 31850 18153 24211 6327 23762 3698 1427 386 1015 6197 23937 17762 14202 14046 4664 7639 9382 7435 17884 11459 6425 5799 4522 2641
is_linear=0
shrinkage=0.03


Tree=19
num_leaves=31
num_cat=0
split_feature=5 13 12 5 12 14 16 5 15 5 16 4 10 14 14 5 2 1 13 10 4 5 10 14 16 7 10 1 2 15
split_gain=28.2199 25.8078 28.1285 45.1414 29.1355 22.8025 28.2436 23.278 31.6904 22.3514 21.1398 19.6029 19.1108 18.8736 18.7468 18.6729 18.7917 18.4727 18.4107 18.0901 24.6934 18.0079 16.9705 14.9347 15.9608 14.8623 25.3483 14.8075 15.1149 15.6747
threshold=0.0098312138534587742 -0.0013822154568560172 23.41550284577125 0.039066347886889431 12.707993346821921 -0.042169057278268356 -0.066974924074869199 0.022137328212544442 0.27602857977779033 0.048703280083850969 0.069658659626934863 -126.34115805167313 0.0016466840479907321 0.02160461839356376 -0.013155881834994053 0.027513899598475867 -2.7252220882060918 1.6142190873299518 0.043487450542468283 -0.0079040467512829764 -124.42156360604586 0.030843917203091906 -0.023158433667575858 0.017902954874760572 -0.020787424167943266 0.051011782225830929 0.0030495110561316045 -1.2543316296132476 -5.1651975243300532 1.1471700518438384
decision_type=2 2 2 2 2 2 2 2 2 2 2 2 2 2 2 2 2 2 2 2 2 2 2 2 2 2 2 2 2 2
left_child=25 2 3 27 -5 9 21 14 -9 18 19 -12 22 -14 -8 17 -17 -15 -3 -4 -21 -7 -10 24 -24 26 -1 -2 29 -29
right_child=1 5 10 4 -6 6 7 8 12 -11 11 -13 13 15 -16 16 -18 -19 -20 20 -22 -23 23 -25 -26 -27 -28 28 -30 -31
leaf_value=0.029365641041078017 0.0091020413050421755 -0.0041234601567114457 0.0015253826715929779 0.039853063595319205 0.0064000833228617339 0.013508315196063469 -0.0045677863012660849 0.0064707410323639166 -0.021901450898076748 0.0050723170133642982 -0.025008232301326747 -0.0012785385925402942 -0.0072459369187749499 -0.0034572620666084653 0.0017109771414371381 0.01110696837631584 -0.0011871545199292075 -0.012713448383365338 -0.013862647682549268 0.013290988764759761 0.0039301101439940039 -0.0024603409295312121 0.0037411492285786435 0.0065106748577879016 -0.0032328484711310764 0.030232608611366098 -0.010470882002582293 -0.002774983522742744 -0.00063570688028564981 -0.01131672440023084
leaf_weight=25.006432354450226 120.59285134077072 1314.6447139680386 2813.3665981888771 24.603339925408363 491.82601411640644 207.99757941067219 479.67356193065643 406.2173678278923 29.249408841133118 207.87739953398705 32.837874576449394 682.92968595027924 792.60323315858841 1873.1836228221655 3971.1026426702738 116.64750806987286 2746.685640797019 216.47256271541119 201.45959739387035 290.35797081887722 2004.7432288229465 91.525316700339317 494.89596322178841 362.34703657031059 732.48562198877335 39.629618212580681 33.815480142831802 1002.3614844828844 4015.7185462713242 239.56347063183784
leaf_count=106 493 5303 11461 103 2012 845 1941 1654 118 842 132 2768 3202 7561 16110 473 11073 871 811 1183 8167 371 1999 1466 2959 170 140 4046 16246 966
internal_value=0 -6.01496e-05 0.000982648 -0.000478321 0.00799383 -0.000918021 -0.000472647 -0.000695702 -0.00168657 -0.00415273 0.00246128 -0.00236721 -0.00213651 -0.00294774 0.0010343 -0.00225992 -0.000686312 -0.00441613 -0.0054176 0.00313782 0.00511437 0.00862877 0.000742434 0.00115906 -0.000420843 0.0160318 0.00646446 -0.00129183 -0.00153024 -0.00442266
internal_weight=0 25964 11718.9 5894.67 516.429 14245.1 12521.1 12221.6 7770.79 1723.98 5824.24 715.768 7364.57 5745.59 4450.78 4952.99 2863.33 2089.66 1516.1 5108.47 2295.1 299.523 1618.98 1589.73 1227.38 98.4515 58.8219 5378.24 5257.64 1241.92
internal_count=105592 105176 47577 23866 2115 57599 50643 49427 31376 6956 23711 2900 29722 23180 18051 19978 11546 8432 6114 20811 9350 1216 6542 6424 4958 416 246 21751 21258 5012
is_linear=0
shrinkage=0.03


Tree=20
num_leaves=31
num_cat=0
split_feature=5 13 5 5 12 13 15 3 16 4 7 12 2 15 11 0 11 15 5 2 5 12 3 12 2 7 16 3 7 12
split_gain=26.7099 26.6967 31.7348 26.6105 24.1294 23.6539 21.3916 19.6506 19.0758 18.6467 18.3293 23.4311 18.1661 17.7098 19.2681 18.9569 17.6907 15.9493 19.388 22.1965 16.5345 15.7012 15.6352 15.3904 17.547 24.1462 16.9107 26.5647 15.7441 16.0735
threshold=0.017064725471080077 0.011525713522271943 0.031921831291043666 0.02691394134263124 26.731285753220288 0.0022561788771797713 0.19614824135691711 75.268817204301072 0.083120078585408722 -126.34115805167313 0.076033540069384176 21.929610614599774 44.322175318297774 1.3895051126933098 1.0000000180025095e-35 23.064638778568419 1.0000000180025095e-35 0.19614824135691711 0.013278601337225244 4.7587310533779377 0.0098312138534587742 48.165512982403364 7.8571428571428337 22.472545796010234 -4.6111320012285004 0.094564045173628 -0.058970407355235448 21.862821086289554 0.044042872890072748 28.089496993459083
decision_type=2 2 2 2 2 2 2 2 2 2 2 2 2 2 2 2 2 2 2 2 2 2 2 2 2 2 2 2 2 2
left_child=4 2 3 23 10 -6 7 -3 13 -10 17 -12 21 14 15 22 -13 20 -19 -20 -1 -7 -4 24 25 -2 27 -26 29 -25
right_child=1 6 8 -5 5 12 -8 -9 9 -11 11 16 -14 -15 -16 -17 -18 18 19 -21 -22 -23 -24 28 26 -27 -28 -29 -30 -31
leaf_value=0.012505652907102515 -0.0085327080803496245 -0.0030056578255175871 0.0050415787749233717 -0.0027584639926210549 0.013309648848312716 0.0022218821051041694 -0.0019615677208514991 0.0074724020448437185 -0.026554008605471087 -0.0014170380122463999 0.013231566728883377 -0.015567553993174887 0.015165608989155794 -0.0010507383237207785 0.0018171074660146484 0.0071692513225539833 0.0052054252596087152 0.021955366441132267 -0.00096697043347659462 0.017639968792781385 -0.0046336032222526408 -0.017484044583485445 -0.025158498578769967 0.0027813905298956715 -0.0032757223051574818 0.0045149398728330367 -0.00060215707645918954 0.013790831953714482 0.0025213123099198723 -0.01693489361885113
leaf_weight=54.373769089579582 493.85196495056152 257.93917740881443 31.455084800720215 3052.0348186343908 332.95469988882542 363.40676160156727 8677.9472392052412 428.99835434556007 28.125140577554703 477.09158106148243 215.26404476165771 55.625183507800102 89.816250875592232 666.2405761629343 1456.6659666448832 1603.6547151654959 109.58803181350231 45.431188315153122 436.66136629879475 66.485634297132492 741.30197374522686 40.439528346061707 30.282085552811623 71.680332660675049 142.3115980476141 172.14887744188309 2474.50761680305 193.95236425101757 3172.9239987581968 77.393093377351761
leaf_count=230 1992 1046 128 12350 1370 1484 35016 1752 113 1932 879 226 371 2705 5927 6552 448 185 1771 271 3000 165 122 290 575 695 10008 787 12889 313
internal_value=0 -0.000315734 0.000506871 -0.000431272 0.00291607 0.0071303 -0.00155816 0.00353798 0.00265929 -0.0028164 0.000896307 0.00670943 0.00296259 0.00338955 0.00433709 0.00654124 -0.00178857 -0.000749037 0.00318646 0.00149174 -0.00346236 0.000248611 -0.00977156 0.000613428 -0.000781789 -0.00516013 0.000255641 0.00656803 0.00207365 -0.00745453
internal_weight=0 23509.2 14144.3 9850.8 2551.35 826.617 9364.88 686.938 4293.52 505.217 1724.73 380.477 493.663 3788.3 3122.06 1665.39 165.213 1344.25 548.578 503.147 795.676 403.846 61.7372 6798.77 3476.77 666.001 2810.77 336.264 3322 149.073
internal_count=105592 95192 57378 39899 10400 3390 37814 2798 17479 2045 7010 1553 2020 15434 12729 6802 674 5457 2227 2042 3230 1649 250 27549 14057 2687 11370 1362 13492 603
is_linear=0
shrinkage=0.03


Tree=21
num_leaves=31
num_cat=0
split_feature=13 14 10 15 12 7 16 8 8 16 6 14 16 10 2 16 13 10 2 10 8 7 14 16 16 14 3 4 16 2
split_gain=22.846 23.5876 25.718 29.0148 19.9567 22.9736 17.3263 16.83 16.7015 30.8463 14.7252 14.6142 15.6764 14.4166 16.2387 18.0871 14.3261 13.9172 13.6655 15.8765 13.4953 14.1716 23.2948 59.6634 22.9119 26.4148 19.1359 30.7887 16.8596 21.7906
threshold=0.011525713522271943 -0.038287289287385444 0.013042040488629893 0.68610859494849785 23.41550284577125 0.16157752613709211 0.052332289208159695 0.0062402010146782603 -0.0034098896147043418 -0.058970407355235448 0.57844627188046893 -0.18989970280095805 -0.07867610186295125 -0.023158433667575858 3.053025253000309 -0.024745243614938846 0.012927671675311727 0.017878681414463474 -0.13199061930368386 0.0056372121736858469 -0.10961166802247767 0.28444376811525451 -0.1457172957551163 -0.043019432116358718 0.10032392356511478 0.093370036771412326 9.9373915429049955 -98.295539164936358 -0.057920002147458675 -0.79719500775032415
decision_type=2 2 2 2 2 2 2 2 2 2 2 2 2 2 2 2 2 2 2 2 2 2 2 2 2 2 2 2 2 2
left_child=4 6 13 -4 5 8 11 20 -1 10 -10 -2 -13 -3 15 -15 -16 18 19 -11 -6 22 23 -22 28 -26 -23 -28 29 -24
right_child=1 2 3 -5 7 -7 -8 -9 9 17 -12 12 -14 14 16 -17 -18 -19 -20 -21 21 26 24 -25 25 -27 27 -29 -30 -31
leaf_value=-0.0018557705911056419 0.0078743108282920849 -0.018643348504218261 0.00136014130775068 -0.0037575787995740599 -0.0086497038979366156 0.0061143743390953921 0.015626645547784118 -0.0014472856787904015 0.0069722265919908025 0.00012122094420741997 0.023988717183215113 -0.0011232551794863122 -0.0089245892133638857 0.0041486084421072603 -0.011227889448142925 -0.0014365987399174438 0.0042406403820356839 -0.0096719647896965008 0.0023257988498383468 -0.0082468801760565199 -0.00094495161682534099 0.022775516704706147 0.0029306179705365556 -0.041785135069591951 -0.021989661970022664 -5.8467059679834677e-05 -0.0098376944875519824 0.011960803869681109 0.004053706419187667 -0.0050499909736625029
leaf_weight=4597.7997178435326 67.274401962757111 33.240397110581398 1454.4557150304317 3170.2390279471874 97.574911534786224 470.46685354411602 35.345430120825768 1199.1525350511074 179.22825375199318 780.26548127830029 61.463941648602486 334.3059908747673 756.19426482915878 681.15364645421505 55.915894120931625 2231.0659540891647 1483.8933137208223 124.69205197691917 1606.035600066185 276.31473176181316 273.69132494926453 68.200997933745384 903.52543357014656 36.485788196325302 69.298861399292946 172.36825112998486 85.813087552785873 181.98353116214275 4104.0907896608114 467.11173255741596
leaf_count=18599 273 134 5898 12769 392 1921 143 4861 727 3156 250 1347 3045 2757 227 9026 6024 503 6510 1118 1116 282 3678 147 280 698 348 744 16720 1899
internal_value=0 -0.00109778 -0.000578305 -0.00214807 0.000719001 -0.000319486 -0.00506417 0.00181673 -0.000716417 0.00101361 0.0113176 -0.00569584 -0.006533 0.00104025 0.00118722 -0.000130247 0.00367892 0.000123829 0.000582572 -0.00206719 0.00242261 0.00259241 0.0022581 -0.00574894 0.00269257 -0.00634731 0.00858869 0.00497567 0.00309162 0.000210835
internal_weight=0 10303.1 9109.96 4624.69 15755.6 8096.27 1193.12 7659.3 7625.8 3028 240.692 1157.77 1090.5 4485.27 4452.03 2912.22 1539.81 2787.31 2662.62 1056.58 6460.14 6362.57 6026.57 310.177 5716.4 241.667 335.998 267.797 5474.73 1370.64
internal_count=105592 41643 36835 18667 63949 32784 4808 31165 30863 12264 977 4665 4392 18168 18034 11783 6251 11287 10784 4274 26304 25912 24538 1263 23275 978 1374 1092 22297 5577
is_linear=0
shrinkage=0.03


Tree=22
num_leaves=31
num_cat=0
split_feature=13 12 7 15 8 7 2 16 15 2 10 4 7 12 4 7 7 12 2 13 14 8 14 10 4 14 16 9 16 10
split_gain=22.0076 23.8039 27.0227 23.3854 24.7 19.5574 29.3081 18.8532 18.1668 18.113 17.3106 23.8833 14.8403 14.3892 14.3522 13.3942 20.342 17.5866 14.338 15.8807 13.0764 18.4529 12.9677 21.295 16.0276 15.4926 22.3262 14.7442 14.5737 14.5019
threshold=-0.0013822154568560172 23.41550284577125 0.16157752613709211 0.27602857977779033 0.0081934285588058948 0.058533635469649507 6.627004944166722 0.069658659626934863 1.0000000180025095e-35 -5.1651975243300532 -0.0079040467512829764 -141.48529297939356 0.043222762784274324 39.458998794326696 58.920909416260962 0.052209355924582243 0.030916404273755336 28.466328864639177 11.899950582111218 0.01696196560866348 0.06609491645745981 1.0000000180025095e-35 -0.037341610640819693 0.01511272364489147 75.680178399815574 0.019360246422119757 -0.030175255358477645 -0.00556062639487681 -0.012646458081330024 0.010774653499229682
decision_type=2 2 2 2 2 2 2 2 2 2 2 2 2 2 2 2 2 2 2 2 2 2 2 2 2 2 2 2 2 2
left_child=1 2 20 4 8 6 13 10 15 -9 -3 -12 -8 -5 -4 16 -2 -18 19 -17 21 -1 27 25 -25 26 -24 28 -7 -28
right_child=3 7 14 5 -6 22 12 9 -10 -11 11 -13 -14 -15 -16 18 17 -19 -20 -21 -22 -23 23 24 -26 -27 29 -29 -30 -31
leaf_value=-0.0013182594400492503 0.010401142947585285 0.0013820138054337133 0.0094209880264530046 0.00019286503699978165 0.005077970360240127 -0.0034736152532081586 -0.002360285347203569 -0.012848768520463743 0.01066005873018583 -9.0586733450981837e-05 0.014585626269176734 0.0039274178819579831 0.024150740683354478 0.01573252761828766 -0.0092564942510276835 -0.00034158046027133127 -0.018191157908463186 0.0092457813269070759 0.0066056395781264989 -0.015268847014445967 -0.0084692533373122852 0.0038809106700250723 0.0026846673949093977 0.0023401223111435185 -0.0033870602897158831 0.0017197513466998085 -0.0030973646860694842 -0.0082743938789722263 0.0069244741150492096 -0.016338416042511267
leaf_weight=4625.2821509689093 36.63231660425663 2811.4087263196707 337.4170751273632 1326.9754070490599 1150.1264535337687 1008.3558609336615 25.329993486404419 120.40207575261593 92.48024645447731 595.44685333967209 208.00685133039951 2095.1147892922163 76.084896355867386 55.88703416287899 41.591842412948608 237.03010386228561 145.96342581510544 24.564218625426292 159.31230160593987 87.941110789775848 198.51350480318069 708.4944676309824 704.66442513465881 494.4797570258379 3975.0135085582733 2554.7789148837328 1413.3129790574312 529.79869763553143 137.90263186395168 78.581948295235634
leaf_count=18711 150 11463 1383 5376 4709 4068 103 487 377 2413 850 8549 310 228 169 960 590 100 649 355 803 2871 2852 2001 16007 10343 5709 2132 557 317
internal_value=0 0.00096337 -0.000378119 -0.000788914 0.00227899 -0.00126815 0.0019625 0.00232348 -0.00182751 -0.00223645 0.0029617 0.00489002 0.0175292 0.000820885 0.00737135 -0.00349772 -0.00988179 -0.0142389 -0.000766833 -0.00438108 -0.000909023 -0.000627645 -0.0017082 -0.00126697 -0.00275344 0.000131315 -0.00171617 -0.0041356 -0.00222265 -0.0037948
internal_weight=0 11741.7 5911.3 14315.2 1934.05 12381.2 1484.28 5830.38 783.924 715.849 5114.53 2303.12 101.415 1382.86 379.009 691.443 207.16 170.528 484.284 324.971 5532.29 5333.78 10896.9 9220.83 4469.49 4751.34 2196.56 1676.06 1146.26 1491.89
internal_count=105592 47699 23937 57893 7890 50003 6017 23762 3181 2900 20862 9399 413 5604 1552 2804 840 690 1964 1315 22385 21582 43986 37229 18008 19221 8878 6757 4625 6026
is_linear=0
shrinkage=0.03


Tree=23
num_leaves=31
num_cat=0
split_feature=5 13 12 5 12 14 16 5 5 15 14 16 4 10 14 5 2 1 5 7 4 10 5 7 10 6 1 14 16 7
split_gain=25.4232 21.0895 22.576 39.7608 28.0115 19.6885 25.4788 20.1972 19.845 27.3011 17.4907 17.4703 17.2107 17.1748 18.0346 17.8486 17.4196 16.7975 16.6718 16.6557 24.6432 15.2198 14.7348 14.1577 23.974 13.9175 13.8988 13.6936 14.3533 13.4836
threshold=0.0098312138534587742 -0.0013822154568560172 23.41550284577125 0.039066347886889431 12.707993346821921 -0.042169057278268356 -0.066974924074869199 0.048703280083850969 0.022137328212544442 0.27602857977779033 -0.013155881834994053 0.078236901166872222 49.348110323543786 0.0016466840479907321 0.02160461839356376 0.027513899598475867 -2.7252220882060918 1.6142190873299518 0.030843917203091906 0.27624856045277951 -40.967303520375033 -0.023158433667575858 0.016137179645221864 0.051011782225830929 0.0030495110561316045 0.65642760763482089 -1.2543316296132476 0.017902954874760572 -0.020787424167943266 0.044042872890072748
decision_type=2 2 2 2 2 2 2 2 2 2 2 2 2 2 2 2 2 2 2 2 2 2 2 2 2 2 2 2 2 2
left_child=23 2 3 26 -5 7 18 12 10 -10 -8 22 -3 21 -15 17 -17 -16 -7 20 -13 -11 -4 24 -1 -9 -2 28 -23 -24
right_child=1 5 11 4 -6 6 8 25 9 13 -12 19 -14 14 15 16 -18 -19 -20 -21 -22 27 29 -25 -26 -27 -28 -29 -30 -31
leaf_value=0.028379657376982677 0.008891453653752603 -0.0043593102088280199 0.0096384858198740059 0.038935018602903659 0.0059816930395591205 0.012940638520435649 -0.0044418986987346584 0.0081296581289884273 0.0060355608660698692 -0.020641716804154397 0.0016222062950240696 -0.023854473244601236 -0.020086768549680348 -0.0069294454171030728 -0.0032504544668872024 0.010841882686791765 -0.0010011065610946374 -0.01207089752200164 -0.0024307262939797726 0.0077392748760553342 -0.0025852320820077728 0.0035999551316550438 -0.0087766478492064537 0.029242019798328706 -0.010484563283332134 -0.013947617048894285 -0.0014152001483657703 0.0062904146952443432 -0.0030136630957462622 0.0026271196655764258
leaf_weight=24.737765148282051 120.45346486568451 1452.0463253259659 267.34423142671585 24.368555083870888 490.6828273832798 207.43067474663258 479.82400688529015 177.68504671752453 405.36129887402058 29.34152914583683 3968.9481670856476 55.061494335532188 65.443902656435966 793.34855718910694 1874.2314281463623 116.51821345090866 2747.963770493865 216.79136906564236 91.523036405444145 115.02070760726929 447.34941253066063 494.64141857624054 95.150895863771439 39.148132607340813 33.807789966464043 30.044145047664642 5259.2039583772421 362.0439592897892 732.97331212460995 4836.5558570623398
leaf_count=106 493 5851 1101 103 2012 845 1941 721 1654 118 16110 221 263 3202 7561 473 11073 871 371 466 1812 1999 385 170 140 121 21258 1466 2959 19726
internal_value=0 -5.67834e-05 0.000886348 -0.000422059 0.00754081 -0.000832094 -0.000418111 -0.00383661 -0.000629763 -0.00154429 0.00096816 0.00221235 -0.00503758 -0.00196131 -0.00272996 -0.00205765 -0.000519371 -0.00416493 0.00823478 -0.00255864 -0.00491622 0.000768066 0.00277895 0.0152759 0.00593708 0.00493659 -0.00118443 0.00116324 -0.000348845 0.0024071
internal_weight=0 25957.4 11711.2 5894.71 515.051 14246.2 12520.9 1725.22 12222 7773.21 4448.77 5816.48 1517.49 7367.85 5748.85 4955.5 2864.48 2091.02 298.954 617.432 502.411 1619 5199.05 97.6937 58.5456 207.729 5379.66 1589.66 1227.61 4931.71
internal_count=105592 105176 47577 23866 2115 57599 50643 6956 49427 31376 18051 23711 6114 29722 23180 19978 11546 8432 1216 2499 2033 6542 21212 416 246 842 21751 6424 4958 20111
is_linear=0
shrinkage=0.03


Tree=24
num_leaves=31
num_cat=0
split_feature=5 8 15 5 15 10 0 3 7 1 16 7 2 8 7 16 13 16 14 16 10 8 5 0 16 7 2 5 2 16
split_gain=24.0378 20.4699 30.9203 20.9262 25.2113 19.9012 19.7211 25.7598 19.1615 20.7142 17.5739 29.6879 18.2082 23.9574 19.5376 17.1109 17.0239 16.1325 20.5857 16.0311 15.8546 15.4704 22.6404 15.3987 15.0871 14.4865 19.3065 14.0033 18.8582 17.0917
threshold=0.0098312138534587742 -0.030038154247511214 1.5149558885218333 0.020129949430268364 0.27602857977779033 -0.00035840757639832294 27.960599655757004 16.299112299349826 0.036675108122286491 -0.8314813907752493 0.01926804557319867 0.05522719609941467 0.97375071034779948 0.012250589113189549 0.049787595271544999 0.017313126351737654 -0.11102140033167084 -0.012036418617046683 -0.08542063359017886 -0.016222093038138981 0.0044130248927067859 0.014477001553747095 0.046593972937926505 27.960599655757004 -0.016853228546860773 0.047859110843477458 -18.820364180867884 0.014473734723308247 -0.90596200946470951 -0.020099401339866704
decision_type=2 2 2 2 2 2 2 2 2 2 2 2 2 2 2 2 2 2 2 2 2 2 2 2 2 2 2 2 2 2
left_child=-1 2 6 5 -5 8 7 -2 -3 19 11 12 27 14 24 25 -9 -4 -19 -10 -15 22 23 -6 -14 26 -11 -7 -29 -30
right_child=1 3 17 4 21 10 -8 16 9 15 -12 -13 13 20 -16 -17 -18 18 -20 -21 -22 -23 -24 -25 -26 -27 -28 28 29 -31
leaf_value=0.014888127059297231 0.002074821733771064 0.008445701940093293 -0.00087543340332877869 0.003274627229167321 0.016192695899455736 0.010295795227037479 0.0066412550639006569 -0.038480449345306776 0.00018547522966744196 -0.034397714841657115 0.00035504389174766023 0.0077027125164088866 -0.0034018844337516795 0.023637806687090628 0.0025970801777089373 0.0069116994120495406 -0.0048768711661761064 -0.035114828740552377 -0.0056358815276786297 0.015130530815400837 -0.0053529237279943557 -0.0023931453209700597 0.0061760590287220857 -0.00080597232438376547 -0.027624504819753246 -0.0034799820529574288 -0.0086280645323041586 -0.0055190099287697305 0.018993528401945292 0.00074041506482533089
leaf_weight=97.246583506464958 298.28902730345726 162.26188434660435 448.06111830472946 1278.8167078495026 48.170095875859261 168.77094656229019 1244.1527005136013 25.125922277569771 228.59908518195152 29.762379050254822 1716.7131421416998 1124.0076912343502 33.030457511544228 31.089565485715866 47.748063504695892 113.28288042545319 29.497987806797028 29.639036402106285 75.957586720585823 90.040041387081146 37.403196573257446 5557.6375832408667 443.92666786909103 11097.931800082326 77.304813265800476 850.68890972435474 216.50903701782227 242.66391363739967 69.020642414689064 139.45036916434765
leaf_count=416 1220 658 1820 5203 197 686 5103 101 931 120 6978 4582 134 127 194 459 120 119 308 367 153 22397 1812 44927 313 3441 876 984 280 566
internal_value=0 -5.50534e-05 0.00274783 -0.000308288 -0.000788837 0.00133809 0.00486575 -0.0013936 -0.00135651 -0.00239683 0.00257398 0.00450714 0.000263879 -0.00701396 -0.0134351 -0.00418859 -0.0203339 -0.00336147 -0.0139101 0.0044086 0.00780627 -0.00109188 -0.000467894 -0.000732509 -0.0203731 -0.00533492 -0.0117424 0.00292393 0.000166097 0.00678366
internal_weight=0 25955.6 2150.72 23804.8 18426.5 5378.35 1597.07 352.913 1691.14 1528.88 3687.2 1970.49 846.482 226.576 158.083 1210.24 54.6239 553.658 105.597 318.639 68.4928 17147.7 11590 11146.1 110.335 1096.96 246.271 619.906 451.135 208.471
internal_count=105592 105176 8791 96385 74536 21849 6544 1441 6852 6194 14997 8019 3437 921 641 4896 221 2247 427 1298 280 69333 46936 45124 447 4437 996 2516 1830 846
is_linear=0
shrinkage=0.03


Tree=25
num_leaves=31
num_cat=0
split_feature=5 13 2 3 13 5 15 8 5 12 14 16 1 1 16 16 16 2 15 12 10 2 12 14 16 2 3 8 16 2
split_gain=22.7039 19.3505 28.724 34.402 33.37 19.2812 19.7322 15.8451 20.2 17.7862 19.6984 19.4427 15.418 17.5571 18.9533 15.8594 15.2237 15.5119 16.2945 21.8011 14.841 14.8141 14.0771 20.1398 20.027 14.0332 20.0791 13.667 13.1955 21.2692
threshold=0.0098312138534587742 -0.057566508273636789 -3.2346576327061194 28.754988521012965 -0.086666069058172021 0.019943906548412976 0.27602857977779033 0.014477001553747095 0.046593972937926505 22.290842376140017 -0.11549592922790201 -0.15528909681375438 -0.09485082641043073 -0.8314813907752493 -0.016222093038138981 0.012959221884984997 -0.020787424167943266 -1.1852804120701539 0.123694979234532 16.202750677357518 -0.0033620603095645403 71.813603713374874 31.821377365824016 0.04957857537860378 0.03690871898558979 0.098311581556472696 34.422282286503361 -0.10961166802247767 -0.1256646658768765 -7.1162025755342118
decision_type=2 2 2 2 2 2 2 2 2 2 2 2 2 2 2 2 2 2 2 2 2 2 2 2 2 2 2 2 2 2
left_child=-1 2 3 27 -5 12 -7 8 -8 -10 11 -11 13 14 -3 -15 17 -14 19 -19 -20 22 -18 24 -24 26 -13 -2 29 -29
right_child=1 5 -4 4 -6 6 7 -9 9 10 -12 25 16 15 -16 -17 21 18 20 -21 -22 -23 23 -25 -26 -27 -28 28 -30 -31
leaf_value=0.014496313320355291 -0.010382786891430766 0.00029388334843080574 0.007736124646846556 -0.040955498163240428 -0.0019485142793452968 0.0027977791376275077 -0.0006194900138709003 -0.0022922774508853439 0.015417108969235508 -0.0067953527459238593 -0.0043013387140399635 0.017597808511086031 -0.00031326055326683024 -0.0043039454787969717 0.015990409602766761 0.0061826749896328982 -8.6723653548387286e-05 -0.023594381448200499 -0.0049380733875726461 0.0092057780532307128 0.016854593320040533 0.010228215917908829 0.01592930155949783 0.0014752183085578259 -0.0086700967965147591 0.028530179319348068 -0.012740368361550602 0.021256572811017043 0.0010540758227749248 -0.0065439045651025643
leaf_weight=96.884320482611656 79.887870565056801 240.76928529143333 693.99849109351635 35.240431904792786 44.871413290500641 1344.2491685301065 11659.680669054389 5601.3633903563023 123.06230887770653 49.915207862854004 197.49107584357262 63.944545403122902 171.43250788748264 1013.5770177543163 97.178053930401802 148.85678404569626 2230.5655753165483 26.072346165776253 31.877535119652748 60.691742494702339 238.8784302175045 169.81245829164982 192.07096618413925 541.73364724218845 35.252603009343147 46.246679753065109 28.333648294210434 75.641198992729187 674.56774573028088 36.826153069734573
leaf_count=416 321 981 2843 142 182 5473 47221 22569 507 204 804 262 696 4098 397 603 9062 106 129 248 973 699 787 2205 144 189 115 310 2755 151
internal_value=0 -5.3375e-05 0.00309964 -0.000298035 -0.0191073 -0.000266191 -0.000706785 -0.000971895 -0.000364109 0.00548598 0.00231923 0.00925778 0.00135374 -0.00121127 0.00480748 -0.00296107 0.00239433 0.00710581 0.0106633 -0.000650571 0.0142888 0.00160802 0.00112002 0.00462006 0.0121145 0.0150423 0.00828259 0.00144012 0.0026402 0.0121536
internal_weight=0 25954.1 1641.03 947.035 80.1118 24313.1 19114.3 17770 12168.7 508.993 385.931 188.44 5198.77 1500.38 337.947 1162.43 3698.39 528.953 357.52 86.7641 270.756 3169.44 2999.62 769.057 227.324 138.525 92.2782 866.923 787.035 112.467
internal_count=105592 105176 6704 3861 324 98472 77344 71871 49302 2081 1574 770 21128 6079 1378 4701 15049 2152 1456 354 1102 12897 12198 3136 931 566 377 3537 3216 461
is_linear=0
shrinkage=0.03


Tree=26
num_leaves=31
num_cat=0
split_feature=5 8 3 6 5 10 7 1 16 7 2 8 7 16 10 13 5 5 14 3 13 10 4 14 2 16 14 7 16 7
split_gain=21.444 18.4021 22.0179 47.8727 18.591 18.0124 18.0345 18.6484 16.2286 27.8363 17.1182 22.4872 16.9957 15.0833 14.9632 14.8381 19.7598 21.3831 22.8157 14.4492 18.3223 14.2031 13.9398 23.1287 14.302 15.2907 13.7965 21.6935 16.4715 13.66
threshold=0.0098312138534587742 -0.030038154247511214 28.754988521012965 0.17283965217377872 0.020129949430268364 -0.00035840757639832294 0.036675108122286491 -0.81449975696513011 0.01926804557319867 0.05522719609941467 0.97375071034779948 0.012490922278927565 0.049787595271544999 0.017313126351737654 0.0044130248927067859 0.014687745783812602 0.031795910376407895 0.02691394134263124 0.033563440171866861 21.011058451816762 -0.018733712148847888 -0.020826377702420792 -167.24065987444843 -0.18989970280095805 -3.1290028155718868 -0.010805286459329098 -0.068286351824743116 0.20474939491793662 -0.066974924074869199 0.051011782225830929
decision_type=2 2 2 2 2 2 2 2 2 2 2 2 2 2 2 2 2 2 2 2 2 2 2 2 2 2 2 2 2 2
left_child=29 2 22 21 5 6 -3 -8 9 10 -7 12 -12 19 -13 16 17 -6 -19 20 -9 -4 23 -2 25 -25 27 -17 -28 -1
right_child=1 4 3 -5 15 8 7 13 -10 -11 11 14 -14 -15 -16 26 -18 18 -20 -21 -22 -23 -24 24 -26 -27 28 -29 -30 -31
leaf_value=0.0049258049659245285 -0.015997474413502508 0.0082119971876343789 -0.031228652826520379 0.011695151443435666 0.00031739647895790704 0.00276826440976981 0.0039726816554301828 -0.0018024260921903588 0.00030483668939092738 0.0073936628902145076 -0.019302677930792073 0.024025625862493693 0.0019508187382331712 0.0063899004458632383 -0.0048089586582455964 -0.013080317269621642 0.0019808255875036103 -0.0048356646704978811 0.0010615075614545189 -0.0033118426019667457 -0.018729859242393333 -0.0051885520761408297 0.005611924767218863 0.0012485922272059515 0.0072459502029957488 -0.012925308039996239 0.0060962087209805423 -0.00077239474417753549 -0.0016984096398910912 0.027975772833505615
leaf_weight=58.043729767203331 69.823169574141502 162.10648158192635 59.005995005369186 61.500913485884666 5016.7110187858343 619.44556906819344 332.58188557624817 98.495776429772377 1716.2992121130228 1122.3068700134754 112.49395981431007 29.00660739839077 48.445704430341721 112.65295615792274 36.677991271018982 240.71668937802315 3120.416278257966 1875.5037304013968 861.76159085333347 846.97066263854504 138.43342669308186 27.7013049274683 1138.9299748539925 414.3977717012167 294.99416789412498 82.065844878554344 253.10246099531651 277.42380444705486 6782.6436970084906 38.479637563228607
leaf_count=246 281 658 238 253 20320 2516 1356 397 6978 4582 455 119 197 457 150 968 12690 7572 3488 3426 558 112 4671 1693 1209 334 1024 1120 27354 170
internal_value=0 -5.17423e-05 0.00260734 -0.00854976 -0.000291734 0.00126052 -0.00130265 -0.00231132 0.00243699 0.0042961 0.000187198 -0.00686779 -0.012905 -0.00405796 0.00792452 -0.000744558 -3.50598e-05 -0.000846308 -0.00297908 -0.00514384 -0.0116928 -0.0229093 0.00343404 0.000554066 0.00201426 -0.00109437 -0.00176594 -0.00649039 -0.00141801 0.0141148
internal_weight=0 25952.6 2148.42 148.208 23804.2 5375.92 1691.24 1529.13 3684.68 1968.38 846.07 226.624 160.94 1196.55 65.6846 18428.3 10874.4 7753.98 2737.27 1083.9 236.929 86.7073 2000.21 861.281 791.458 496.464 7553.89 518.14 7035.75 96.5234
internal_count=105592 105176 8791 603 96385 21849 6852 6194 14997 8019 3437 921 652 4838 269 74536 44070 31380 11060 4381 955 350 8188 3517 3236 2027 30466 2088 28378 416
is_linear=0
shrinkage=0.03


Tree=27
num_leaves=31
num_cat=0
split_feature=5 13 2 3 13 12 13 14 12 15 5 9 4 5 10 4 14 5 12 5 5 14 4 15 3 10 10 2 15 12
split_gain=20.4393 20.7205 26.1345 31.1502 30.5541 20.2615 21.0062 16.5153 16.7856 13.9531 18.726 22.8572 17.2593 27.9694 19.2142 16.615 15.982 15.3693 32.1406 20.3668 19.7423 18.4743 16.5516 16.4277 15.053 18.5225 17.9869 14.6957 15.381 14.6872
threshold=0.017064725471080077 -0.057566508273636789 -3.2346576327061194 28.754988521012965 -0.086666069058172021 26.731285753220288 0.0022561788771797713 -0.021848434171567396 48.165512982403364 0.27602857977779033 0.018482601880137277 0.034144370456560942 88.329570199206103 0.066101771936755357 0.015316976522193217 137.26510136983043 0.026008745275548643 0.038466461040576015 12.030682799355697 0.027777830566163765 0.031795910376407895 0.033563440171866861 -96.726577850072701 0.54485906899324033 73.475205408552725 0.026515536688005107 0.029511396402686966 3.4879382093222837 1.5461192686983891 24.479706737276707
decision_type=2 2 2 2 2 2 2 2 2 2 2 2 2 2 2 2 2 2 2 2 2 2 2 2 2 2 2 2 2 2
left_child=5 2 3 -2 -5 -1 -7 -8 -9 10 11 -3 17 14 16 -16 29 19 -19 -11 21 22 -21 -20 -12 -26 -27 28 -24 -14
right_child=1 9 -4 4 -6 6 7 8 -10 12 24 -13 13 -15 15 -17 -18 18 23 20 -22 -23 27 -25 25 26 -28 -29 -30 -31
leaf_value=0.00070428258976900813 0.0013921578228249431 -0.0087994059995043835 0.0074056793602388805 -0.039101421909838341 -0.0017623963431159756 0.012275082266682289 -0.015945072428075965 0.0061598815240722958 -0.012377278495843866 0.00047603320384566517 0.0012510313501806921 0.01523498396590741 -0.0010711753032540479 -0.02880352598494506 -0.0052324625843840119 -0.0011500383494128694 0.0018593240610532801 0.03550484847306927 -0.0044646039652286359 -0.00084887770140966532 -7.260523674809098e-05 0.00049953997282804806 -0.0093639002488871796 0.0033181039888862617 0.010813111956721019 -0.024057324599845931 0.003593638695055868 0.0013740606869036853 0.0020702538090452676 -0.010394703436859323
leaf_weight=1721.8909442424774 862.01495878398418 238.15931090712547 692.69732800126076 35.183408156037331 44.886788457632065 330.66853053867817 40.134403899312019 402.61216375231743 49.352696657180786 7187.1026009917259 1103.3607373386621 41.873614981770515 670.76353643834591 35.03955651819706 1919.128133803606 1685.0270934551954 1623.301662504673 26.118838027119637 295.13990867137909 526.87797859311104 2395.8410737812519 649.01928302645683 1086.5894381850958 1411.3403330147266 376.61014813184738 27.420694515109062 92.923477157950401 162.02322801947594 117.31221552193165 196.64066787064075
leaf_count=7010 3519 968 2843 142 182 1370 162 1656 202 29103 4484 172 2712 141 7727 6773 6565 109 1201 2132 9714 2627 4378 5747 1541 112 380 653 473 794
internal_value=0 -0.000275763 0.00298212 -0.000270431 -0.0181694 0.00255473 0.00642736 0.00249796 0.0041357 -0.000519317 0.00195135 -0.00520552 -0.00075175 -0.00207722 -0.00192357 -0.00332383 0.000102669 -0.000165419 0.00247757 -0.000543096 -0.00202651 -0.00386819 -0.00536584 0.00197207 0.0032037 0.00753911 -0.0027067 -0.00710816 -0.00824972 -0.00318482
internal_weight=0 23502.4 1634.78 942.085 80.0702 2544.66 822.768 492.099 451.965 21867.6 1880.35 280.033 19987.3 6129.9 6094.86 3604.16 2490.71 13857.4 1732.6 12124.8 4937.66 2541.82 1892.8 1706.48 1600.32 496.954 120.344 1365.92 1203.9 867.404
internal_count=105592 95192 6686 3843 324 10400 3390 2020 1858 88506 7657 1140 80849 24712 24571 14500 10071 56137 7057 49080 19977 10263 7636 6948 6517 2033 492 5504 4851 3506
is_linear=0
shrinkage=0.03


Tree=28
num_leaves=31
num_cat=0
split_feature=5 13 12 5 12 16 7 4 10 6 5 10 16 10 7 6 15 7 11 7 2 2 11 16 5 6 7 10 15 16
split_gain=19.9862 16.7858 20.3155 34.3797 26.1563 15.8724 15.4531 22.7574 14.6829 28.12 13.9483 13.9589 18.4329 13.8839 22.7369 20.3409 16.5541 15.2424 14.4002 19.7136 14.2355 21.1428 21.0833 18.6526 16.5662 13.8246 13.0452 23.0134 12.986 12.8489
threshold=0.0098312138534587742 -0.0013822154568560172 23.41550284577125 0.039066347886889431 12.707993346821921 0.078236901166872222 0.27624856045277951 -40.967303520375033 -0.0079040467512829764 0.2020060134912042 0.024046265500162197 -0.0027923990551261264 -0.072464188210789413 0.008077022383021994 0.089224211660242456 0.8908271694353832 1.0000000180025095e-35 0.16425526920322428 1.0000000180025095e-35 0.065972911282025634 44.322175318297774 16.15182104999581 1.0000000180025095e-35 0.010060676221062994 0.016605172949367437 0.8093420826258777 0.051011782225830929 0.0030495110561316045 1.5818633034823895 -0.041391838328711898
decision_type=2 2 2 2 2 2 2 2 2 2 2 2 2 2 2 2 2 2 2 2 2 2 2 2 2 2 2 2 2 2
left_child=26 2 3 -2 -5 8 7 -7 -4 29 11 -3 -13 14 15 16 18 20 -14 -20 21 24 23 -22 -15 -19 27 -1 -11 -10
right_child=1 10 5 4 -6 6 -8 -9 9 28 -12 12 13 17 -16 -17 -18 25 19 -21 22 -23 -24 -25 -26 -27 -28 -29 -30 -31
leaf_value=0.026933339308110635 -0.0011568061635515274 -0.0027637214331976785 0.0011245661068086071 0.037570110619692426 0.0054712016230922004 -0.022976952872215833 0.0074309946762386638 -0.0025278478871801425 0.0036045825214486276 0.0033579316276431651 -0.0015574142153887305 0.020129536512365889 -0.015060037959711496 0.0048191091175133552 0.014624197007280517 0.0079866187761022146 0.0020527851076565973 0.017466877897702775 -0.00622443990159162 0.01681473842251955 0.013390773909273018 -0.0093580975493450305 0.012113495578517774 -0.016866176929018133 -0.0018118893157775802 0.0023249991856747493 0.02729726267050623 -0.011380309498979557 -0.0067690255225701856 0.01430024647299445
leaf_weight=24.309625446796417 5379.3363565653563 1076.3791528940201 2813.3986068218946 23.966895207762718 489.15656559169292 55.000704079866409 114.84959851205349 447.42658795416355 147.79194959998131 1789.7718722969294 8113.8319035619497 44.925689056515694 103.78298778831959 407.60982397198677 138.55275170505047 386.61276745796204 954.74938280880451 74.220347180962563 155.15237280726433 42.603529185056686 27.838351771235466 283.31313800811768 164.57102367281914 53.72738341987133 2017.0013390183449 201.85799439251423 38.095568999648094 33.627551227807999 121.71183906495571 319.87020044028759
leaf_count=106 21751 4350 11489 103 2012 221 466 1812 604 7313 32731 184 421 1666 563 1573 3871 300 628 174 114 1152 681 219 8157 815 170 140 496 1310
internal_value=0 -4.97847e-05 0.000792102 -0.000449072 0.00697047 0.00205093 -0.00249698 -0.00476641 0.00259157 0.00432635 -0.000741311 0.000338394 0.00099874 0.000827244 0.00295349 0.00196925 0.000117449 -0.0003454 -0.00601032 -0.001261 -0.000975405 -0.00160327 0.0059322 -0.00653949 -0.000697129 0.00639571 0.0136615 0.00469556 0.00271311 0.0109202
internal_weight=0 25949 11702.3 5892.46 513.123 5809.82 617.277 502.427 5192.54 2379.15 14246.7 6132.9 5056.52 5011.59 1781.45 1642.9 1256.29 3230.14 301.539 197.756 2954.06 2707.92 246.137 81.5657 2424.61 276.078 96.0327 57.9372 1911.48 467.662
internal_count=105592 105176 47577 23866 2115 23711 2499 2033 21212 9723 57599 24868 20518 20334 7230 6667 5094 13104 1223 802 11989 10975 1014 333 9823 1115 416 246 7809 1914
is_linear=0
shrinkage=0.03


Tree=29
num_leaves=31
num_cat=0
split_feature=5 9 14 11 16 5 16 16 15 7 1 5 15 3 7 4 14 2 2 14 2 4 14 16 2 2 11 5 7 14
split_gain=18.9009 16.3127 30.0926 29.4912 27.5047 35.6578 25.1534 22.9987 24.6333 20.4497 18.3645 18.268 29.5459 18.0715 17.0498 15.5243 14.5567 13.5117 16.991 20.1602 14.2504 22.7571 13.4867 18.947 22.3467 13.9349 14.2547 13.4853 18.4836 17.0268
threshold=0.0098312138534587742 -0.027301368760342112 -0.042169057278268356 1.0000000180025095e-35 -0.026801075437225427 0.022661868008965819 -0.066974924074869199 -0.058970407355235448 0.80058071893572003 0.15776419196807975 -0.37416064412894406 0.020037818476699359 0.30044306839012841 27.458412194997184 0.073293448608057046 58.920909416260962 -0.054732844627687398 0.66497942148469147 -1.0628875337803616 -0.083333333333333412 -0.15113598118397373 -54.249574185158316 -0.0043814289293816469 -0.020099401339866704 -2.135316742227805 71.813603713374874 1.0000000180025095e-35 0.033233891353506288 0.35223130104288419 0.070140908663568605
decision_type=2 2 2 2 2 2 2 2 2 2 2 2 2 2 2 2 2 2 2 2 2 2 2 2 2 2 2 2 2 2
left_child=-1 -2 3 4 5 -3 13 -5 10 14 16 22 -13 -4 -6 17 -9 18 19 -7 -20 -22 -8 24 -24 -25 -27 28 -14 -29
right_child=1 2 6 7 9 15 11 8 -10 -11 -12 12 27 -15 -16 -17 -18 -19 20 -21 21 -23 23 25 -26 26 -28 29 -30 -31
leaf_value=0.013317190214579442 0.0015739940180139124 -0.016256192368475281 -0.002696597461454829 -0.0022187255069645627 -0.0078289076841388805 0.027866316679802466 -0.0015575519779498647 -0.017412118226707234 -0.0042139214243833633 -0.0057251340646943503 -0.022412914270011387 0.0043101900300738074 -0.001705898850559341 0.009662988353675607 0.01632552650168716 -0.019619432670427723 -0.00010278085022969305 0.0079572113922935714 -0.015980709421528242 -0.00011754848204922381 0.021180465468965921 -0.0076343363612117569 -0.0031387284886598477 0.001047549512695706 0.012516035221837338 -0.003463782325090487 0.015846460363584627 0.0029355745477494069 0.023683312306451852 -0.0016534597055587919
leaf_weight=95.577299863100052 4591.5131495893002 147.07450164854527 145.48067124187946 510.55896238982677 30.865036651492119 31.158299684524536 1057.6881601959467 89.122315496206284 291.43367114663124 72.664208561182022 188.66252946853638 967.97028371691704 10077.794848561287 397.0595605969429 177.85400980710983 33.136151045560837 85.844601139426231 190.53018987178802 91.552606046199799 90.371751874685287 32.597030162811279 101.40761031210423 112.25937001407146 3026.9577907770872 305.12185695767403 49.20933423936367 114.36545237898827 1478.1273953616619 25.8728217035532 1433.2268501669168
leaf_count=416 18720 594 589 2059 125 126 4282 360 1175 294 760 3946 40698 1618 719 133 347 769 370 365 132 409 456 12318 1245 201 475 6000 104 5787
internal_value=0 -4.82596e-05 -0.000397043 -0.00375001 3.18476e-05 -0.00308442 -1.88146e-05 -0.00699196 -0.0107122 0.00798167 -0.0159204 -0.000204066 -0.000746438 0.0063488 0.0127536 0.00030974 -0.00891958 0.00153808 -0.00198564 0.00705705 -0.00685784 -0.00062505 0.00142144 0.00229476 0.00830551 0.00150844 0.0100372 -0.00112252 -0.00164088 0.000676445
internal_weight=0 25947.5 21356 2164.83 999.211 717.828 19191.1 1165.62 655.063 281.383 363.629 18648.6 13983 542.54 208.719 570.754 174.967 537.617 347.087 121.53 225.557 134.005 4665.6 3607.91 417.381 3190.53 163.575 13015 10103.7 2911.35
internal_count=105592 105176 86456 8737 4036 2898 77719 4701 2642 1138 1467 75512 56535 2207 844 2304 707 2171 1402 491 911 541 18977 14695 1701 12994 676 52589 40802 11787
is_linear=0
shrinkage=0.03


Tree=30
num_leaves=31
num_cat=0
split_feature=5 12 13 13 2 3 13 2 12 2 4 15 9 16 2 8 16 9 13 3 5 15 5 9 4 5 16 13 3 12
split_gain=17.9609 18.5354 20.0349 18.3254 24.5782 29.1951 28.7648 15.6055 14.1168 13.9993 15.8899 13.0253 12.7716 17.0385 13.5379 12.5963 14.6462 13.0403 16.05 12.5603 12.4667 12.2209 17.514 21.2546 15.5255 26.1366 14.9793 14.5187 13.9696 16.7753
threshold=0.017064725471080077 26.731285753220288 0.0022561788771797713 -0.057566508273636789 -3.2346576327061194 28.754988521012965 -0.086666069058172021 44.322175318297774 48.165512982403364 5.6688990381700624 34.730576344602817 1.7361700321815299 -0.0092047839680856596 0.00059615323908124307 -74.479753790535071 -0.048060411972136945 -0.032356619343559261 -0.1868817480900605 -0.11102140033167084 2.8053919040281463 0.09714550293250114 0.27602857977779033 0.018482601880137277 0.034144370456560942 88.329570199206103 0.066101771936755357 -0.0053342731411176727 0.0054530840617625928 73.475205408552725 28.596944997703748
decision_type=2 2 2 2 2 2 2 2 2 2 2 2 2 2 2 2 2 2 2 2 2 2 2 2 2 2 2 2 2 2
left_child=1 11 -3 4 5 15 -7 8 9 10 -4 12 13 14 -1 16 17 20 -19 -17 -2 22 23 -5 -23 26 27 -26 -24 -30
right_child=3 2 7 21 -6 6 -8 -9 -10 -11 -12 -13 -14 -15 -16 19 -18 18 -20 -21 -22 24 28 -25 25 -27 -28 -29 29 -31
leaf_value=0.010266635269056284 -0.026754619516527557 0.011827477548031796 -0.0099119256121428662 -0.0085520357536476004 0.0071018941414956278 -0.03801920134987672 -0.0017695791193421701 0.013652945884701414 -0.017046382629124886 -0.0064806536544085242 0.0097368826611234291 0.015443344794784828 0.0014511149304847883 0.0095453039697018134 -0.010889791507786302 0.023903746147871299 -0.010770565146324237 0.013046906842736032 -0.0016326911042095198 0.0036926236275252114 0.0022608110718048838 -0.00014850069611292103 0.0011574049408975835 0.014659244870735662 0.014137803571563272 -0.027771109439832423 -0.0023847632447167896 0.00067730075781300639 0.011299826063912442 -0.00023897581371574395
leaf_weight=30.811808571219444 27.07129380106926 329.61876174807549 45.9620481133461 238.35317505896091 691.49164681136608 35.118766933679581 44.877355322241783 88.756177440285683 40.478654518723488 125.16835723817348 190.85823588073254 51.793911412358284 1346.672161847353 57.884355708956718 233.6036512106657 29.970172837376595 126.54746970534325 104.93694563210011 185.58018508553505 361.08551679551601 26.249908864498138 13856.536700576544 1102.8170203268528 41.720436587929726 80.337056457996368 35.110530450940132 5311.0723808258772 704.95966169238091 320.64011682569981 175.43864530324936
leaf_count=125 109 1370 186 968 2843 142 182 371 165 514 784 211 5495 234 945 123 514 429 761 1477 106 56137 4484 172 326 141 21395 2850 1314 719
internal_value=0 0.0023965 0.00610586 -0.000258302 0.00280737 -0.000346986 -0.0176834 0.00226656 -0.000244481 0.00163436 0.00592344 0.000627052 0.000167252 -0.00519714 -0.00842448 0.00126292 -0.00204474 0.00116674 0.00366969 0.00524159 -0.0124704 -0.000487233 0.00182592 -0.00509443 -0.00070468 -0.00196159 -0.00181295 0.00205433 0.00303813 0.00721912
internal_weight=0 2541.61 820.842 23499.9 1632.93 941.438 79.9961 491.223 402.467 361.989 236.82 1720.77 1668.97 322.3 264.415 861.441 470.386 343.838 290.517 391.056 53.3212 21867 1878.97 280.074 19988 6131.48 6096.37 785.297 1598.9 496.079
internal_count=105592 10400 3390 95192 6686 3843 324 2020 1649 1484 970 7010 6799 1304 1070 3519 1919 1405 1190 1600 215 88506 7657 1140 80849 24712 24571 3176 6517 2033
is_linear=0
shrinkage=0.03


Tree=31
num_leaves=31
num_cat=0
split_feature=7 13 12 7 14 12 10 15 14 2 10 14 3 12 12 2 8 14 6 2 4 4 3 2 9 12 9 6 2 2
split_gain=17.1791 15.724 18.6091 22.7338 16.6343 18.5641 16.8765 26.672 18.8614 15.4647 15.3801 24.7875 19.1381 16.9544 14.4674 13.7668 13.9249 13.0579 18.1244 12.973 12.827 13.6026 11.6826 11.6498 10.8123 12.4778 14.7724 11.6281 10.7242 15.4568
threshold=0.030916404273755336 -0.0013822154568560172 23.41550284577125 0.14578198922824254 -0.037341610640819693 53.238332713707486 0.01511272364489147 0.61554286027521632 0.042177355963783587 -0.25613622290906152 0.0025397273682360448 0.0064437060446791436 19.312158161943266 39.458998794326696 14.34783178929994 1.085288627306177 0.047701760896590624 0.06609491645745981 0.64403617781722267 6.3443385269996009 137.26510136983043 69.083403853708276 87.789721527424561 51.453122316968354 -0.00556062639487681 28.596944997703748 -0.0016927210848071137 0.61831365931594229 -5.1651975243300532 -11.931123471019092
decision_type=2 2 2 2 2 2 2 2 2 2 2 2 2 2 2 2 2 2 2 2 2 2 2 2 2 2 2 2 2 2
left_child=-1 2 3 17 5 24 8 9 10 -8 11 12 -6 23 -5 -10 -17 18 28 -13 21 -9 -18 -12 -3 26 -26 -27 29 -2
right_child=1 4 -4 14 6 -7 7 20 15 -11 13 19 -14 -15 -16 16 22 -19 -20 -21 -22 -23 -24 -25 25 27 -28 -29 -30 -31
leaf_value=0.0086996623504354085 -0.00086667037727097579 -0.0022388094704626675 0.0019553599396150388 0.02537467778173054 -0.020863515653082147 0.015022297473601858 0.0090524032868515257 0.0023715385715918687 0.00011351061665406049 0.00048262357244864622 -0.002883741666086364 0.0038266641175435066 -0.00018649906394139815 0.016092872555309605 0.0039890922618428136 0.0060290501035850539 -0.023091041527278391 -0.0093248968532940648 0.0053229026785486357 0.01372808647065415 -0.0010313194501534314 -0.0054710473859449719 0.0007513557447750938 0.0086835054721204393 -0.014221959675369645 -0.0077290375585276228 -0.0013674852952581542 -0.024113125273624351 -0.00047932576724253714 -0.0077012794428158379
leaf_weight=202.73256526887417 705.5116965919733 1279.890052869916 5791.6312368959188 29.941710457205772 41.123760476708412 48.382348358631134 226.63864776492119 223.83118662238121 846.40338578820229 1157.0077016204596 2260.4383028000593 632.92772063612938 1980.3371618390083 45.073308140039444 579.30726298689842 1107.2561934441328 26.315973252058029 167.47337733209133 399.40761195123196 146.69588156044483 1639.4339803606272 1797.2967329472303 62.246069461107254 81.175536289811134 106.16350290179253 98.749520108103752 332.34411710500717 64.417109981179237 3444.1219334155321 515.33897934854031
leaf_count=832 2849 5161 23653 124 166 197 922 906 3431 4703 9161 2562 8013 185 2372 4504 106 677 1621 597 6589 7234 251 335 427 397 1337 259 13943 2078
internal_value=0 -6.74501e-05 0.000750353 -0.000444448 -0.000737204 -0.00332625 -0.000330113 -0.00166191 0.000599053 0.00188634 -0.00036234 0.00114546 -0.000607144 -0.00213194 0.00504009 0.00304124 0.00511349 -0.00108312 -0.000810576 0.00568974 -0.0030031 -0.00460251 -0.00633335 -0.00248275 -0.00379806 -0.00711492 -0.00447958 -0.0141974 -0.00133571 -0.00375166
internal_weight=0 25836.9 11632.7 5841.1 14204.1 1929.95 12274.2 5044.21 7229.99 1383.65 5187.77 2801.08 2021.46 2386.69 609.249 2042.22 1195.82 5231.85 5064.38 779.624 3660.56 2021.13 88.562 2341.61 1881.56 601.674 438.508 163.167 4664.97 1220.85
internal_count=105592 104760 47317 23664 57443 7778 49665 20354 29311 5625 21019 11338 8179 9681 2496 8292 4861 21168 20491 3159 14729 8140 357 9496 7581 2420 1764 656 18870 4927
is_linear=0
shrinkage=0.03


Tree=32
num_leaves=31
num_cat=0
split_feature=7 9 3 12 16 10 6 16 0 0 2 15 3 16 2 7 3 7 6 13 6 16 0 3 0 2 7 3 3 8
split_gain=16.1846 14.7998 13.7374 35.4892 17.6462 19.7444 18.8922 15.0755 18.7805 18.3216 14.0255 13.1636 18.4054 13.5514 23.424 32.0169 31.9821 20.0519 17.6087 17.5867 19.4087 17.5373 17.3681 16.1759 14.8228 14.3692 37.7942 15.0549 14.5868 13.9654
threshold=0.030916404273755336 -0.027301368760342112 21.433002564946275 26.275315232648193 -0.074030155478262125 -0.013645797138339908 0.43000176886440938 -0.006559347482954502 40.156908292612194 44.080730574253799 -121.77661137116952 1.5818633034823895 40.631628421171008 -0.061187202297100778 -4.6111320012285004 0.33106883424454087 30.900152077181229 0.088276470628549181 0.39174740325900215 -0.057566508273636789 0.17283965217377872 -0.0089475580344629529 23.064638778568419 2.8053919040281463 37.035191812110249 -0.79719500775032415 0.21661785140998172 34.854838530627852 12.094959999022331 -0.013722718239281116
decision_type=2 2 2 2 2 2 2 2 2 2 2 2 2 2 2 2 2 2 2 2 2 2 2 2 2 2 2 2 2 2
left_child=-1 11 3 7 5 6 -4 9 -9 -3 -6 13 -13 19 16 17 22 21 -19 20 -2 -16 -15 -24 -18 27 28 -21 -27 -25
right_child=1 2 4 -5 10 -7 -8 8 -10 -11 -12 12 -14 14 15 -17 24 18 -20 25 -22 -23 23 29 -26 26 -28 -29 -30 -31
leaf_value=0.0084494934019740935 0.0031005698654372055 -0.011535088772828992 0.0034902236458710704 0.004333281388519951 -0.017275275773438164 0.0074975770404411774 -0.012325717456743034 0.016636583878866532 -0.0031806616440894606 -0.0024061753700421701 -0.0003207244408128201 -0.0012245465106577966 -0.023543351999637637 -0.019056553466481826 -0.0065912104066424924 0.03031319811064654 -0.037991981776945745 0.0087956809132960639 -0.015698995967669445 0.0018113650109352936 0.022512265073288733 0.0094421089345545182 0.017463428066261135 0.00042523017348742605 -0.0086841166039429638 -0.021335172601623795 0.0069363451162487771 -0.014252175485847538 -0.0073401085880497432 0.018637369673956187
leaf_weight=202.47686870396137 464.86267854273319 496.29819433391094 191.24387077987194 450.86456280946732 44.016365304589272 541.43842396140099 105.45350842177868 47.660102561116219 443.895304068923 329.04992283880711 18596.695333778858 643.24629299342632 35.06694208085537 34.440244674682617 187.3810507953167 49.353994101285934 25.291945338249207 791.64314882457256 27.325181156396866 832.68525803089142 51.491462752223015 91.321396857500076 61.620804443955421 676.41614378988743 40.243842482566833 93.223319128155708 148.50940419733524 56.043732866644859 238.5286929756403 40.143145188689232
leaf_count=832 1913 1999 772 1843 179 2198 425 193 1794 1329 75308 2614 142 139 762 203 103 3236 112 3391 213 372 253 2759 163 380 606 227 969 163
internal_value=0 -6.54055e-05 -0.000399098 -0.0029313 -0.000169293 0.00408904 -0.00213115 -0.00541845 -0.00125923 -0.00789557 -0.000360759 0.00147961 -0.00237837 0.00214881 0.00385277 0.00667583 0.000165369 0.00561303 0.00797841 0.000318473 0.00503633 -0.00133763 0.00179123 0.0027139 -0.0199948 -0.001461 -0.00564203 0.000798389 -0.0112728 0.00144551
internal_weight=0 25835.5 21246.6 1767.77 19478.8 838.136 296.697 1316.9 491.555 825.348 18640.7 4588.84 678.313 3910.53 2025.18 1147.02 878.156 1097.67 818.968 1885.34 516.354 278.702 812.62 778.18 65.5358 1368.99 480.261 888.729 331.752 716.559
internal_count=105592 104760 86040 7158 78882 3395 1197 5315 1987 3328 75487 18720 2756 15964 8265 4685 3580 4482 3348 7699 2126 1134 3314 3175 266 5573 1955 3618 1349 2922
is_linear=0
shrinkage=0.03


Tree=33
num_leaves=31
num_cat=0
split_feature=5 16 13 2 10 13 2 3 8 3 4 3 16 11 2 2 1 14 11 16 5 1 16 16 15 14 10 2 4 13
split_gain=17.2179 14.8627 18.1528 13.6821 18.0305 13.3698 21.3398 23.0614 17.437 35.6749 13.928 26.8812 20.253 19.5882 13.2587 16.7925 13.0224 18.8905 24.9894 44.6535 32.4656 31.3467 23.2665 23.1826 20.3264 15.8518 18.9414 14.6034 14.3252 14.2823
threshold=0.0098312138534587742 0.10268303692544191 0.08658588965128379 27.537700266853395 0.052829795995029578 -0.057566508273636789 -3.2346576327061194 36.685758445572908 -0.048060411972136945 23.165993481921536 -167.24065987444843 7.4703746177370158 -0.016853228546860773 1.0000000180025095e-35 27.537700266853395 13.401936174820607 -1.1911216326501917 -0.042169057278268356 1.0000000180025095e-35 -0.030910769060986217 0.022821589654544405 -0.8634789384354985 -0.069559465251880878 -0.072464188210789413 1.0000000180025095e-35 -0.069847738235219822 -0.017164964122049538 -0.72771455058753676 -68.207356705717942 0.012591778220994112
decision_type=2 2 2 2 2 2 2 2 2 2 2 2 2 2 2 2 2 2 2 2 2 2 2 2 2 2 2 2 2 2
left_child=-1 5 3 4 -3 6 7 8 9 10 12 -12 13 -2 15 16 -7 18 19 20 27 -20 -23 -19 -24 26 -26 -18 -27 -28
right_child=1 2 -4 -5 -6 14 -8 -9 -10 -11 11 -13 -14 -15 -16 -17 17 23 21 -21 -22 22 24 -25 25 28 29 -29 -30 -31
leaf_value=0.012750069642513085 -0.011405389321187337 -0.0042368519218715225 0.0034919359877182304 -0.016070718397121802 0.0058042584251879461 0.0042519908323189462 0.0069183145183593009 -0.028165117179227924 0.005134244931604282 -0.031842053550560072 0.017389438745540189 -0.0063118086006112052 -0.025004751100618772 0.006272511601234809 0.0034163649087756592 -0.0043753758013935842 -0.0053566304739475412 0.0070856849066547184 0.0027749326423011935 0.0084175779542640054 -0.00035738061682673164 -0.0013312416340124685 -0.021718395025726214 0.00012598149391658569 -0.0055063088134296497 -0.00099888653731530753 -0.016813675365077357 -0.021528543872959653 -0.009839315957091305 -0.041660396015581962
leaf_weight=94.987623274326324 103.20824955403805 1501.0244258195162 381.45309044420719 77.2718685567379 180.27926836907864 626.17946085333824 666.4244971871376 25.670882627367973 419.32694044709206 36.29587884247303 87.72574220597744 84.600442230701447 39.535964235663414 124.41885089874268 966.22892506420612 824.12520711123943 101.59062100946903 443.1405485868454 440.63026690483093 476.97718739509583 1236.1212424635887 559.46151101589203 100.8446070253849 15402.417382150888 132.61241255700588 360.47887773811817 114.71085050702095 99.45004303753376 304.16019466519356 25.438366040587425
leaf_count=416 421 6052 1533 313 726 2566 2747 104 1717 147 361 345 160 508 3952 3341 411 1804 1792 1936 5012 2259 407 62378 536 1457 464 401 1224 102
internal_value=0 -4.58643e-05 -0.00244064 -0.00372747 -0.00316019 0.000169451 0.00282945 -0.000129901 0.00067412 -0.00325675 -0.000895992 0.00575374 -0.00518522 -0.00174281 -2.06032e-05 -0.000176893 -7.4825e-06 -0.000142203 -0.00199766 0.000463931 -0.00217579 -0.00430927 -0.00626301 0.000320618 -0.00892051 -0.00754373 -0.0136335 -0.0133565 -0.00504455 -0.0213236
internal_weight=0 25941.8 2140.03 1758.58 1681.3 23801.8 1587.21 920.783 895.112 475.785 439.489 172.326 267.163 227.627 22214.6 21248.3 20424.2 19798 3952.48 1914.14 1437.16 2038.34 1597.71 15845.6 1038.25 937.401 272.762 201.041 664.639 140.149
internal_count=105592 105176 8624 7091 6778 96552 6510 3763 3659 1942 1795 706 1089 929 90042 86090 82749 80183 16001 7760 5824 8241 6449 64182 4190 3783 1102 812 2681 566
is_linear=0
shrinkage=0.03


Tree=34
num_leaves=31
num_cat=0
split_feature=5 16 7 6 14 2 10 12 10 12 7 7 10 12 5 13 2 8 16 10 7 5 15 7 10 16 12 13 6 10
split_gain=16.2613 13.9814 19.5844 32.4223 31.8197 14.8555 13.2733 14.4116 13.679 12.959 13.5079 12.7369 21.8432 12.4551 16.8293 13.6899 21.2954 17.153 23.8799 21.0042 33.5857 15.7925 15.4379 18.8905 27.4706 23.0167 18.7832 13.7748 15.3614 17.5052
threshold=0.0098312138534587742 0.10268303692544191 0.21060107798862074 0.36352055791251031 0.081288416563187318 27.537700266853395 0.019925997231808105 26.845473551271287 0.052829795995029578 9.2826813465423452 0.065008867648746374 0.051011782225830929 0.0030495110561316045 11.609336312572301 0.037670014106385506 -0.057566508273636789 -3.2346576327061194 -0.048060411972136945 -0.032356619343559261 -0.017164964122049538 0.35223130104288419 0.017064725471080077 0.3193690372385799 0.075591397434644506 -0.0072173431225417408 -0.052882671716771516 31.821377365824016 -0.020033395615350055 0.8908271694353832 0.0065277919990096587
decision_type=2 2 2 2 2 2 2 2 2 2 2 2 2 2 2 2 2 2 2 2 2 2 2 2 2 2 2 2 2 2
left_child=11 9 3 -3 -4 6 -6 -8 -9 10 -2 12 -1 14 -11 16 17 18 -15 20 -20 22 23 24 -17 -26 27 -27 -29 -30
right_child=1 2 4 -5 5 -7 7 8 -10 13 -12 -13 -14 15 -16 21 -18 -19 19 -21 -22 -23 -24 -25 25 26 -28 28 29 -31
leaf_value=0.025482699725354309 -0.017994472404755078 -0.0362203804204995 0.023267364133614139 -0.0042151399694091542 -0.020511232157379551 -0.015023461444323153 0.010259014666976304 -0.0036434592758364508 0.0050040647274433398 0.0034350767471478891 0.0053806389797511423 0.026046367296984892 -0.012099273516386816 -4.2727961512205514e-06 0.028856115839243128 0.013440491616514444 0.0069083340486654782 0.0041856898940797506 -0.037978882556308519 0.00037165004781808045 0.0032437105796106992 -0.00038350334731247814 0.0050203288486532103 0.0051466838352627947 -0.028642623350672924 0.0069724716116801025 0.011385986738174966 -0.0083927478207889584 0.020491667831609574 -0.0044983029405850994
leaf_weight=23.826942831277847 69.384013384580612 29.229189783334732 53.330724537372589 1121.5619576275349 26.417908072471619 59.800242364406586 130.37627513706684 464.86955344676971 254.90658561885357 579.57865078747272 32.752463296055794 37.342474415898323 33.471316620707512 356.35324896872044 24.425904273986816 88.66555543243885 659.64724114537239 433.35938291251659 54.218705624341965 49.476863831281662 26.473263159394264 19162.742299318314 1011.0619720518589 446.85146754980087 33.120576843619347 81.563308075070381 72.919793218374252 503.73489610850811 37.813816145062447 75.794341847300529
leaf_count=106 279 118 216 4518 107 241 525 1873 1026 2345 132 170 140 1457 103 361 2722 1775 220 202 107 77603 4132 1842 134 330 302 2040 155 311
internal_value=0 -4.4463e-05 -0.00236687 -0.00502805 0.000727455 -0.0005563 0.00043066 0.00108142 -0.000580964 0.000164407 -0.0104987 0.0124136 0.00352884 0.000210365 0.0044631 9.91368e-05 0.00279485 -0.000154934 -0.00402125 -0.0150182 -0.0244547 -9.87762e-05 0.00222149 0.000110421 -0.00240797 -0.00415369 -0.00310282 -0.00461449 -0.00614536 0.00381946
internal_weight=0 25940.4 2140.49 1150.79 989.701 936.371 876.57 850.152 719.776 23799.9 102.136 94.6407 57.2983 23697.8 604.005 23093.8 1579.53 919.881 486.522 130.169 80.692 21514.3 2351.53 1340.46 893.612 804.947 771.826 698.906 617.343 113.608
internal_count=105592 105176 8624 4636 3988 3772 3531 3424 2899 96552 411 416 246 96141 2448 93693 6483 3761 1986 529 327 87210 9607 5475 3633 3272 3138 2836 2506 466
is_linear=0
shrinkage=0.03


Tree=35
num_leaves=31
num_cat=0
split_feature=7 13 12 7 14 12 10 2 14 10 14 12 3 2 8 4 7 13 12 0 14 14 6 11 2 12 2 0 2 14
split_gain=14.9361 13.9846 17.1666 21.1418 15.2769 17.1464 15.2922 19.9715 17.8414 14.4708 23.7313 15.8778 15.6275 12.9264 13.013 12.7869 12.402 13.3978 12.3086 12.7399 12.0941 11.3119 16.088 12.3232 12.0238 12.3279 11.9832 13.8863 11.4826 11.4803
threshold=0.030916404273755336 -0.0013822154568560172 23.41550284577125 0.16157752613709211 -0.037341610640819693 53.238332713707486 0.01511272364489147 -1.5703311381557596 0.042177355963783587 0.0025397273682360448 0.017902954874760572 39.458998794326696 19.312158161943266 1.085288627306177 0.047701760896590624 58.920909416260962 0.26953714626344177 -0.043744017621704427 61.090835001507834 75.424156069254977 0.03899653551539773 0.06609491645745981 0.80270485143456616 1.0000000180025095e-35 -5.1651975243300532 9.2826813465423452 -11.931123471019092 48.701161864500172 1.9691016053559511 -0.074507148217635363
decision_type=2 2 2 2 2 2 2 2 2 2 2 2 2 2 2 2 2 2 2 2 2 2 2 2 2 2 2 2 2 2
left_child=-1 2 3 21 5 -3 8 20 9 10 12 -11 -6 -10 -15 16 17 -5 19 -9 -8 22 24 28 26 -26 29 -28 -23 -2
right_child=1 4 -4 15 6 -7 7 18 13 11 -12 -13 -14 14 -16 -17 -18 -19 -20 -21 -22 23 -24 -25 25 -27 27 -29 -30 -31
leaf_value=0.0081269445301651033 -0.012381094403163007 -0.0036278554091269039 0.0018667102985483286 0.00029213164131338911 -0.017321915821740818 0.014484448754709814 -0.010214024071746125 -0.0025434964211712595 0.00011994332726443716 -0.0024095718117295344 0.0077907288015886629 0.015592981257372403 0.00030724570844077034 0.0058517988198965856 -0.0060962274917218413 -0.009258723348558066 0.02871200868087732 0.012769943712500035 -0.019339369418122313 0.0019305089122017621 0.008221515955107641 -0.0072864889185473049 0.018822278511974894 -0.015076961118341062 -0.01661748959138367 0.00019827379913245834 -0.009016971652492968 0.0032607881287720279 0.015076508286259753 0.00039280599368330722
leaf_weight=201.99008105695248 69.985134392976761 1882.0591250360012 5787.493921816349 149.78746502101421 46.145452365279198 48.245890721678734 36.497487291693687 4042.8732717335224 846.38277432322502 2342.01585739851 408.53911657631397 44.93854483962059 2345.7911613881588 1106.2582972794771 88.611695736646652 41.56820173561573 24.991789072751999 160.35780291259289 36.7488002628088 667.37210859358311 261.4181507229805 64.51347279548645 37.921549677848816 103.88517205417156 39.635042369365692 3909.8139013797045 439.90825363993645 102.16052979230881 30.402789235115051 665.00960193574429
leaf_count=832 284 7581 23653 621 186 197 148 16298 3431 9496 1658 185 9494 4504 357 169 104 658 148 2696 1064 261 154 419 159 15842 1773 412 123 2685
internal_value=0 -6.27121e-05 0.000708786 -0.000438739 -0.000694267 -0.00317516 -0.00030409 -0.00157166 0.000580551 -0.000354377 0.00110846 -0.00207064 -3.28576e-05 0.00295648 0.00496573 0.00643531 0.00838189 0.00674367 -0.00204453 -0.0019096 0.00596299 -0.000912723 -0.000647447 -0.00793748 -0.000788711 2.95177e-05 -0.00331917 -0.00670305 -0.000123359 -0.000823506
internal_weight=0 25831.3 11627.4 5839.94 14203.9 1930.31 12273.6 5044.91 7228.68 5187.43 2800.48 2386.95 2391.94 2041.25 1194.87 376.705 335.137 310.145 4746.99 4710.25 297.916 5463.24 5264.43 198.801 5226.51 3949.45 1277.06 542.069 94.9163 734.995
internal_count=105592 104760 47317 23664 57443 7778 49665 20354 29311 21019 11338 9681 9680 8292 4861 1552 1383 1279 19142 18994 1212 22112 21309 803 21155 16001 5154 2185 384 2969
is_linear=0
shrinkage=0.03


Tree=36
num_leaves=31
num_cat=0
split_feature=5 7 10 7 8 15 1 3 1 4 13 3 5 15 14 13 5 13 1 15 15 5 14 4 6 7 12 10 7 15
split_gain=15.3813 15.1525 21.0013 14.4825 12.6536 26.7925 16.8968 21.7954 14.4844 14.1947 14.0608 13.0876 12.1918 18.9374 14.5365 12.0239 11.869 14.346 15.6374 14.9377 17.8598 13.619 29.2453 16.9004 13.8193 14.3203 12.8411 12.7354 15.9901 12.6225
threshold=0.010784675161996812 0.051011782225830929 0.0038928946251796108 0.030916404273755336 -0.030038154247511214 1.5149558885218333 -1.4684014362291353 16.299112299349826 -1.3267921100101492 -151.85811285841956 -0.11102140033167084 4.5213563022266561 0.020129949430268364 0.27602857977779033 -0.0043814289293816469 -0.10007412613255033 0.032180436535557043 0.040368847104756085 1.5793338655824221 1.4156513904453594 0.5266383658219238 0.027777830566163765 0.042177355963783587 75.680178399815574 1.0000000180025095e-35 0.052796157978538906 44.366904421353958 0.013854413865847516 0.069189812466225187 0.65495660300971981
decision_type=2 2 2 2 2 2 2 2 2 2 2 2 2 2 2 2 2 2 2 2 2 2 2 2 2 2 2 2 2 2
left_child=1 2 3 -1 5 6 7 9 -6 11 -9 -2 14 -14 -10 -11 21 19 -19 20 -18 23 24 -15 -23 -26 -20 28 -25 -24
right_child=4 -3 -4 -5 8 -7 -8 10 12 15 -12 -13 13 16 -16 -17 17 18 26 -21 -22 22 29 27 25 -27 -28 -29 -30 -31
leaf_value=0.027334672285897574 0.0055088092577096825 0.018239049302870833 -0.011928133527607562 -0.0026756043016713839 0.0084260823292673231 -0.0035461104889825505 0.0057773793901801356 -0.035737813174301969 -0.0014195343192958676 0.02679910893885315 -0.0050992356324686405 -0.011391934015383687 0.0028506160090847185 0.00028917861851623342 0.0020109742135819213 0.0042933269682774843 -0.0026983845297350669 -0.0034271717267580905 0.012633738965476914 -0.0040989009305317913 0.0029967403393657997 0.011945118313223741 0.0048894237301304834 -0.0042975003030858222 0.0088147640666014059 -0.0058177363173219521 -0.0052958862674826078 -0.0040542025950712005 0.0026164609787884892 -0.0013683402881269186
leaf_weight=32.201181292533875 71.675732061266899 81.716224789619446 55.398703753948212 26.287073031067848 171.44543044269085 552.17475867271423 1235.9895757883787 24.902661502361298 1606.6383982151747 27.009118422865868 29.391730338335037 97.104605630040169 1265.6086330711842 5053.7326738089323 3608.6558278203011 102.23709751665592 609.55244660377502 1258.2730012685061 105.56471399962902 416.91351844370365 2650.4728603512049 42.054285079240799 399.76224952936172 503.01404283940792 61.907187163829803 2176.0691975206137 54.515430897474289 1904.1457686126232 749.80009758472443 1057.5417896062136
leaf_count=139 294 355 229 109 705 2247 5099 101 6508 111 120 397 5160 20453 14710 422 2475 5065 424 1689 10771 170 1616 2035 251 8767 219 7658 3031 4262
internal_value=0 0.00838176 0.00130895 0.0138468 -6.26198e-05 0.00214636 0.00412535 -0.0016702 -0.000262163 0.00151462 -0.0191519 -0.00421472 -0.000325483 -0.000689989 0.000954162 0.00899645 -0.000952909 0.000259404 -0.00230362 0.00124807 0.00193188 -0.00146991 -0.00297116 -0.000786565 -0.00509281 -0.00541297 0.00652779 -0.00250864 -0.000159545 0.000348266
internal_weight=0 195.603 113.887 58.4883 25836.2 2140.49 1588.31 352.321 23695.7 298.027 54.2944 168.78 23524.2 18308.9 5215.29 129.246 17043.3 5095.29 1418.35 3676.94 3260.03 11948 3737.33 8210.69 2280.03 2237.98 160.08 3156.96 1252.81 1457.3
internal_count=105592 832 477 248 104760 8791 6544 1445 95969 1224 221 691 95264 74046 21218 533 68886 20643 5708 14935 13246 48243 15066 33177 9188 9018 643 12724 5066 5878
is_linear=0
shrinkage=0.03


Tree=37
num_leaves=31
num_cat=0
split_feature=7 16 7 4 14 2 12 7 12 13 2 3 8 3 14 16 2 14 9 15 1 3 3 14 9 2 4 3 16 11
split_gain=13.6264 12.647 18.1674 35.9499 30.0179 13.9756 12.7629 14.2622 11.9436 12.4898 19.6819 21.3599 15.0265 32.5246 14.3499 28.394 25.2712 23.684 17.3818 16.9265 14.6577 13.6863 13.6333 13.241 12.7631 14.0038 12.4571 25.0043 18.0592 18.3653
threshold=0.030916404273755336 0.10268303692544191 0.21060107798862074 -38.124569342882502 0.081288416563187318 27.537700266853395 9.2826813465423452 0.065008867648746374 11.609336312572301 -0.057566508273636789 -3.2346576327061194 36.685758445572908 -0.048060411972136945 23.165993481921536 0.033563440171866861 0.0065460207300703241 -0.6676583368599448 0.091853494442067599 -0.014319757304853574 0.68943038728151829 -1.1911216326501917 97.329305243557357 82.841007677312248 0.13546395590963936 -0.077410716550280131 0.17631181445214275 -167.24065987444843 7.4703746177370158 -0.016853228546860773 1.0000000180025095e-35
decision_type=2 2 2 2 2 2 2 2 2 2 2 2 2 2 2 2 2 2 2 2 2 2 2 2 2 2 2 2 2 2
left_child=-1 6 3 -3 -4 -6 7 -2 -8 10 11 12 13 26 20 17 23 21 -18 -20 -11 -16 -19 -17 25 -22 28 -28 29 -10
right_child=1 2 4 -5 5 -7 8 -9 9 14 -12 -13 -14 -15 15 16 18 22 19 -21 24 -23 -24 -25 -26 -27 27 -29 -30 -31
leaf_value=0.0077715264605813239 -0.018852096050358286 -0.035946684291390724 0.02263269527498259 -0.0039270885361019697 0.00042513376417992025 -0.014556980984131482 0.0044198146001100027 0.0054410387083659402 -0.01094831892376863 0.0037612369765280119 0.0066125454729868563 -0.027183872067552479 0.0047408251704067492 -0.03038218399888382 0.0052656651555664097 0.0034304236174653459 -0.024091255382240256 -0.0018641305629111338 0.0015130237956286487 -0.0020101542620758607 0.0015463791105981472 0.024275646422206643 -0.028483158836885757 0.02015871395340095 -0.00098826413143363154 0.02850637881956844 0.016750687938960902 -0.0061301240078083319 -0.023558980777107084 0.0061638628304335639
leaf_weight=201.52568928897381 64.750402674078941 32.473953083157539 53.204092189669609 1118.7268699109554 876.50906431674957 59.863165512681007 584.41557659208775 32.751666203141212 103.37348614633083 632.11236748099327 658.37337939441204 25.632751494646072 418.05405429005623 36.215424597263336 1261.3297451585531 1126.9464166909456 28.705648466944695 47.356262385845184 1969.2351761460304 3257.2701053768396 47.169213190674782 35.031942844390869 27.29864476621151 44.257920742034912 12923.690286159515 27.41983488202095 87.379671335220337 84.604074969887733 39.581921577453613 124.33945634961128
leaf_count=832 260 131 216 4505 3531 241 2370 132 421 2594 2722 104 1715 147 5142 4586 117 193 8014 13147 194 145 111 180 52355 113 361 345 160 508
internal_value=0 -5.97966e-05 -0.00226801 -0.00483032 0.000712789 -0.000532687 0.000139775 -0.0106919 0.000184544 7.69538e-05 0.00265317 -0.00018278 0.000591786 -0.00305605 -0.000112712 0.00091373 7.75573e-05 0.00483315 -0.000810561 -0.000682696 -0.0006999 0.00577938 -0.0115978 0.00406256 -0.000916847 0.0114572 -0.000803199 0.00549492 -0.00485555 -0.00160445
internal_weight=0 25828.1 2140.78 1151.2 989.576 936.372 23687.3 97.5021 23589.8 23005.4 1577.55 919.181 893.548 475.494 21427.8 7797.43 6426.42 1371.02 5255.21 5226.51 13630.4 1296.36 74.6549 1171.2 12998.3 74.589 439.279 171.984 267.295 227.713
internal_count=105592 104760 8624 4636 3988 3772 96136 392 95744 93374 6483 3761 3657 1942 86891 31635 26044 5591 21278 21161 55256 5287 304 4766 52662 307 1795 706 1089 929
is_linear=0
shrinkage=0.03


Tree=38
num_leaves=31
num_cat=0
split_feature=7 13 12 7 14 16 4 11 16 16 9 12 2 14 10 2 10 6 2 12 12 16 16 2 4 7 7 10 11 1
split_gain=12.8374 12.2306 15.8646 23.5464 14.2752 19.8514 16.0734 17.9086 25.6632 16.3981 17.6448 15.6538 15.4717 14.6199 23.2484 20.7084 20.5788 18.0339 16.1757 16.8599 15.0056 22.3793 20.6926 14.6179 16.3439 15.8607 13.8859 13.8447 15.8532 22.7014
threshold=0.030916404273755336 -0.0013822154568560172 25.941858895551821 0.26953714626344177 -0.042169057278268356 -0.026154294932699048 49.348110323543786 1.0000000180025095e-35 -0.015602704932177245 -0.058970407355235448 -0.02229039147988426 32.36601748427659 -4.7811557529579378 0.016481461360800313 0.0025397273682360448 -0.79719500775032415 0.010774653499229682 0.9829421248703194 2.1837292797121823 46.712161237802171 26.159837653538013 0.12684946620132079 0.023679287065893066 -0.11205717738757762 -21.321714691917176 0.1334490422820114 0.072369417388997923 0.01910451889881715 1.0000000180025095e-35 0.65095238284877455
decision_type=2 2 2 2 2 2 2 2 2 2 2 2 2 2 2 2 2 2 2 2 2 2 2 2 2 2 2 2 2 2
left_child=-1 2 3 -2 6 -6 7 8 -3 -9 -11 -8 -12 16 -15 20 17 -7 19 -17 26 22 -22 25 -25 -10 -16 28 29 -20
right_child=1 4 -4 -5 5 13 11 9 23 10 12 -13 -14 14 15 18 -18 -19 27 -21 21 -23 -24 24 -26 -27 -28 -29 -30 -31
leaf_value=0.00754790306003582 -0.000384655988051196 -0.0019108134374277298 0.0020291736694129877 0.020106419314668309 0.0027609714804157312 -0.0026813890764727667 -0.0050333079390719494 -0.0013165952037173727 0.018212485487221788 0.0012382542722421236 -0.029060290186615677 -0.029576977106193707 -0.010687996691975303 0.005628619160188985 -0.0086094415821529654 -0.0021566206017398235 -0.014767569297630142 0.01344570369944193 0.0048329031800233386 -0.01118962803242546 -5.109682470802364e-05 -0.014960363341293267 0.012798281226493258 0.035480723081185252 0.0082756231353723689 -0.010918628947777224 0.0045528299769163928 -0.0015084450837658822 0.0044348830374386196 -0.0057247838414750769
leaf_weight=201.27530215680599 6955.3299094438553 729.39835788309574 4616.4086997061968 50.839468419551849 1658.9320187270641 2118.4562765806913 57.084266185760498 362.69391193985939 29.467001169919968 92.593013808131218 49.568597838282585 39.619890049099922 245.8998290002346 576.3100995272398 136.69180059432983 3009.0669737905264 124.05195170640945 64.299307554960251 317.66803176701069 198.21637043356895 169.77100472152233 39.499218046665192 336.10142271220684 35.925919473171234 44.483134984970093 39.195215284824371 152.7435809969902 2079.7245561182499 1063.037562802434 433.3375708013773
leaf_count=832 28218 2942 18888 211 6727 8565 229 1459 119 373 199 159 987 2339 553 12144 500 261 1289 799 693 160 1367 146 180 159 619 8383 4336 1756
internal_value=0 -5.79805e-05 0.000663733 -0.000235965 -0.000648537 -0.000294825 -0.00320576 -0.00250042 0.000407263 -0.00590275 -0.0101891 -0.0150889 -0.0137702 -0.000763387 -0.000189289 -0.000611792 -0.00288182 -0.00220632 -0.00113724 -0.00271488 0.00385778 0.00678789 0.00848602 0.0117495 0.0204306 0.00158325 -0.00166332 0.000162257 0.00207765 -0.00125899
internal_weight=0 25826.4 11622.6 7006.17 14203.8 12477.9 1725.93 1629.22 878.47 750.755 388.061 96.7042 295.468 10819 8512.17 7935.86 2306.81 2182.76 7101.05 3207.28 834.807 545.372 505.872 149.071 80.4091 68.6622 289.435 3893.77 1814.04 751.006
internal_count=105592 104760 47317 28429 57443 50491 6952 6564 3546 3018 1559 388 1186 43764 34438 32099 9326 8826 28707 12943 3392 2220 2060 604 326 278 1172 15764 7381 3045
is_linear=0
shrinkage=0.03


Tree=39
num_leaves=31
num_cat=0
split_feature=5 7 10 13 12 5 0 3 0 14 5 6 10 2 4 3 2 9 5 7 12 2 11 10 12 10 5 10 12 3
split_gain=14.1966 11.8476 19.6257 10.8273 15.181 28.5069 15.0456 14.4498 15.2687 13.8112 15.88 17.8739 14.2018 16.8789 13.7497 13.4743 12.8995 12.3856 12.3372 13.3987 11.9862 11.4184 11.9557 11.4046 11.3734 11.6968 12.3222 22.1266 13.2913 12.7883
threshold=0.0098312138534587742 0.051011782225830929 0.0030495110561316045 -0.0013822154568560172 23.41550284577125 0.03281246787802479 31.649484230875043 24.446528759624815 40.563193350526845 -0.042169057278268356 0.058275487565706795 0.6398282244898249 0.01511272364489147 -1.5703311381557596 -77.843459720891232 19.312158161943266 -0.47010300202321526 -0.0095450746118438384 0.016137179645221864 0.044042872890072748 31.645824378014087 -15.308099393769195 1.0000000180025095e-35 -0.025302400104700803 61.090835001507834 0.052829795995029578 0.022137328212544442 0.03136036915696739 38.208013101753949 89.826799935535703
decision_type=2 2 2 2 2 2 2 2 2 2 2 2 2 2 2 2 2 2 2 2 2 2 2 2 2 2 2 2 2 2
left_child=1 2 -1 4 5 6 -2 8 -8 10 -5 16 15 -14 -9 -11 -12 -10 -6 20 -20 22 -16 -17 25 26 27 -15 -28 -29
right_child=3 -3 -4 9 18 -7 7 14 17 12 11 -13 13 24 21 23 -18 -19 19 -21 -22 -23 -24 -25 -26 -27 28 29 -30 -31
leaf_value=0.024219498519074283 0.0094179949254209749 0.02496812769096227 -0.01159320979745331 -0.0039799011456025249 0.0080289753500245552 0.0035216381636296672 -0.00089781521663766283 0.0044099932789889197 -0.0078132496843675379 -0.012086254512229134 -0.0032140726766809167 -0.016010293030710616 0.0054611386369955283 -0.00099110083598338231 0.0052408880665252497 -0.017738420300432597 0.018118376389223267 0.00060726732858020025 -0.0014362056584911109 0.0016181428760988811 -0.023274880631940154 -0.00082631888813602722 -0.016740263673100136 0.00078270308879257739 -0.018525578800865541 0.0045271017854357724 -0.0022441260617494007 0.022984090234299766 -0.0073478471269060848 0.0040692659696319545
leaf_weight=23.352377563714981 110.12409451603889 36.651666879653931 33.568820014595985 1582.7956109642982 266.58993422985077 1281.0036858171225 896.82252839207649 453.49311302602291 843.43449710309505 74.83637760579586 37.273156553506851 26.182001873850822 296.65355837345123 1136.5122850239277 30.734150215983391 30.043618872761726 80.846068069338799 193.22661267220974 59.984530195593834 5433.9531449377537 36.310860827565193 1999.9031966179609 80.862627476453781 7376.7505019307137 36.812483608722687 250.14024107158184 2628.5735323429108 55.269553288817406 556.45467089116573 76.971373721957207
leaf_count=106 452 170 140 6369 1109 5251 3624 1830 3395 302 152 105 1209 4611 124 121 330 779 243 22212 147 8085 326 29905 148 1006 10569 224 2237 311
internal_value=0 0.0116651 0.00309924 -4.12496e-05 0.000635557 -0.000437155 -0.00153754 -0.00180573 -0.00376409 -0.000596451 -0.00311132 0.00641588 -0.000249505 -0.00148092 -0.000329531 0.000579605 0.0113868 -0.00624372 0.00172544 0.00142157 -0.00967109 -0.00134745 -0.0106866 0.000707577 -0.00191532 -0.00178533 -0.00213986 0.000360306 -0.00313579 0.0119746
internal_weight=0 93.5729 56.9212 25932.6 11686.4 5889.6 4608.6 4498.48 1933.48 14246.1 1727.1 144.301 12519 5037.39 2564.99 7481.63 118.119 1036.66 5796.84 5530.25 96.2954 2111.5 111.597 7406.79 4740.73 4703.92 4453.78 1268.75 3185.03 132.241
internal_count=105592 416 246 105176 47577 23866 18615 18163 7798 57599 6956 587 50643 20315 10365 30328 482 4174 23711 22602 390 8535 450 30026 19106 18958 17952 5146 12806 535
is_linear=0
shrinkage=0.03


Tree=40
num_leaves=31
num_cat=0
split_feature=5 2 0 2 5 5 14 8 15 5 10 4 14 12 4 2 10 10 14 6 2 12 14 1 12 15 13 13 9 10
split_gain=13.4288 10.8494 12.1063 11.9655 11.0215 29.6823 26.1445 18.509 16.9157 16.7579 15.6324 36.9707 15.0377 13.4811 14.4 15.0115 13.1973 12.9527 18.1787 18.4108 12.8154 12.4098 12.3808 12.0043 11.7335 13.6364 11.4787 11.36 11.1541 10.9235
threshold=0.0098312138534587742 -121.77661137116952 37.771657325141639 -36.004403656232903 0.032180436535557043 0.027777830566163765 0.042177355963783587 0.0048854652833709719 1.499430416534145 0.072563425894475272 -0.011629712197242291 52.917287786611801 -0.1457172957551163 11.830443421689354 -96.726577850072701 3.4879382093222837 0.021945944649316432 -0.041623980918846885 -0.12401602828650231 -0.031386819206365935 11.237079838117301 51.895733032666335 0.27381396351393888 0.026084860353952879 9.2826813465423452 0.86336166636625966 -0.057566508273636789 0.053922802136336719 0.011419132169944281 0.013854413865847516
decision_type=2 2 2 2 2 2 2 2 2 2 2 2 2 2 2 2 2 2 2 2 2 2 2 2 2 2 2 2 2 2
left_child=-1 2 -2 -3 5 24 12 8 9 17 11 -9 -7 28 -15 -16 -8 18 19 -6 -13 26 -18 -12 25 -5 -19 -17 -14 -26
right_child=1 3 -4 4 7 6 16 10 -10 -11 23 20 13 14 15 27 22 21 -20 -21 -22 -23 -24 -25 29 -27 -28 -29 -30 -31
leaf_value=0.011373413589839029 0.00047047415821639053 0.003858975162462253 -0.014160102232527373 -0.021704307148779838 -0.0222523116096803 -0.021782795590208102 0.0031969058113868625 -0.0020489313177371451 -0.0027116845340098713 0.012334067550211526 0.010335462712894851 -0.016143674743202288 0.00095027424972255186 -0.00094141547400633768 -0.007129020391346573 0.003044913849493795 -0.0031408798930462438 0.0068956423256527101 -0.023943941455483807 0.0023041005535298048 -0.041687531940957874 0.022820717738672686 0.018105833263047415 -0.00038967695882464006 0.00077394808734329134 0.0033937871002718695 0.0020725274740040502 -0.012697860797557662 0.023760147980742746 -0.001078947324429546
leaf_weight=93.112034261226654 100.53101375699043 708.58486887812614 103.10699129104614 46.805549159646034 31.306310281157494 44.23991297185421 781.11165803670883 372.79126268625259 525.36192725598812 167.27247287333012 98.233695521950722 54.188172698020935 84.400985032320023 706.20885141193867 1570.1464878469706 238.30808642506599 710.09008727967739 550.15825606882572 34.3403150588274 224.70469318330288 26.234809249639511 28.722360417246819 25.572378516197205 2140.5960881114006 10158.378041982651 33.376644462347031 2303.6327117532492 49.889672264456749 25.012413024902344 3987.5789568424225
leaf_count=416 412 2888 419 188 128 180 3158 1506 2137 690 399 218 340 2868 6325 961 2861 2280 141 926 106 117 103 8634 41214 134 9393 201 101 16148
internal_value=0 -3.99949e-05 -0.00693735 1.45995e-05 -9.42819e-05 -0.000469558 -0.00267431 0.000962214 0.0022923 0.00307937 -0.000947657 -0.00602868 -0.00443508 -0.00414807 -0.00458805 -0.00597385 0.00048118 0.00259146 -0.00344802 -0.000698781 -0.0244763 0.00319981 -0.00240232 8.09127e-05 0.000186773 -0.011257 0.00300234 0.000319695 0.00616472 0.000251639
internal_weight=0 25930.9 203.638 25727.2 25018.7 18461.1 4234.98 6557.54 3865.5 3340.14 2692.04 453.214 2718.21 2673.97 2564.55 1858.34 1516.77 3172.86 290.351 256.011 80.423 2882.51 735.662 2238.83 14226.1 80.1822 2853.79 288.198 109.413 14146
internal_count=105592 105176 831 104345 101457 74782 17098 26675 15812 13675 10863 1830 10976 10796 10355 7487 6122 12985 1195 1054 324 11790 2964 9033 57684 322 11673 1162 441 57362
is_linear=0
shrinkage=0.03


Tree=41
num_leaves=31
num_cat=0
split_feature=5 12 13 7 15 7 12 2 7 9 12 2 4 5 5 14 2 14 3 4 5 2 7 13 11 16 15 16 0 15
split_gain=12.9482 16.0429 17.8196 15.7064 18.8086 18.8474 14.4748 14.2279 13.8213 15.8644 13.4658 13.403 14.3492 12.6121 19.178 21.1535 19.7972 19.9409 17.8645 32.9515 29.0958 15.1503 14.9925 14.5247 15.7705 18.6122 14.585 14.0711 13.2885 30.1839
threshold=0.017064725471080077 26.731285753220288 0.0022561788771797713 0.049787595271544999 1.6210494391813859 0.037968749516002119 23.219469106148932 44.322175318297774 0.076033540069384176 0.034144370456560942 48.165512982403364 5.6688990381700624 34.730576344602817 0.032180436535557043 0.027777830566163765 0.042177355963783587 -20.373288709178038 -0.1457172957551163 25.71428571428574 -136.82653715780464 0.041497590023567156 1.7256968428330868 0.052796157978538906 0.013298540857704768 1.0000000180025095e-35 0.10032392356511478 1.5818633034823895 0.0094916088736282673 61.565318199765464 0.61554286027521632
decision_type=2 2 2 2 2 2 2 2 2 2 2 2 2 2 2 2 2 2 2 2 2 2 2 2 2 2 2 2 2 2
left_child=1 3 -3 4 5 -1 8 10 -5 -10 11 12 -4 14 28 16 -16 -18 21 20 -20 -15 -19 24 25 26 -21 -17 -2 -30
right_child=13 2 7 6 -6 -7 -8 -9 9 -11 -12 -13 -14 18 15 27 17 22 19 23 -22 -23 -24 -25 -26 -27 -28 -29 29 -31
leaf_value=0.0017404002996419929 0.00053157101278280964 0.010918394387040991 -0.0095124847970202049 0.0018580933925507986 0.020789680898465109 -0.00869310333041407 -0.0038837558146156731 0.01279651437517774 0.013462306603724893 -0.0062987633177549376 -0.016932906111235123 -0.0066260365984303436 0.0091621992238732474 0.0037692500443555887 0.0064197201557347249 0.0092763587228695751 -0.025840042723134744 0.0094294021653516958 -0.00058347321747716523 0.0070230872071130514 -0.028770953704560523 -0.011311033195326659 -0.0046000101462475079 -0.0012830089943720526 -0.00051828559139019176 -0.0060060943031984013 -0.0066758859059212628 -0.00047687614269646656 0.0031353553205565876 -0.0033811526867138044
leaf_weight=270.47788870334625 9108.4692797660828 327.28768236935139 45.988700017333031 551.07344615459442 28.143593445420265 367.59786228835583 235.04397138953209 88.06196254491806 221.18385504186153 43.804364040493965 40.451151147484779 124.93745577335358 190.11540980637074 1894.7923888713121 157.1624647974968 147.4076362401247 38.972327262163162 70.457977831363678 64.891633272171021 914.90583592653275 66.972822636365891 61.916905328631401 2537.9124986976385 2444.0356061756611 1075.6818739920855 132.25618033111095 75.738314062356949 1374.4063634723425 864.83717991411686 2457.5903770029545
leaf_count=1109 36922 1370 186 2244 115 1490 963 371 909 180 165 514 784 7786 639 597 158 286 264 3750 273 255 10240 9850 4368 536 308 5546 3514 9900
internal_value=0 0.00203816 0.00549917 0.000391943 -0.00321175 -0.00427038 0.00267606 0.00187619 0.00456544 0.0101957 -0.000519031 0.00131998 0.00552472 -0.000218965 -0.000659554 -0.00237989 -0.00392517 -0.0045393 0.000877874 -0.000111523 -0.0148997 0.00329206 -0.00422104 0.000308505 0.0020777 0.00456452 0.00597575 0.000467853 -6.08257e-05 -0.00168489
internal_weight=0 2534.17 816.842 1717.32 666.219 638.076 1051.11 489.555 816.062 264.988 401.493 361.042 236.104 23488.4 16757.2 4326.32 2804.51 2647.34 6731.19 4774.48 131.864 1956.71 2608.37 4642.62 2198.58 1122.9 990.644 1521.81 12430.9 3322.43
internal_count=105592 10400 3390 7010 2714 2599 4296 2020 3333 1089 1649 1484 970 95192 67802 17466 11323 10684 27390 19349 537 8041 10526 18812 8962 4594 4058 6143 50336 13414
is_linear=0
shrinkage=0.03


Tree=42
num_leaves=31
num_cat=0
split_feature=5 7 10 7 16 7 4 14 2 10 16 1 14 14 15 5 5 14 2 8 2 7 2 6 14 16 11 2 15 3
split_gain=12.6292 13.9888 19.1346 13.1314 10.7528 16.7934 34.2277 28.038 13.1428 12.6951 10.9556 15.1063 12.0537 11.8718 10.236 9.96094 17.3076 28.0527 19.5504 16.1165 23.1213 17.1383 13.8287 13.8015 18.9508 31.0739 17.4196 16.2454 13.5017 15.505
threshold=0.010784675161996812 0.051011782225830929 0.0038928946251796108 0.030916404273755336 0.10268303692544191 0.21060107798862074 -38.124569342882502 0.081288416563187318 27.537700266853395 0.019925997231808105 0.12684946620132079 0.44773756933089676 0.09632751094555371 0.10669071155887645 0.58560065329611943 0.033387406478661542 0.027777830566163765 0.044638097546867546 -20.373288709178038 0.012730981361033346 4.9061821605651073 0.18814537498851949 -178.88760353135373 -0.056182164530779601 -0.12857212946998045 -0.026801075437225427 1.0000000180025095e-35 21.334999708721316 1.5818633034823895 9.9373915429049955
decision_type=2 2 2 2 2 2 2 2 2 2 2 2 2 2 2 2 2 2 2 2 2 2 2 2 2 2 2 2 2 2
left_child=1 2 3 -1 15 6 -6 -7 9 -9 12 -12 14 -13 -8 16 22 18 -18 23 -21 -22 -2 24 25 -17 27 28 -25 -30
right_child=4 -3 -4 -5 5 7 10 8 -10 -11 11 13 -14 -15 -16 19 17 -19 -20 20 21 -23 -24 26 -26 -27 -28 -29 29 -31
leaf_value=0.025915889198812676 -0.01391911936039455 0.017181146667554281 -0.011766220588347955 -0.002793899473084031 -0.034933561269807865 0.021990969434141545 -0.021881882627362372 -0.019966508441064731 -0.014020599579020999 0.0011380959718166315 0.0090710279513126074 -0.020688913589117758 0.0017565058038513568 -0.006654131151536442 -0.0038816804842999996 -0.0050576796965508793 0.0059991202550232457 0.002103818065041555 -0.0037176418253507177 0.00081190251318595855 -0.0018965069081429394 -0.015978014958608105 0.00040007328017697079 0.0051744922353906941 0.0032415004947794301 -0.040848303693825819 0.00046689898026812399 0.022616320824296217 0.015483103527618268 -0.0076586065727872639
leaf_weight=31.624166890978813 60.963152259588242 80.611223548650742 55.423484772443771 26.231275334954262 32.439629286527634 53.050502613186836 35.909970223903656 26.450407758355141 59.924713730812073 850.11065100133419 48.411881193518639 62.626030698418617 430.52168571949005 405.25948916375637 136.54801850020885 117.04942038655281 197.71435970067978 1239.3300327062607 3245.4479134976864 848.1766479164362 159.90891453623772 151.47144374251366 14053.72074778378 1665.3162418752909 161.3389413356781 26.838205590844154 1535.4694888144732 44.815864354372025 31.721402421593666 145.91999077796936
leaf_count=139 249 355 229 109 131 216 145 107 241 3424 196 252 1733 1629 550 477 805 5011 13106 3421 646 612 57019 6845 664 109 6264 185 130 593
internal_value=0 0.0076288 0.000831186 0.0128991 -5.64183e-05 -0.00209231 -0.00455494 0.000773935 -0.000427978 0.00050126 -0.00367449 -0.00688202 -0.000928057 -0.00853267 -0.00762976 0.000127636 -0.000186092 -0.00176658 -0.00315968 0.00133409 -0.00175485 -0.00874648 0.000338227 0.00229476 -0.00381786 -0.0117334 0.00283978 0.00476982 0.00433584 -0.00352619
internal_weight=0 193.89 113.279 57.8554 25826.5 2141.25 1151.72 989.536 936.486 876.561 1119.28 516.297 602.98 467.886 172.458 23685.2 18797.2 4682.49 3443.16 4888.03 1159.56 311.38 14114.7 3728.47 305.227 143.888 3423.24 1887.77 1842.96 177.641
internal_count=105592 832 477 248 104760 8624 4636 3988 3772 3531 4505 2077 2428 1881 695 96136 76190 18922 13911 19946 4679 1258 57268 15267 1250 586 14017 7753 7568 723
is_linear=0
shrinkage=0.03


Tree=43
num_leaves=31
num_cat=0
split_feature=5 7 10 3 13 4 5 11 7 5 5 14 8 4 3 10 7 10 4 1 4 12 3 4 13 5 14 3 10 4
split_gain=12.1054 10.9182 17.9359 9.57295 14.9892 18.0361 10.2217 9.96729 11.1145 9.26033 12.7431 15.5028 12.9163 17.8935 32.3764 31.8587 17.5729 14.1633 34.5246 12.0473 15.5224 11.6852 11.6407 17.3845 13.5988 11.4184 11.0471 10.6816 10.5161 19.2974
threshold=0.0098312138534587742 0.051011782225830929 0.0030495110561316045 4.8602655493202773 -0.057566508273636789 -174.61902809102031 0.025927028726299057 1.0000000180025095e-35 0.054653410117342247 0.019943906548412976 0.032180436535557043 -0.13346113407502772 0.0048854652833709719 -136.82653715780464 24.446528759624815 -0.035381456450540742 0.26953714626344177 -0.011629712197242291 52.917287786611801 -0.09485082641043073 4.978723712973399 22.837779508983516 10.357408984458148 -98.295539164936358 -0.053035680256014399 0.041497590023567156 -0.25140342546439554 97.938144329896929 0.023682692498021466 189.08695328198522
decision_type=2 2 2 2 2 2 2 2 2 2 2 2 2 2 2 2 2 2 2 2 2 2 2 2 2 2 2 2 2 2
left_child=1 2 -1 4 5 6 -2 -6 -9 19 11 -11 13 14 26 -16 -15 18 -14 20 -5 -18 -23 -24 -25 -17 -12 -13 -19 -30
right_child=3 -3 -4 9 7 -7 -8 8 -10 10 12 27 17 16 15 25 21 28 -20 -21 -22 22 23 24 -26 -27 -28 -29 29 -31
leaf_value=0.023098268727441477 0.015661439978352266 0.023790051291561764 -0.011323500352423887 -0.00052980762666242636 -0.0047245520965257552 0.013731973295856081 -0.0026775117434698751 -0.011876032073851952 0.0058188237253751574 -0.013335292880062863 -0.013694517208240147 -0.00094772846876006863 -0.0019108940257434679 0.0018965519529836907 -0.038621697470655393 0.00044018325664050439 0.028880644260978843 0.0018583661763258688 -0.02355867920767981 0.0018934796780520184 -0.013127762295083606 0.022902608659548334 -0.0076469105299439479 0.022796175859419579 0.0058135683575869981 -0.019775467891866103 0.0020727278648536651 0.0091927181238361921 -0.0039757228216351186 0.0083267433283153846
leaf_weight=22.907726347446442 33.503250032663345 35.85770857334137 33.61622516810894 1287.4548673033714 244.88093160092831 199.91874687373638 149.02286222577095 36.684111282229424 247.43267917633057 90.496572256088257 43.408369719982147 13361.056928083301 375.31818594038486 2585.963456004858 38.082924753427505 70.505335763096809 23.918767496943474 1272.9247249513865 80.531709477305412 3684.4225931167603 94.483886852860451 38.748587772250175 71.415652453899384 51.883373215794563 233.05189755558968 39.086952358484268 508.19866499304771 94.14891941845417 836.67393487691879 132.99104012548923
leaf_count=106 138 170 140 5218 1001 830 612 149 1010 367 175 54007 1516 10561 156 287 100 5147 324 15038 383 162 292 216 956 159 2091 380 3367 534
internal_value=0 0.0108412 0.00262677 -3.77799e-05 0.00298223 0.00750691 0.000688661 -0.000288937 0.00353413 -0.000147817 -0.000438708 -0.000960007 0.000664162 0.0018142 -0.00250808 -0.0149839 0.00282003 -0.000914549 -0.00573525 0.000997543 -0.00139114 0.00851927 0.00728662 0.00558858 0.0089059 -0.00676989 0.000831934 -0.000876774 6.53525e-05 -0.00228842
internal_weight=0 92.3817 56.524 25926.2 911.443 382.445 182.526 528.998 284.117 25014.8 19948.4 13545.7 6402.7 3704.26 699.282 147.675 3004.98 2698.44 455.85 5066.36 1381.94 419.018 395.1 356.351 284.935 109.592 551.607 13455.2 2242.59 969.665
internal_count=105592 416 246 105176 3740 1580 750 2160 1159 101436 80797 54754 26043 15155 2868 602 12287 10888 1840 20639 5601 1726 1626 1464 1172 446 2266 54387 9048 3901
is_linear=0
shrinkage=0.03


Tree=44
num_leaves=31
num_cat=0
split_feature=7 12 7 12 1 16 12 7 11 7 4 16 4 14 2 13 11 14 2 14 12 2 16 14 16 2 13 2 7 13
split_gain=11.0302 10.2845 14.0986 10.7913 10.9142 14.8326 10.093 24.6948 12.0616 13.3517 12.136 11.9246 20.6945 17.3 14.5177 13.1353 21.0537 20.1997 19.0946 15.9146 20.8579 11.5429 15.078 11.8359 26.857 18.4783 15.6949 17.4495 14.7312 14.4293
threshold=0.030916404273755336 9.2826813465423452 0.065008867648746374 11.609336312572301 -0.58003461732989348 -0.043019432116358718 13.126943363430209 0.14020015565867547 1.0000000180025095e-35 0.11265586433801546 123.46029316084331 0.069658659626934863 -126.34115805167313 -0.061151877642820811 -8.5836651577485306 0.047669501832756651 1.0000000180025095e-35 -0.068286351824743116 27.537700266853395 -0.18989970280095805 25.941858895551821 8.6756938624814826 0.063761528544190663 0.033563440171866861 0.011225943604383505 -0.69677928904791375 -0.0017127077513884312 -4.1198916914117305 0.15306484127089262 0.013298540857704768
decision_type=2 2 2 2 2 2 2 2 2 2 2 2 2 2 2 2 2 2 2 2 2 2 2 2 2 2 2 2 2 2
left_child=-1 2 -2 4 -3 -6 7 8 9 -5 -10 15 -13 -14 -15 18 19 -18 21 -17 -21 23 -23 26 -25 29 -8 28 -28 -26
right_child=1 3 -4 6 5 -7 11 -9 10 -11 -12 12 13 14 -16 16 17 -19 -20 20 -22 22 -24 24 25 -27 27 -29 -30 -31
leaf_value=0.0070130742492974718 -0.017910384037258639 -0.010938065119431744 0.0060032004551313616 -0.010478710244723329 0.016231931235893598 0.0029222879223219887 0.00087197464367517303 0.023772499205052117 -0.0030589413226205227 0.0089043443734379522 0.010314280992180269 -0.022419317014968718 0.017544965108653592 -0.013237078785778279 -0.0011940847782165446 0.014071606377385228 -0.018386691580162581 0.0019998854716683392 0.0053673686013082055 -0.002839340638949897 -0.013044330265312666 -0.0034770596543578442 0.018624184112872179 0.0057795438842700685 0.0021853875039169871 -0.0010165377991407419 -0.007530514547650807 -0.00050577700716428957 0.0029537753478271755 0.011837992861699898
leaf_weight=200.33497841656208 64.829471185803413 41.052963510155678 33.734401866793633 310.58986854553223 90.06466843187809 461.48958694934845 7978.3629150092602 29.515418469905853 460.64747740328312 35.656086534261703 70.406797602772713 42.077745571732521 43.504285678267479 92.264143839478493 3820.9161161780357 34.930690705776215 46.120088845491409 848.2898090928793 707.3116982281208 485.14396823942661 286.82409404218197 948.05268010497093 28.620015934109688 1163.5474548190832 666.68622635304928 2212.1835263371468 613.21337413787842 3873.8582945466042 150.14850971102715 176.22047467529774
leaf_count=832 260 166 136 1256 367 1872 32514 121 1864 146 286 171 178 374 15408 143 185 3423 2917 1957 1156 3858 116 4743 2724 8963 2478 15655 606 717
internal_value=0 -5.35651e-05 -0.00972574 -1.64962e-05 0.00398491 0.00509565 -0.000110875 -0.00321822 -0.00412628 -0.00848266 -0.00128593 5.47509e-06 -0.00149143 -0.00126887 -0.00147803 0.000301514 -0.00222117 0.000948655 0.000533279 -0.00573478 -0.006631 0.000341306 -0.00282941 0.000525262 0.00190087 0.000423652 6.52617e-05 -0.00132269 -0.00546832 0.00420339
internal_weight=0 25816.3 98.5639 25717.7 592.607 551.554 25125.1 906.816 877.3 346.246 531.054 24218.3 3998.76 3956.68 3913.18 20219.5 1701.31 894.41 18518.2 806.899 771.968 17810.9 976.673 16834.2 4218.64 3055.09 12615.6 4637.22 763.362 842.907
internal_count=105592 104760 396 104364 2405 2239 101959 3673 3552 1402 2150 98286 16131 15960 15782 82155 6864 3608 75291 3256 3113 72374 3974 68400 17147 12404 51253 18739 3084 3441
is_linear=0
shrinkage=0.03


Tree=45
num_leaves=31
num_cat=0
split_feature=5 2 16 3 2 16 10 16 12 5 12 5 5 5 14 3 6 3 2 10 16 12 16 6 9 15 4 2 16 2
split_gain=11.2916 10.1339 11.6094 12.2509 10.8052 18.2016 11.8656 12.6399 9.86615 10.3961 13.6628 11.111 9.07648 24.3314 21.8653 13.4684 23.7696 18.6151 14.5269 13.7712 13.3402 13.1053 12.5803 16.9394 15.0829 13.6027 12.3349 16.5836 13.1669 13.1309
threshold=0.0098312138534587742 -121.77661137116952 -0.066974924074869199 18.482673036609615 -36.004403656232903 0.067165232714948689 -0.060922304192496772 -0.10048201404343919 28.73269463226141 0.017064725471080077 35.34210831533769 0.027339038243600046 0.032180436535557043 0.027777830566163765 0.042177355963783587 25.71428571428574 0.17283965217377872 40.184321309490336 1.7256968428330868 -0.039310376843275256 0.0094916088736282673 11.830443421689354 0.092182744066050551 0.1831997851807495 -0.082009061027671623 0.3193690372385799 -96.726577850072701 3.4879382093222837 -0.016853228546860773 9.0771707424804351
decision_type=2 2 2 2 2 2 2 2 2 2 2 2 2 2 2 2 2 2 2 2 2 2 2 2 2 2 2 2 2 2
left_child=-1 2 -2 -4 5 6 -3 -8 -9 -10 11 -11 13 -6 21 18 17 19 22 -17 -16 -15 23 -14 -25 -26 -23 -28 29 -29
right_child=1 4 3 -5 12 -7 7 8 9 10 -12 -13 15 14 20 16 -18 -19 -20 -21 -22 26 -24 24 25 -27 27 28 -30 -31
leaf_value=0.010501912441157271 0.0072027875785101655 -0.014649185123148039 -0.0032334943538742905 -0.019959748776963451 0.00016704491730468095 -0.020939294324963522 0.020104279108563716 0.0016467172251373979 0.020699471260309767 0.0043382163581107526 -0.0045772478129078959 0.028668348863063055 0.0020572296217172795 0.0061416767541362088 0.0090698867098029396 -0.02420438887660457 0.00045907629611293755 -0.030208303677698469 -0.011219087921238696 -0.0014679597439942651 -0.00045615487714284892 -0.0011558847978983065 -0.011199611559151022 0.0253405657811764 0.027641303980011078 0.0057186617561104198 -0.0069519391258404074 0.014713928417180867 -0.005055296514607322 -0.0049081438940177281
leaf_weight=91.832055240869522 42.713997885584831 27.61715005338192 92.107492417097092 68.884520128369331 14223.062820836902 26.04922516644001 48.855523630976677 414.8808978497982 56.41048763692379 40.045536875724792 64.615464195609093 29.218739926815033 1203.508958235383 109.38274408876896 146.44872970879078 29.813139498233795 4539.0721840709448 34.91047577559948 61.936479285359383 122.4493255764246 1370.0764813572168 732.63120527565479 50.466598004102707 44.156810075044632 27.046157911419868 437.98805956542492 1587.8435641229153 86.418843954801559 157.12668113410473 47.599350333213806
leaf_count=416 174 113 377 280 57684 106 200 1684 236 164 265 120 4961 441 594 122 18398 142 255 499 5528 2973 205 185 111 1797 6389 348 633 192
internal_value=0 -3.63512e-05 -0.00670126 -0.0103902 1.64366e-05 0.00367202 0.00461255 0.0054259 0.00424091 0.00989691 0.00534523 0.0146017 -8.69952e-05 -0.000427442 -0.00242281 0.000872325 2.70478e-05 -0.0104499 0.00306124 -0.00591977 0.000463762 -0.00403161 0.00356288 0.00399787 0.00858471 0.00699367 -0.0044577 -0.0057451 0.000836746 0.00774474
internal_weight=0 25923.3 203.706 160.992 25719.6 707.693 681.644 654.027 605.171 190.29 133.88 69.2643 25011.9 18460.6 4237.53 6551.35 4726.25 187.173 1825.1 152.262 1516.53 2721 1763.17 1712.7 509.191 465.034 2611.62 1878.99 291.145 134.018
internal_count=105592 105176 831 657 104345 2888 2782 2669 2469 785 549 284 101457 74782 17098 26675 19161 763 7514 621 6122 10976 7259 7054 2093 1908 10535 7562 1173 540
is_linear=0
shrinkage=0.03


Tree=46
num_leaves=31
num_cat=0
split_feature=7 8 6 12 7 10 16 7 4 14 2 10 12 10 16 0 14 14 12 1 16 12 7 2 2 10 3 16 2 16
split_gain=10.2519 9.78286 10.2786 9.73932 13.2169 13.6417 10.0454 15.9198 31.3254 26.5588 12.3551 12.0598 13.4898 12.382 10.3252 14.2379 11.8666 11.5927 10.2733 10.677 13.2272 10.4658 19.0611 10.835 14.3582 10.4087 9.84721 18.8641 11.7574 14.0667
threshold=0.030916404273755336 -0.0036005358257097937 0.2020060134912042 9.2826813465423452 0.065008867648746374 -0.00074336166497507284 0.10268303692544191 0.21060107798862074 -38.124569342882502 0.081288416563187318 27.537700266853395 0.019925997231808105 26.845473551271287 0.052829795995029578 0.12684946620132079 56.710157807335513 0.0979482869245384 0.10669071155887645 11.609336312572301 -0.58003461732989348 -0.043019432116358718 13.126943363430209 0.11104506419918185 27.537700266853395 13.401936174820607 -0.0059432474497558832 4.8602655493202773 -0.015035270520102338 -121.77661137116952 -0.054753494580285882
decision_type=2 2 2 2 2 2 2 2 2 2 2 2 2 2 2 2 2 2 2 2 2 2 2 2 2 2 2 2 2 2
left_child=1 2 -1 4 5 -2 18 8 -8 -9 11 -11 -13 -14 16 -16 -10 -17 19 -5 -21 22 -20 24 26 -22 27 -23 29 -28
right_child=3 -3 -4 6 -6 -7 7 9 14 10 -12 12 13 -15 15 17 -18 -19 21 20 25 23 -24 -25 -26 -27 28 -29 -30 -31
leaf_value=0.007257589810684517 -0.032694509631842783 0.011033995426752654 -0.018178250228855334 -0.010650534231549748 0.0057736052980301043 -0.0050211114818329529 -0.033490463504770765 0.021495063959341268 -0.0072896888854487914 -0.019393446655950879 -0.01353350370064809 0.010045816014776688 -0.0033577334526257475 0.0048702621651679923 0.0088416041662244503 -0.020284922723888939 0.0018905646964205798 -0.0064019111657933024 -0.0046627411407215262 0.015724479064355514 0.020413284403272197 0.0010796324042134083 0.0093929652769170653 0.0033154370603058671 -0.003887264360120365 0.0019265014229814074 0.0061013060503862706 0.012008934234219035 0.00013484542898577564 -0.013312377370674597
leaf_weight=33.650136485695839 28.974684029817581 141.48046651482582 24.862790688872337 41.088367730379105 33.714290335774422 35.89037561416626 32.338971212506294 52.865471616387367 181.28000500798225 26.488684818148613 59.976120561361313 130.25786207616329 465.08985832333565 254.7764947116375 48.369250193238258 62.4730304479599 421.08049166202545 405.47028578817844 793.43359169363976 89.857448533177376 29.308333441615105 690.37686595320702 97.50411830842495 956.24754424393177 801.72032989561558 423.31497448682785 46.671838954091072 178.98109076917171 19306.351793199778 119.8458576798439
leaf_count=140 116 589 103 166 136 144 131 216 730 107 241 525 1873 1026 196 251 1695 1629 3209 367 119 2838 399 3934 3254 1718 190 735 78327 488
internal_value=0 0.00676698 -0.00355038 -5.15729e-05 -0.00946313 -0.0173826 -1.54936e-05 -0.00198328 -0.00438208 0.000807192 -0.000360528 0.000540741 0.00116186 -0.000445665 -0.0035406 -0.00665369 -0.000872227 -0.00825537 0.000163172 0.00409402 0.0052108 6.33976e-05 -0.00312449 0.000191913 5.06493e-05 0.00312356 0.000205849 0.00332973 6.63846e-05 -0.00787108
internal_weight=0 199.993 58.5129 25813.7 98.5793 64.8651 25715.2 2140.47 1151.01 989.454 936.589 876.613 850.124 719.866 1118.67 516.313 602.36 467.943 23574.7 583.569 542.481 22991.1 890.938 22100.2 21143.9 452.623 20342.2 869.358 19472.9 166.518
internal_count=105592 832 243 104760 396 260 104364 8620 4632 3988 3772 3531 3424 2899 4501 2076 2425 1880 95744 2370 2204 93374 3608 89766 85832 1837 82578 3573 79005 678
is_linear=0
shrinkage=0.03


Tree=47
num_leaves=31
num_cat=0
split_feature=5 7 7 5 4 5 16 14 5 16 14 16 13 16 13 16 5 14 6 3 0 13 3 9 10 16 7 4 10 13
split_gain=10.6633 12.2912 19.6357 15.4095 10.7652 22.938 15.5314 17.0059 15.25 22.8024 21.7676 20.897 18.5826 18.5792 15.6473 20.331 27.5388 18.6423 14.7839 20.3694 12.257 15.1272 14.6457 15.1938 12.1516 22.0727 23.2521 28.2513 14.8117 14.4865
threshold=0.017064725471080077 0.049144462439283741 0.033177544256923909 0.010784675161996812 87.281560549634008 0.066101771936755357 -0.00060271477391649053 0.0079060241848419883 0.038190409262737965 -0.14457251987685701 -0.069847738235219822 -0.16924665672593983 0.04431063124286528 -0.1061503959811602 -0.12660426780760811 -0.089053117156778092 0.072563425894475272 -0.2138676862988895 0.31430658267548178 26.568436518036979 59.764285742731623 0.052774486609433409 85.645353085808878 0.02477359497073606 -0.020826377702420792 -0.065698410441922858 0.13668613669438431 -128.40312254020975 -0.024544474203248064 -0.061506257205472085
decision_type=2 2 2 2 2 2 2 2 2 2 2 2 2 2 2 2 2 2 2 2 2 2 2 2 2 2 2 2 2 2
left_child=1 2 -1 -3 8 6 -6 -8 9 -2 12 -10 24 -12 15 -13 -17 18 19 -16 22 -22 -9 -24 25 -11 28 -28 -27 -26
right_child=4 3 -4 -5 5 -7 7 20 11 10 13 14 -14 -15 17 16 -18 -19 -20 -21 21 -23 23 -25 29 26 27 -29 -30 -31
leaf_value=0.0068680136889938213 0.011618177973873925 0.015779325009960658 -0.0039150525210721503 0.0026385810132486453 0.0022886949765390206 -0.024973231055385785 -0.011329995573772761 -0.00065618326879602598 -0.0083947794674066618 -0.0038234815774081015 0.011494693255626447 0.0080421066659335603 -0.021106236786080441 6.1176248345884573e-05 0.017109156473295709 -0.026986853703998011 0.0075875008752002591 0.0029315920202444929 0.032390152378452171 -0.01405137816524731 -0.0033711703571557691 0.00025312570498380651 -0.0023146728797398116 0.012737150231515674 0.0041781495287498147 0.029491406903735709 -0.014996545488720855 0.0064110835671179018 0.0078080261672346333 -0.0066945955468435863
leaf_weight=203.05542528629303 145.88634395599365 84.454383969306946 604.30546733736992 1638.2148072123528 1037.3196443468332 36.373345479369164 160.53291611373425 689.64074423909187 154.36964862048626 668.81861655414104 129.3082427084446 54.186126753687859 50.669204205274582 11839.913189336658 71.183419972658157 60.421603560447693 31.565568879246712 2186.0753330290318 31.902389034628868 25.695872649550438 2903.7788367122412 1611.7581088840961 91.611212521791458 176.91871012747288 127.78675101697445 46.120280116796494 77.678406193852425 194.15188850462437 73.595648467540741 805.38904939591885
leaf_count=845 595 375 2461 6719 4204 146 648 2790 635 2729 524 222 203 47965 297 248 128 8963 132 106 11704 6480 372 716 525 189 319 790 301 3261
internal_value=0 0.00185132 -0.00120306 0.00328281 -0.000198531 -0.00121429 -0.00108476 -0.00170584 0.000207654 -0.000181102 -0.000303938 0.00231231 -0.00316498 0.000184697 0.00298392 -0.00653549 -0.0151226 0.00358503 0.0146772 0.00884426 -0.00142359 -0.00207753 0.00165822 0.0076021 -0.00270898 -0.000511721 0.00514525 0.000293625 0.0161615 -0.00520571
internal_weight=0 2530.03 807.361 1722.67 23482.7 6707.93 6671.56 5634.24 16774.7 14159.3 14013.4 2615.4 2044.21 11969.2 2461.03 146.173 91.9872 2314.86 128.782 96.8793 5473.71 4515.54 958.171 268.53 1993.54 1060.36 391.546 271.83 119.716 933.176
internal_count=105592 10400 3306 7094 95192 27060 26914 22710 68132 57401 56806 10731 8317 48489 10096 598 376 9498 535 403 22062 18184 3878 1088 8114 4328 1599 1109 490 3786
is_linear=0
shrinkage=0.03


Tree=48
num_leaves=31
num_cat=0
split_feature=5 7 10 2 0 7 2 16 10 16 5 12 5 12 5 13 2 3 8 4 14 16 2 3 4 5 7 5 10 7
split_gain=10.1449 10.2353 16.78 9.01444 10.6731 11.9702 10.0485 17.0535 11.1515 11.9086 9.8652 9.33972 9.71025 12.8814 10.5488 8.62456 18.1931 14.2838 21.372 14.1573 13.0849 28.7857 15.3146 11.2069 11.5418 11.1269 11.0692 15.497 10.7352 10.5387
threshold=0.0098312138534587742 0.051011782225830929 0.0030495110561316045 -121.77661137116952 37.771657325141639 0.098980058141298941 -36.004403656232903 0.067165232714948689 -0.060922304192496772 -0.10048201404343919 0.017931612958546773 28.73269463226141 0.017064725471080077 35.34210831533769 0.027339038243600046 -0.057566508273636789 -3.2346576327061194 21.011058451816762 -0.045612509737405153 -202.30656018624992 -0.2138676862988895 -0.16924665672593983 -0.54827886107066126 5.2534532452348399 -167.24065987444843 0.082294838605447104 0.19961157315746345 0.033852186302896652 -0.044658339554475394 0.26953714626344177
decision_type=2 2 2 2 2 2 2 2 2 2 2 2 2 2 2 2 2 2 2 2 2 2 2 2 2 2 2 2 2 2
left_child=1 2 -1 4 -2 10 7 8 -5 -10 -6 -11 -13 14 -14 16 17 19 -19 -8 21 -17 -23 24 -21 28 27 -25 -18 -30
right_child=3 -3 -4 6 5 -7 15 -9 9 11 -12 12 13 -15 -16 20 25 18 -20 23 -22 22 -24 26 -26 -27 -28 -29 29 -31
leaf_value=0.022092434757416218 0.00064943449842544594 0.022697555136413583 -0.011386752428239985 -0.014216282493034863 -0.017446963930743818 -0.026514216944638656 -0.0063751726295129402 -0.020269924698495017 0.019515473191330665 0.0015712826955226447 0.0058369812044369871 0.020078005375368843 0.0042223716726816516 -0.0044157146032168066 0.027963121777543044 -0.010174443778932304 -0.006947564256245378 -0.024267124708782537 -0.00046085947012872446 -3.7862004076394622e-05 -0.00027128056986758757 0.0064770756845311979 0.03403858302470239 -0.002411997907489707 0.017375151443146941 0.023401247391215005 -0.0071081942890351387 0.015043030392853825 0.0052510966963977808 0.02431843098325288
leaf_weight=22.495282396674156 100.43148884177208 35.09138897061348 33.596243187785149 27.623804479837418 31.468638569116592 37.852109134197235 170.897241294384 26.069547280669212 48.696761950850487 414.75062088668346 34.149003192782402 56.123208999633789 40.021224156022072 64.6463892608881 29.086758658289909 41.06231826543808 62.431285187602043 54.886353850364685 88.930113911628723 55.829735651612282 23452.939735636115 33.902077987790108 39.036830812692642 109.56031818687916 88.667188033461571 30.570710822939873 109.70625339448452 78.631727978587151 564.5817529708147 27.352427691221237
leaf_count=106 412 170 140 113 128 153 698 106 200 1684 138 236 164 265 120 169 259 225 363 229 95034 141 163 448 369 128 450 325 2341 115
internal_value=0 0.00998994 0.00203994 -3.42941e-05 -0.00631728 -0.0130794 1.55234e-05 0.00354251 0.00445415 0.00524357 -0.00532944 0.00409411 0.00960473 0.00521016 0.0142146 -8.41865e-05 0.002168 -0.00103702 -0.00954632 0.0009584 -0.000221996 0.00991707 0.021228 0.00379136 0.0106472 0.00571073 0.000465887 0.00488119 0.00488427 0.00613217
internal_weight=0 91.1829 56.0915 25919.9 203.901 103.47 25716 707.018 680.949 653.325 65.6176 604.628 189.878 133.754 69.108 25009 1442.05 757.109 143.816 613.292 23566.9 114.001 72.9389 442.395 144.497 684.936 297.898 188.192 654.365 591.934
internal_count=105592 416 246 105176 831 419 104345 2888 2782 2669 266 2469 785 549 284 101457 5950 3107 588 2519 95507 473 304 1821 598 2843 1223 773 2715 2456
is_linear=0
shrinkage=0.03


Tree=49
num_leaves=31
num_cat=0
split_feature=5 12 12 7 12 15 5 2 10 16 4 8 6 2 10 5 14 12 15 0 7 5 0 16 8 2 4 5 5 12
split_gain=9.88379 14.3477 15.309 14.2837 21.7605 14.3477 17.1621 19.1067 14.6178 14.2455 13.4458 16.8795 11.3626 17.0859 16.5892 12.0079 11.6675 10.9851 10.2731 19.4602 19.0635 23.2067 18.7717 13.8703 13.0112 13.1521 12.9143 20.7605 12.3106 34.4797
threshold=0.017064725471080077 26.731285753220288 53.238332713707486 0.076033540069384176 21.929610614599774 0.19614824135691711 0.013278601337225244 4.7587310533779377 -0.0069977458979113552 -0.052882671716771516 113.79196152768576 -0.0029922562293691608 1.0472946881733074 2.2623565883733714 -0.002587297017126899 0.014969778937180172 0.013573046873517793 23.313620027709877 0.30044306839012841 25.977801201255776 0.085517943717637226 0.018597114397819588 50.247559494503037 0.026353904266570808 -0.040106013956257229 -121.77661137116952 88.329570199206103 0.066101771936755357 0.038190409262737965 14.763052309935132
decision_type=2 2 2 2 2 2 2 2 2 2 2 2 2 2 2 2 2 2 2 2 2 2 2 2 2 2 2 2 2 2
left_child=1 3 -3 5 10 8 -7 -8 -1 -10 11 -5 13 14 15 -11 -15 -16 19 -2 21 -21 -23 -24 -22 -26 28 -28 -20 -30
right_child=18 2 -4 4 -6 6 7 -9 9 12 -12 -13 -14 16 17 -17 -18 -19 26 20 24 22 23 -25 25 -27 27 -29 29 -31
leaf_value=0.010192019931300257 -0.015872098608569692 0.0058855530457123271 -0.015535968404406193 0.00014440013014237988 -0.0028316234698958875 0.020265998025721578 -0.0013581069028269501 0.015981018896571234 -0.025870077713523353 -0.019537553565808299 5.0242379000061137e-05 0.022724602428001343 0.013938760971052344 -0.016843380072992499 0.0048915723528755181 0.0052585855834474133 -0.0049568425496186687 -0.013844725261463338 -0.00029603264023751914 -0.011687686744012958 0.018812839994465751 -0.0044388026700817118 0.011819458444116202 -0.0036310293171889826 -0.011063268061391423 0.0043066926766125125 -0.0014188617767683669 -0.024544882940718268 0.016772919027911483 0.0011659588428576842
leaf_weight=61.856254711747169 54.569787353277206 782.4910641014576 31.223508670926094 40.949208498001099 164.05571243166924 44.965090692043304 435.56658032536507 65.843335688114166 28.287541300058365 60.117245554924011 62.850228562951088 109.38524086773396 29.902702450752258 134.51428371667862 253.85158900916576 24.839293092489243 166.08357030153275 31.677474707365036 12774.622594252229 164.02086347341537 53.356473013758659 253.13985641300678 173.70340512692928 74.816459447145462 52.15047387778759 1278.2210908383131 6089.449781537056 35.137972205877304 134.72480466961861 2343.2165842503309
leaf_count=251 224 3261 129 167 674 185 1771 271 114 243 260 452 124 548 1036 100 685 129 51765 666 221 1027 711 306 212 5221 24528 141 563 9607
internal_value=0 0.00178302 0.00506358 0.000226265 0.00538188 -0.00122787 0.00251102 0.000918804 -0.00381004 -0.00499768 0.0117026 0.016574 -0.0041554 -0.00496165 -0.000649841 -0.0122877 -0.0102759 0.00281291 -0.00019105 0.00180912 0.00227992 -0.00189166 0.00131121 0.00716812 0.00428678 0.00370419 -0.000387911 -0.00155154 7.93386e-05 0.0020145
internal_weight=0 2528.46 813.715 1714.75 377.24 1337.5 546.375 501.41 791.13 729.274 213.185 150.334 700.986 671.083 370.486 84.9565 300.598 285.529 23481.1 2103.98 2049.41 665.681 501.66 248.52 1383.73 1330.37 21377.2 6124.59 15252.6 2477.94
internal_count=105592 10400 3390 7010 1553 5457 2227 2042 3230 2979 879 619 2865 2741 1508 343 1233 1165 95192 8588 8364 2710 2044 1017 5654 5433 86604 24669 61935 10170
is_linear=0
shrinkage=0.03


Tree=50
num_leaves=31
num_cat=0
split_feature=5 7 2 8 15 1 3 7 0 14 11 0 6 2 4 7 5 15 15 8 7 7 15 15 2 5 2 14 15 3
split_gain=9.51773 9.77115 12.3691 8.23963 22.4346 15.132 39.3036 16.8631 12.6186 12.0142 20.7041 28.0767 23.2195 22.6969 18.8131 18.1982 17.7477 13.785 12.0545 11.7505 11.5657 11.8158 10.9487 11.101 10.6222 25.7908 18.8839 17.0669 19.9748 11.9461
threshold=0.0098312138534587742 0.051011782225830929 -2.8162811210587253 -0.030038154247511214 1.5149558885218333 -1.1352917759318697 27.003136398686461 0.26953714626344177 30.080213591350383 -0.042169057278268356 1.0000000180025095e-35 38.002085888864897 0.092941458572777677 -92.336550870847461 49.348110323543786 0.081431340466422267 0.046593972937926505 0.54485906899324033 1.1210739692850844 -0.00019522839394953137 0.12285262648813959 0.068761496239212572 1.2570472940299531 1.1616660148152971 -1.0197933001883857 0.022576814433476495 -0.092446391711174428 -0.079430920421009341 0.49279129054279236 46.416295233443186
decision_type=2 2 2 2 2 2 2 2 2 2 2 2 2 2 2 2 2 2 2 2 2 2 2 2 2 2 2 2 2 2
left_child=1 2 -1 4 5 6 -2 -7 -5 10 12 15 -10 -13 16 -12 24 19 -18 -15 21 -19 23 -23 29 -26 -27 28 -28 -14
right_child=3 -3 -4 8 -6 7 -8 -9 9 -11 11 13 14 17 -16 -17 18 20 -20 -21 -22 22 -24 -25 25 26 27 -29 -30 -31
leaf_value=0.016457446674841818 0.0019301381149522444 0.02220191855599634 -0.011765021087136925 0.0079386056596977041 -0.0034573771182927647 0.0052167651406941438 -0.031485931022542595 0.022772295712725821 -0.0097822677937782782 5.5716813480266336e-05 0.013342371967927855 -0.033564220706068473 0.0027343850029616732 -0.0068138385222165851 -0.013542666522153943 -0.0006753712501096548 0.013983040876682049 0.0023242062184716233 -0.001740447777603953 -0.018260107890036483 -8.522021895177098e-05 -0.0088903980880691586 0.0010261893542072146 -0.027849720476922159 -0.013239321911165147 -0.0053895900515744753 0.015442667929486941 0.0090514356986463717 -0.0064118636718663224 0.018025434898038473
leaf_weight=27.178151473402977 700.80070747435093 34.731749877333641 28.772063732147217 170.51210601627827 551.21052597463131 793.64671705663204 33.178191304206848 52.501346349716187 182.69109569489956 19570.313711956143 104.05811895430088 26.325405955314636 544.15718565881252 253.14540815353394 72.497476562857628 418.8819422274828 167.90143984556198 117.11648413538933 59.410165384411812 118.50525835156441 450.8540994822979 417.64631035923958 95.731396540999413 29.776003316044807 134.85532431304455 277.30485001206398 47.524076387286186 295.56037598848343 180.96308083832264 50.226919397711754
leaf_count=122 2898 170 124 704 2247 3288 137 221 741 79304 423 106 2209 1022 291 1702 693 472 243 476 1819 1683 386 120 544 1124 193 1195 732 203
internal_value=0 0.00970304 0.00194421 -3.30847e-05 0.00175387 0.00357176 0.000419625 0.00630604 -0.000193205 -0.00025192 -0.00174026 -0.0038765 0.000416081 -0.00595234 0.00143397 0.00211397 0.00205162 -0.00546211 0.00987355 -0.0104636 -0.0037892 -0.0063184 -0.00818195 -0.0101521 0.000889968 -0.00110138 0.000941252 0.00429128 -0.00186624 0.00402652
internal_weight=0 90.682 55.9502 25917.3 2131.34 1580.13 733.979 846.148 23786 23615.4 4045.13 2032.04 2013.09 1509.1 1830.4 522.94 1757.9 1482.77 227.312 371.651 1111.12 660.27 543.154 447.422 1530.59 936.208 801.352 524.048 228.487 594.384
internal_count=105592 416 246 105176 8791 6544 3035 3509 96385 95681 16377 8209 8168 6084 7427 2125 7136 5978 936 1498 4480 2661 2189 1803 6200 3788 3244 2120 925 2412
is_linear=0
shrinkage=0.03


Tree=51
num_leaves=31
num_cat=0
split_feature=5 12 13 7 15 7 10 12 2 12 2 4 7 10 9 16 7 15 0 7 5 0 16 13 2 4 5 14 10 4
split_gain=9.19777 13.4391 16.7239 13.8166 17.583 15.893 16.4719 13.45 12.7518 12.5109 12.8347 13.1862 12.4054 12.3889 17.3759 11.8061 13.7815 9.75943 18.396 17.9344 21.8152 17.5955 13.0878 12.661 14.7831 12.1556 19.3815 12.1287 11.7899 15.1146
threshold=0.017064725471080077 26.731285753220288 0.0022561788771797713 0.049787595271544999 1.6210494391813859 0.037968749516002119 0.0038928946251796108 24.176133151443931 44.322175318297774 48.165512982403364 5.6688990381700624 34.730576344602817 0.076033540069384176 0.010591659323404225 0.0013886984753119782 0.024999700293740049 0.090122547915769013 0.30044306839012841 25.977801201255776 0.085517943717637226 0.018597114397819588 50.247559494503037 0.026353904266570808 -0.056003597036001267 -121.77661137116952 88.329570199206103 0.066101771936755357 0.039760653780394624 0.015316976522193217 137.26510136983043
decision_type=2 2 2 2 2 2 2 2 2 2 2 2 2 2 2 2 2 2 2 2 2 2 2 2 2 2 2 2 2 2
left_child=1 3 -3 4 5 6 -1 12 9 10 11 -4 -5 14 -14 -9 -17 18 -2 20 -20 -22 -23 -21 -25 -19 28 -24 -27 -30
right_child=17 2 8 7 -6 -7 -8 15 -10 -11 -12 -13 13 -15 -16 16 -18 25 19 23 21 22 27 24 -26 26 -28 -29 29 -31
leaf_value=0.0054325446644725942 -0.015415268834422893 0.010167699852250352 -0.0093891638238399588 0.0012957991547885583 0.020091398918115368 -0.0082426818583871565 -0.012118270099031337 -0.0001943791827259733 0.011780225987900168 -0.016700113551681977 -0.0068870095869723869 0.0085214880327695638 0.0032458010405846172 0.0025274855729544251 0.023634435550226204 -0.032746954278271574 -0.0013665487226599512 7.7302726149796569e-05 -0.011311293382677272 0.014863408115303596 -0.0042770773154616167 0.011487677173136939 -0.01812862644417013 -0.012924814006003232 0.0040327676030347068 0.00021205054726931955 -0.023724759268554222 0.0064616383361920937 -0.004295368608568554 -0.00040125991427320044
leaf_weight=206.72335191071033 54.63088957965374 325.16393356025219 45.982358828186989 584.35048039257526 28.021935969591141 367.99598127603531 62.732175514101982 116.05591048300266 87.185334250330925 40.448330610990524 124.62013313174248 189.26938267052174 66.564559817314148 144.79083986580372 86.513816848397255 26.058408707380295 24.380300745368004 15251.087720528245 164.23313176631927 92.978120625019073 253.27590100467205 173.39834558963776 30.390806242823601 48.058743312954903 1241.7173071354628 2486.9746981561184 35.127783209085464 44.463899374008179 1917.271421328187 1685.8403300344944
leaf_count=854 224 1370 186 2384 115 1490 255 476 371 165 514 784 271 599 359 107 100 61935 666 385 1027 711 124 195 5074 10056 141 182 7705 6767
internal_value=0 0.00172066 0.00489818 0.000214249 -0.00316684 -0.00418925 0.00134652 0.00235976 0.00138343 -0.000880872 0.000897155 0.00502067 0.00383569 0.00881836 0.0147686 -0.00546089 -0.0175788 -0.000184219 0.00176572 0.00222391 -0.00182146 0.00128613 0.00696189 0.00417166 0.00340091 -0.000376067 -0.00150491 -0.00352194 -0.00137674 -0.00247338
internal_weight=0 2526.86 812.669 1714.19 665.473 637.452 269.456 1048.71 487.506 400.32 359.872 235.252 882.22 297.869 153.078 166.495 50.4387 23479.4 2103.15 2048.52 665.762 501.529 248.253 1382.75 1289.78 21376.3 6125.21 74.8547 6090.09 3603.11
internal_count=105592 10400 3390 7010 2714 2599 1109 4296 2020 1649 1484 970 3613 1229 630 683 207 95192 8588 8364 2710 2044 1017 5654 5269 86604 24669 306 24528 14472
is_linear=0
shrinkage=0.03


Tree=52
num_leaves=31
num_cat=0
split_feature=5 7 10 16 13 2 10 16 7 14 12 4 7 12 0 14 10 10 9 14 5 15 12 5 12 5 12 12 5 12
split_gain=9.04126 12.4164 25.1732 8.29296 15.9624 11.8082 14.4172 10.5931 14.6569 13.0258 13.114 11.681 11.2312 9.71862 18.4593 9.54086 9.00807 8.8179 8.61603 14.4564 16.4358 10.1192 16.2281 8.97866 8.58029 11.3764 8.39747 9.81001 25.4693 17.8581
threshold=0.010784675161996812 0.044859438990104729 0.0038928946251796108 0.10268303692544191 0.08658588965128379 27.537700266853395 0.052829795995029578 0.12684946620132079 0.26953714626344177 0.09632751094555371 22.65624674700679 105.67426206666246 0.13016370261291241 28.220052208367257 75.424156069254977 0.19114014962768813 0.037476781954649881 0.02842700401049825 0.065734342629181 0.1219162942661919 0.043308816860993846 1.1543759303532792 36.307785228806303 0.033233891353506288 33.749974117702159 0.031190846787027288 9.2826813465423452 12.030682799355697 0.039066347886889431 12.993368746108588
decision_type=2 2 2 2 2 2 2 2 2 2 2 2 2 2 2 2 2 2 2 2 2 2 2 2 2 2 2 2 2 2
left_child=1 2 -1 26 5 6 7 8 9 10 -5 12 -9 -13 -15 -16 -11 -7 -6 -20 21 -21 -23 -24 -8 -26 -2 28 -28 -29
right_child=3 -3 -4 4 18 17 24 11 -10 16 -12 13 -14 14 15 -17 -18 -19 19 20 -22 22 23 -25 25 -27 27 29 -30 -31
leaf_value=0.012632078337140628 -0.0084945928308796607 0.013982852438752665 -0.018737290469161515 -0.00070541918659535222 0.020676872425515795 -0.0009863687895153891 0.020842750938859192 -0.017053965706004759 0.016666434353063926 0.0027270035497838851 -0.016873398741821182 -0.0034232719104445872 -0.0013881227752135159 -0.02027628337925607 0.0096347076468711133 -0.01293230174459931 -0.0086207015402495202 -0.022072793660338534 -0.015068852715390383 0.015464887049804825 -0.0097592052885111004 0.010200694265083654 -0.020793575279809639 0.0031193567132940568 0.017451574932824565 -0.0018498383371734401 0.0024079486982400045 -0.0050614672777898658 0.031839723830396287 0.00017524520012472639
leaf_weight=51.748383194208145 101.53357085585594 97.640839755535126 41.477030053734779 91.934990465641022 25.211073040962219 27.8712487667799 27.775061622262001 45.376730024814606 41.067624464631081 383.53005102276802 88.725056305527687 122.43198031187057 446.06984600424767 140.41524794697762 35.14718846976757 32.407671615481377 75.323948383331299 49.63308946788311 37.58121694624424 97.706701576709747 58.531058996915817 105.63608357310295 30.414002195000648 26.396172881126404 35.988151431083679 116.29351046681404 773.58299967646599 602.00196611881256 27.399519920349121 22167.709376558661
leaf_count=227 408 434 171 370 102 113 112 183 167 1544 358 491 1802 563 141 130 303 200 151 393 235 424 122 106 145 469 3135 2438 118 90037
internal_value=0 0.00650623 -0.00132451 -4.72306e-05 -0.00183501 -0.00304086 -0.00251346 -0.00347483 -0.000706679 -0.00182233 -0.00864577 -0.00576717 -0.0028346 -0.0101291 -0.0140769 -0.00119122 0.000864202 -0.0144899 0.00372833 0.00252897 0.00460422 0.0078358 0.00324713 -0.00968272 0.00550846 0.00271159 0.000114498 0.000151583 0.00341473 3.67932e-05
internal_weight=0 190.866 93.2254 25813.7 2141.47 1759.99 1682.49 1502.43 680.582 639.514 180.66 821.849 491.447 330.402 207.97 67.5549 458.854 77.5043 381.476 356.265 318.684 260.153 162.446 56.8102 180.057 152.282 23672.2 23570.7 800.983 22769.7
internal_count=105592 832 398 104760 8624 7091 6778 6052 2742 2575 728 3310 1985 1325 834 271 1847 313 1533 1431 1280 1045 652 228 726 614 96136 95728 3253 92475
is_linear=0
shrinkage=0.03


Tree=53
num_leaves=31
num_cat=0
split_feature=5 15 0 5 15 2 15 5 7 14 16 3 1 16 10 7 2 10 16 2 14 7 5 14 4 16 14 2 14 2
split_gain=8.76721 14.0334 25.3561 13.8114 15.7062 16.0554 13.5044 18.19 17.7309 11.7559 17.6664 20.241 13.347 18.748 12.3535 12.516 17.7906 12.2043 11.8811 11.4429 11.2616 11.2131 10.9191 20.3338 16.129 20.1368 13.5 12.565 13.8211 12.9386
threshold=0.020129949430268364 0.27602857977779033 25.977801201255776 0.032180436535557043 0.52221899590035081 10.571796531133954 1.1276985177039662 0.072563425894475272 0.074700578080672417 -0.0043814289293816469 -0.019457276539352083 38.874878997455227 -0.8314813907752493 -0.016222093038138981 0.003212621446456954 0.076033540069384176 7.5249954484275232 0.0014695192750801003 0.015440331026639666 -3.9822209648751228 0.0049719622140878003 0.14111820352969176 0.027777830566163765 0.042177355963783587 75.680178399815574 -0.012646458081330024 -0.0094936507536927933 0.86242383853910165 0.053947223560372633 -0.32107090587735393
decision_type=2 2 2 2 2 2 2 2 2 2 2 2 2 2 2 2 2 2 2 2 2 2 2 2 2 2 2 2 2 2
left_child=9 2 -2 22 -5 6 7 -6 -8 12 11 -11 13 -1 20 16 -16 18 -14 -9 -13 -7 24 -24 -3 -26 -27 28 -28 -30
right_child=1 3 -4 4 5 21 8 19 -10 10 -12 14 17 -15 15 -17 -18 -19 -20 -21 -22 -23 23 -25 25 26 27 -29 29 -31
leaf_value=-0.00019889190738475669 -0.01900871051545848 0.00053251979324264948 0.0033057940095949246 -0.0033948480503096443 0.0023029981015417265 0.0057885127858158976 -0.016883532670326499 0.00035340050716330953 0.00010028557248864164 -0.0027679910126269876 0.0012340164666961998 0.0083300495271584982 -0.004265023019193381 0.014846482855353976 0.0089292391683375542 0.020817931267308239 -0.013252747538816818 0.0048200672897091359 0.0078189089505888154 0.019630957896644943 0.027367436615939687 -0.0076860316785718353 -0.0039157059360412543 0.00049292353783247044 0.0046160913065790383 -0.024014605049567771 -0.011288694038609076 -0.0015693166045498621 0.0061818140247089553 -0.0056390075994516191
leaf_weight=259.51074324548244 47.389657750725746 5397.4901494532824 1392.5374331921339 766.11892010271549 3221.1577518731356 69.235263615846634 57.00264410674572 39.938717991113663 1877.171806037426 126.35769005119801 3301.6560492068529 48.467722773551941 1103.4216745346785 104.57930235564709 133.29786708950996 47.822036534547806 43.050941303372383 185.17296655476093 78.434140473604202 90.524975076317787 66.11289393901825 281.87423603236675 2644.1996967941523 1462.2686940431595 350.26682184636593 27.277694568037987 286.95022554695606 2020.7238493412733 107.93127316236496 365.71557541191578
leaf_count=1063 194 21867 5695 3118 13141 281 231 164 7636 514 13525 198 4466 432 547 198 177 755 318 377 271 1138 10663 5899 1418 110 1158 8132 436 1470
internal_value=0 -0.000284366 0.0025714 -0.000500044 0.000635448 0.00118321 0.00159586 0.00274778 -0.00040025 0.0010647 0.00200514 0.00747907 -0.00098161 0.00412266 0.0113013 0.00720549 0.00351409 -0.00234107 -0.00346307 0.0137295 0.0193146 -0.00502899 -0.00107421 -0.00234584 -0.000463917 -0.00216651 -0.00301238 -0.0028064 -0.00609305 -0.00294536
internal_weight=0 20505.8 1439.93 19065.8 6403.02 5636.91 5285.8 3351.62 1934.17 5497.88 3766.77 465.109 1731.12 364.09 338.751 224.171 176.349 1367.03 1181.86 130.464 114.581 351.109 12662.8 4106.47 8556.36 3158.87 2808.6 2781.32 760.597 473.647
internal_count=105592 83128 5889 77239 26086 22968 21549 13682 7867 22464 15430 1905 7034 1495 1391 922 724 5539 4784 541 469 1419 51153 16562 34591 12724 11306 11196 3064 1906
is_linear=0
shrinkage=0.03


Tree=54
num_leaves=31
num_cat=0
split_feature=7 8 6 12 7 10 12 12 13 14 10 11 15 3 14 7 12 16 16 10 4 12 3 15 16 14 14 16 4 12
split_gain=8.53915 9.17054 9.62736 8.61156 12.4028 12.832 9.07097 14.0826 10.1152 11.2339 17.6528 22.1566 19.8074 18.3591 16.2529 14.4755 14.4254 15.9255 13.3171 12.7114 12.2501 12.2324 14.3907 14.2439 20.7593 14.1369 11.8312 16.8298 11.1454 11.0486
threshold=0.030916404273755336 -0.0036005358257097937 0.19256809944717682 9.2826813465423452 0.065008867648746374 -0.00074336166497507284 12.030682799355697 12.993368746108588 -0.0030374092793388203 -0.014684687360330127 0.008077022383021994 1.0000000180025095e-35 0.81140668436463426 29.199680196831721 0.030506094984868563 0.067368309633143872 53.238332713707486 0.092182744066050551 0.033170028965651806 0.016433853634865384 181.85201582703857 40.823634227518788 26.158970325031849 0.80403614942178669 -0.074030155478262125 -0.046078084415717195 -0.0015122328725670762 0.0040842765986814364 58.920909416260962 26.159837653538013
decision_type=2 2 2 2 2 2 2 2 2 2 2 2 2 2 2 2 2 2 2 2 2 2 2 2 2 2 2 2 2 2
left_child=1 2 -1 4 5 -2 -5 -8 29 16 11 13 -12 -11 -14 20 17 21 26 -16 -13 23 -23 24 25 -10 27 28 -17 -9
right_child=3 -3 -4 6 -6 -7 7 8 9 10 12 15 14 -15 19 18 -18 -19 -20 -21 -22 22 -24 -25 -26 -27 -28 -29 -30 -31
leaf_value=0.0075050298656346029 -0.031419569982052371 0.010338561896093362 -0.016934933748181617 0.0031455145124699804 0.0058633335115349985 -0.004581915694528647 -0.0046388203711837991 -0.0001146801724837893 -0.00062838768990513779 -0.018233504236550079 0.00073521663985016289 0.00028470930667016015 -0.0084260470249750332 -0.00037850710380987095 0.00098338161178025815 0.0021529066774093552 0.014038465064483167 0.021440379153747302 0.0001071873727344774 -0.0029316790727566188 0.01379835843771606 0.0079185935883610351 -0.012571283707156869 0.0003160576855220242 -0.005873768788816118 0.014234168416185029 0.011003802348567487 -0.01419947447423571 0.019822241695919375 0.0018652887282095507
leaf_weight=31.337379202246666 28.972307071089745 140.67232778668404 27.008010357618332 793.11541682481766 33.718230873346329 35.905658826231956 603.90525440871716 6142.9602556973696 285.4098287075758 53.881756171584129 3571.5093858838081 849.58114923536777 360.62258796393871 1360.6274297237396 1073.2652536183596 120.16137064993382 48.966973721981049 25.067628100514412 220.50838404893875 2450.5450267642736 64.990358829498291 36.797545984387398 190.84085991978645 1276.1052447408438 1188.0910773575306 72.161171212792397 507.99991852045059 43.04492549598217 43.855357304215431 4320.4633272588253
leaf_count=131 116 589 112 3222 136 144 2444 24959 1150 218 14518 3452 1457 5517 4345 486 202 103 892 9845 266 150 772 5144 4793 294 2060 174 178 17723
internal_value=0 0.0061912 -0.0038082 -4.68801e-05 -0.00889601 -0.0165667 -1.2937e-05 -0.000113494 -1.06495e-06 -0.000533105 -7.18272e-05 0.00176789 -0.000877364 -0.00105864 -0.00236004 0.00392889 -0.00211635 -0.00237365 0.00655254 -0.00173925 0.001245 -0.00256941 -0.00925911 -0.00202974 -0.00396643 0.00237102 0.00854014 0.00249584 0.00687739 0.000702871
internal_weight=0 199.018 58.3454 25803.1 98.5962 64.878 25704.5 24911.4 24307.5 13844 10720.6 3264.65 7455.94 1414.51 3884.43 1850.14 3123.44 3074.47 935.57 3523.81 914.572 3049.41 227.638 2821.77 1545.66 357.571 715.062 207.062 164.017 10463.4
internal_count=105592 832 243 104760 396 260 104364 101142 98698 56016 43408 13243 30165 5735 15647 7508 12608 12406 3790 14190 3718 12303 922 11381 6237 1444 2898 838 664 42682
is_linear=0
shrinkage=0.03


Tree=55
num_leaves=31
num_cat=0
split_feature=16 4 10 4 2 8 7 7 10 7 2 16 0 14 16 2 12 7 4 4 12 15 10 14 15 2 7 9 2 4
split_gain=8.18111 18.0966 19.9206 18.3861 10.3571 12.5853 9.20862 14.5868 13.8308 9.89625 9.01197 13.3056 12.3889 11.9476 21.0328 15.3984 15.1805 13.2461 13.18 12.9671 18.9901 11.9139 11.167 10.7178 10.6017 14.4197 19.1582 10.7784 10.5218 20.309
threshold=0.069658659626934863 -126.34115805167313 -0.003172854077105824 -36.532595919176735 44.322175318297774 0.042688993496863399 0.077837356705940539 0.046490464207961532 0.014901045874245235 0.12348945901840087 7.2041264078023906 0.066026968140300082 77.913789374996824 0.033563440171866861 0.011225943604383505 -0.69677928904791375 23.891732535399239 0.033177544256923909 -21.321714691917176 131.2688954265117 19.340012288848126 1.2144411799193395 0.009492954803826394 0.012817371748669483 0.55657710474057109 2.1172619935276868 0.11159377563728198 0.013035687790613039 -0.23474137725692931 56.635462195354464
decision_type=2 2 2 2 2 2 2 2 2 2 2 2 2 2 2 2 2 2 2 2 2 2 2 2 2 2 2 2 2 2
left_child=4 -2 -3 -4 10 6 7 -6 -8 -10 12 -12 13 17 24 16 -16 -1 -17 -19 23 22 -18 -21 28 27 -27 -26 -15 -30
right_child=1 2 3 -5 5 -7 8 -9 9 -11 11 -13 -14 14 15 18 21 19 -20 20 -22 -23 -24 -25 25 26 -28 -29 29 -31
leaf_value=0.0066743100445305218 -0.020794994478150423 0.011638523479412376 -0.017740389751264671 -0.0011226379842398135 0.021362393256889056 -0.016412099601203323 0.013039877312705211 -0.003848568319049569 0.0083383289978980635 -0.006880393631875318 -0.0022501550167041535 0.014319532150150216 -0.019432265562254299 0.015358369520722694 -0.0025350525205397687 -0.018291810218531043 -0.0080318736547947845 -5.2341239839715782e-05 -0.00044333996014997895 0.011077116120040677 -0.011674260243653783 0.016763748670357792 0.0061135375576515721 -0.0034944976632830102 0.0058609443849495556 0.015172155784413737 -0.0016663784610017646 -0.0013773471535243583 -0.015473874030145789 0.010638798912146788
leaf_weight=255.93575870990753 42.124506622552872 108.70738196372986 60.866716131567955 3861.5347237437963 23.914865747094154 25.332749351859093 206.71640032529831 151.52177904546261 81.655733048915863 72.686878249049187 1838.7589490413666 44.675925761461258 28.548236325383186 151.41740539669991 241.69403706490993 37.757141217589378 55.849506258964539 13805.984939306974 2695.2836719155312 65.473962739109993 213.97263792157173 84.792001470923424 499.04920807480812 148.38878403604031 297.83990241587162 177.31294678151608 92.554970026016235 489.35862769186497 36.002255663275719 104.93867936730385
leaf_count=1061 172 444 246 15571 99 103 855 630 343 300 7483 181 116 623 980 154 229 56090 10907 265 866 346 2047 601 1217 723 376 1988 147 429
internal_value=0 -0.00123383 -0.00102942 -0.00138051 0.000230217 0.00425092 0.00522661 -0.000411905 0.00796633 0.00117115 0.000124489 -0.00185711 0.00031606 0.000345041 0.00161527 0.000422067 0.00387017 -9.01107e-05 -0.000689918 -0.00021174 -0.00535546 0.00629025 0.00468983 0.000966594 0.00481127 0.00341284 0.00939715 0.00136129 0.00986752 0.00396852
internal_weight=0 4073.23 4031.11 3922.4 21927.4 561.828 536.496 175.437 361.059 154.343 21365.6 1883.43 19482.2 19453.6 4963.85 3614.43 881.385 14489.8 2733.04 14233.8 427.835 639.691 554.899 213.863 1349.42 1057.07 269.868 787.199 292.358 140.941
internal_count=105592 16433 16261 15817 89159 2330 2227 729 1498 643 86829 7664 79165 79049 20166 14663 3602 58883 11061 57822 1732 2622 2276 866 5503 4304 1099 3205 1199 576
is_linear=0
shrinkage=0.03


Tree=56
num_leaves=31
num_cat=0
split_feature=5 7 10 2 6 0 2 3 9 5 13 2 3 13 4 14 3 4 7 5 5 10 7 10 14 13 10 2 5 10
split_gain=8.39223 9.14828 15.1055 7.82674 10.3535 10.4854 8.88797 9.39963 20.4845 8.95442 7.39766 16.6802 13.2627 20.059 13.0651 11.3545 10.5857 10.878 10.4292 14.4689 10.2379 10.2217 9.7259 9.97322 8.65528 17.9103 16.8434 22.8888 13.7558 12.9162
threshold=0.0098312138534587742 0.051011782225830929 0.0030495110561316045 -121.77661137116952 0.2020060134912042 49.869746931367168 -36.004403656232903 24.446528759624815 -0.043162944662920082 0.012540909388354785 -0.057566508273636789 -3.2346576327061194 21.011058451816762 -0.092586025372378963 -202.30656018624992 -0.2138676862988895 5.2534532452348399 -167.24065987444843 0.19961157315746345 0.033852186302896652 0.082294838605447104 -0.044658339554475394 0.26953714626344177 0.0010959814325329777 -0.040176154612466812 0.017704768060935908 -0.01982518138917749 3.6065591082255053 0.021650037436951628 -0.012488363756268604
decision_type=2 2 2 2 2 2 2 2 2 2 2 2 2 2 2 2 2 2 2 2 2 2 2 2 2 2 2 2 2 2
left_child=1 2 -1 4 -2 -6 7 -5 -9 -10 11 12 14 -14 -8 -12 17 -16 19 -18 21 -13 23 -23 25 29 27 -26 -27 -17
right_child=3 -3 -4 6 5 -7 10 8 9 -11 15 20 13 -15 16 24 18 -19 -20 -21 -22 22 -24 -25 26 28 -28 -29 -30 -31
leaf_value=0.020979671918550897 -0.0014793816320125793 0.021385503643196781 -0.010981282253315799 0.0062853049342832291 -0.0266244791942944 -0.0012887573004795932 -0.0061774777402325131 -0.027003778786127617 0.018424677639422661 -0.0001272863015601821 0.0092643348684654167 -0.0069317180099313603 -0.024894335639993683 -0.0012221429036629438 -0.00010424532811117387 0.00076766931238716845 -0.002390518020732227 0.016816610060229342 -0.0069914876530716326 0.014494522695393688 0.022448470748795833 0.0072808139657376944 0.023386500131074527 -0.0019653459922734234 -0.0024528050538974353 -0.019732516218161932 0.00010385234725291568 -0.029958278814888391 -0.0043732190053106601 -0.002959605213244506
leaf_weight=22.015541791915894 143.16949735581875 34.12919257581234 33.652143880724907 408.93230009078979 35.920771822333336 24.887287154793739 170.99697707593441 24.499321401119232 25.874367907643318 246.38039410114288 113.39916177093983 62.400995478034019 48.796989843249321 94.812144890427589 55.807053744792938 2393.4919243603945 109.55369858443737 88.291211932897568 109.72155892848969 78.332402795553207 30.31910352408886 423.96395780146122 27.111912086606026 139.55038148164749 90.041981175541878 56.302859351038933 18808.963630005717 39.031922236084938 772.71874085068703 1286.493232190609
leaf_count=106 585 170 140 1676 145 101 698 101 107 1004 473 259 201 387 229 9748 448 369 450 325 128 1762 115 579 366 226 76227 158 3107 5202
internal_value=0 0.00915628 0.00165868 -3.08689e-05 -0.00588422 -0.0162552 1.55779e-05 0.00333584 -0.000728577 0.00163584 -7.81443e-05 0.00200951 -0.00105994 -0.00926572 0.000863379 -0.00020571 0.0035891 0.0102634 0.000357463 0.0046491 0.00540672 0.0046155 0.00583549 0.00499107 -0.000251511 -0.00143277 2.97375e-05 -0.0107705 -0.00541634 -0.000535356
internal_weight=0 89.7969 55.6677 25909.8 203.978 60.8081 25705.8 705.686 296.754 272.255 25000.1 1439.66 756.312 143.609 612.703 23560.4 441.706 144.098 297.608 187.886 683.346 653.027 590.626 563.514 23447 4509.01 18938 129.074 829.022 3679.99
internal_count=105592 416 246 105176 831 246 104345 2888 1212 1111 101457 5950 3107 588 2519 95507 1821 598 1223 773 2843 2715 2456 2341 95034 18283 76751 524 3333 14950
is_linear=0
shrinkage=0.03


Tree=57
num_leaves=31
num_cat=0
split_feature=5 7 10 16 13 6 2 10 9 2 0 5 2 2 5 5 7 3 2 11 13 15 11 6 2 15 2 5 7 13
split_gain=7.93876 8.7272 14.2933 7.46728 15.2844 11.2282 11.9362 14.8786 11.8104 13.3864 8.72863 8.44526 7.84169 14.5235 9.65747 19.1591 17.1703 15.0994 19.4222 13.2967 12.3997 17.5813 16.586 19.4096 15.6268 12.8626 12.7584 14.7239 23.9428 14.4269
threshold=0.0098312138534587742 0.051011782225830929 0.0030495110561316045 0.10268303692544191 0.08658588965128379 1.158187269669132 27.537700266853395 0.052829795995029578 0.071411725285311603 13.401936174820607 66.885303417110336 0.035205530675683806 27.537700266853395 13.401936174820607 0.032180436535557043 0.027777830566163765 0.052796157978538906 66.353944761280758 -18.820364180867884 1.0000000180025095e-35 0.042680602146004117 1.4156513904453594 1.0000000180025095e-35 -0.10447822921876777 -16.312763147919778 2.8281876168364675 0.9352790547874178 0.035205530675683806 0.096052195097753076 -0.040947404368057154
decision_type=2 2 2 2 2 2 2 2 2 2 2 2 2 2 2 2 2 2 2 2 2 2 2 2 2 2 2 2 2 2
left_child=1 2 -1 12 5 6 7 8 9 -5 -10 -12 13 14 15 -2 -17 18 -18 -20 21 22 23 -16 -25 -22 27 28 29 -24
right_child=3 -3 -4 4 -6 -7 -8 -9 10 -11 11 -13 -14 -15 20 16 17 -19 19 -21 25 -23 26 24 -26 -27 -28 -29 -30 -31
leaf_value=0.020528402987506713 0.00034718273500124641 0.020946203519342548 -0.010629694085085694 -0.0030812801366409152 0.0037180546872184733 0.016233524944611971 -0.014846979447712792 0.0054763288430786077 0.0036604844894769879 0.011253267926774915 -0.0085538327734079721 -0.022732933851361461 0.0027715890597352672 -0.0038896556539634486 -0.015997293726811416 0.012002784354795194 0.0058948571043239764 0.00054729112103997447 -0.0069428141943926663 -0.002407273925911993 -0.002853471895097783 -0.0023377872944309892 0.016667571504740988 -0.0056856495301444094 0.0056404438853520167 0.01682183288300786 -0.0059359786043485848 -0.00058995766036640978 0.0093473259717801391 -0.0077237115755507246
leaf_weight=21.827395305037498 12815.330537348986 33.804590910673141 33.721192315220833 1123.0521334558725 381.38013169169426 27.158938065171242 75.811663627624512 179.72357802093029 41.608695507049561 61.862020194530487 204.42791603505611 46.383729711174965 965.1674465239048 827.96136964857578 40.529974222183228 76.121873006224632 177.99974504113197 1097.8675650954247 1029.8280201256275 1337.0003259629011 800.19429713487625 750.74209867417812 25.701445251703262 116.48321111500263 1865.0385795384645 31.064753770828247 233.49425245821476 1024.2800993770361 407.52876257896423 144.6879508048296
leaf_count=106 51991 170 140 4529 1533 109 306 725 167 249 820 186 3967 3356 167 309 725 4421 4156 5400 3226 3057 105 481 7673 125 946 4200 1661 586
internal_value=0 0.00892764 0.00161364 -2.99253e-05 -0.00172668 -0.0029065 -0.00320648 -0.00267392 -0.00366543 -0.0023329 -0.00906494 -0.011176 0.000122952 1.08398e-05 0.000157808 -0.000202935 -0.00209868 -0.00239336 -0.00366199 -0.00438073 0.00125429 0.0018626 0.00268002 0.00455428 0.00497464 -0.00211819 0.000615494 0.00157026 0.00539896 -0.00404454
internal_weight=0 89.3532 55.5486 25908.4 2141.41 1760.03 1732.87 1657.06 1477.33 1184.91 292.42 250.812 23767 22801.9 21973.9 16534.1 3718.82 3642.7 2544.83 2366.83 5439.75 4608.49 3857.74 2022.05 1981.52 831.259 1835.69 1602.2 577.918 170.389
internal_count=105592 416 246 105176 8624 7091 6982 6676 5951 4778 1173 1006 96552 92585 89229 67002 15011 14702 10281 9556 22227 18876 15819 8321 8154 3351 7498 6552 2352 691
is_linear=0
shrinkage=0.03


Tree=58
num_leaves=31
num_cat=0
split_feature=5 15 0 5 15 15 13 4 7 13 12 13 15 7 10 12 5 4 4 9 5 10 14 6 9 9 11 5 9 7
split_gain=7.61145 13.0582 23.9604 12.3594 13.4551 13.2942 16.1564 15.2467 12.3931 12.0602 11.7474 17.0198 13.4028 26.017 21.3814 16.9455 31.2909 22.9057 15.259 14.5404 12.028 11.6643 11.5735 12.1806 13.7996 11.3879 17.7367 12.1838 11.3744 13.4434
threshold=0.020129949430268364 0.27602857977779033 25.977801201255776 0.031795910376407895 0.48750742724445723 1.1686481775187749 0.038978399896038914 142.10737960564896 0.075142909764689084 -0.056003597036001267 30.178265711406983 -0.010317838848865722 0.123694979234532 0.077411252240618053 -0.0067751399263793468 20.017454590213649 0.013601787566843776 -34.930679865367047 181.85201582703857 0.0013886984753119782 0.01881059772550446 0.040232134130093196 -0.017852676942668396 0.23842458135253411 -0.0044949973356344644 0.034639990066760114 1.0000000180025095e-35 0.016764220919492288 -0.0092047839680856596 0.049787595271544999
decision_type=2 2 2 2 2 2 2 2 2 2 2 2 2 2 2 2 2 2 2 2 2 2 2 2 2 2 2 2 2 2
left_child=10 2 -2 -3 -5 6 -6 -8 -7 -4 12 -12 13 14 -1 16 -14 20 22 -15 -18 -9 -16 28 -25 -21 -27 -28 29 -24
right_child=1 3 9 4 5 8 7 21 -10 -11 11 -13 15 19 18 -17 17 -19 -20 25 -22 -23 23 24 -26 26 27 -29 -30 -31
leaf_value=0.0076360498186261077 -0.018480022595103625 -0.0010347914282611264 0.013474387781302442 -0.0036178141499306929 0.0029176317563887233 -0.014404596619574493 -0.0042947424574954233 0.0007556373284944559 -0.00059757809477629876 0.002445856867048091 0.010379667050230603 0.001780199563443486 0.030183053807356523 -0.0036074410299079189 -0.014333597534191821 -0.001067094965385734 -0.006845065492376178 0.0056109992966065052 0.011217630517322611 0.010849035451725313 0.0037036664639964862 0.016367097573536372 -0.014179385008590424 -0.020261613186422944 -0.0053396613961709865 -0.018034109700505344 -0.004664404255561745 0.022513367135038494 0.022059067186337895 0.01428786345374106
leaf_weight=115.58529394865036 47.41891123354435 12369.829627618194 95.841328874230385 627.1161837130785 3270.3560579568148 60.346578821539879 595.17296792566776 159.54763773083687 1921.6619549095631 1295.7255511730909 257.69578406214714 1055.7280530035496 39.292079523205757 163.00865779817104 154.36422936618328 1204.0146605968475 257.35262770950794 941.70295011997223 44.149478241801262 237.28440961241722 156.40710641443729 59.003399521112442 34.289538562297821 61.246662810444832 624.58558937907219 36.016100436449051 30.308095619082451 29.098715797066689 25.595053538680077 26.444021552801132
leaf_count=471 194 49967 398 2551 13391 244 2399 641 7809 5297 1069 4341 162 664 624 4899 1039 3834 184 986 631 237 140 248 2563 147 127 121 107 107
internal_value=0 -0.000264875 0.00249082 -0.000472891 0.000565567 0.000998047 0.00197642 -0.00180631 -0.00101796 0.00320542 0.000992487 0.00346743 0.000214959 -0.00196213 -0.00456109 0.00154024 0.00379101 0.00302596 -0.0060135 0.00373295 -0.00285749 0.00497035 -0.00683457 -0.00533542 -0.00667223 0.00732935 -0.0014229 0.00864784 0.00528477 -0.00178445
internal_weight=0 20502 1438.99 19063 6693.2 6066.09 4084.08 813.724 1982.01 1391.57 5494.17 1313.42 4180.75 1581.98 1086.26 2598.77 1394.75 1355.46 970.675 495.716 413.76 218.551 926.525 772.161 685.832 332.707 95.4229 59.4068 86.3286 60.7336
internal_count=105592 83128 5889 77239 27272 24721 16668 3277 8053 5695 22464 5410 17054 6489 4444 10565 5666 5504 3973 2045 1670 878 3789 3165 2811 1381 395 248 354 247
is_linear=0
shrinkage=0.03


Tree=59
num_leaves=31
num_cat=0
split_feature=5 7 7 3 16 13 8 2 2 16 7 9 4 14 12 16 7 2 16 2 0 2 8 5 6 5 3 4 9 12
split_gain=7.59986 11.5004 16.2075 7.27987 16.4236 17.3767 12.1235 11.3841 8.82311 13.271 15.793 14.2887 7.99459 7.77346 7.56435 7.46033 9.92137 12.8143 7.8854 16.9796 12.2573 8.95301 7.78643 10.5052 9.86481 8.8381 7.53698 12.576 9.41074 16.8464
threshold=0.010784675161996812 0.044859438990104729 0.033177544256923909 4.8602655493202773 -0.018182263105128656 -0.056003597036001267 -0.018947922722850948 -0.72771455058753676 -121.77661137116952 -0.069559465251880878 0.096052195097753076 -0.031998146170284784 -167.24065987444843 -0.17440612063036706 30.340967043967101 -0.20093598311006347 0.57614342791960527 -1.4170827507712831 -0.14457251987685701 -5.7830194397514836 19.986611486527035 -3.7286013600415244 -0.00093070148240032003 0.040740576984948387 0.23842458135253411 0.031921831291043666 97.938144329896929 162.04327479008415 0.051822246415946467 53.238332713707486
decision_type=2 2 2 2 2 2 2 2 2 2 2 2 2 2 2 2 2 2 2 2 2 2 2 2 2 2 2 2 2 2
left_child=1 2 -1 4 5 12 -6 14 9 -5 -11 -12 13 -2 -7 -10 18 -18 19 -17 -20 -21 23 25 -25 -23 28 -28 29 -22
right_child=3 -3 -4 8 6 7 -8 -9 15 10 11 -13 -14 -15 -16 16 17 -19 20 21 26 22 -24 24 -26 -27 27 -29 -30 -31
leaf_value=0.01084944533462448 -0.013597585467647815 0.013237698977522503 -0.014233518939572341 0.0097825567376631593 0.013261294711413634 -0.004065834149700606 -0.0063729002588343766 -0.016073537557964836 -0.0092831384575290093 -0.00033478297123055615 -0.010993852651899423 -0.039165419890849366 0.011046416281035379 0.0039598608983142406 0.0074361928779320078 0.019135160566624902 -0.0016654929732073721 0.025568964992518831 -0.018401083219817784 -0.016107714625367558 -4.1059835458216783e-05 0.0029371142901028122 -0.011153746931622991 -0.010273163347622407 0.013396117028182126 0.026430886827066607 -0.00012585365353426215 0.015593836524376346 -0.0018845895018568236 0.009235294932385783
leaf_weight=46.884488701820374 26.399544462561607 96.545752823352814 45.86540187895298 33.905419006943703 172.3982832878828 253.04055479168892 33.863451763987541 59.027461558580399 79.237528249621391 63.333353981375694 45.86535370349884 25.055463492870331 135.85281653702259 161.74061687290668 64.596019610762596 60.046272560954094 31.208015501499176 30.988281220197678 33.060174480080605 24.616903513669968 21372.459142670035 26.173826977610588 27.272051304578781 42.720082223415375 25.193228781223297 32.066671013832092 122.74016806483269 73.071385487914085 2571.7132279723883 177.6598673760891
leaf_count=208 107 434 190 138 711 1031 138 241 325 257 188 101 570 668 267 246 129 129 135 101 86785 106 110 177 104 132 501 297 10339 727
internal_value=0 0.00599004 -0.00155424 -4.30668e-05 0.00259709 0.000406668 0.0100378 -0.00397503 -0.000139234 -0.0069878 -0.0112231 -0.0209465 0.0055007 0.00149623 -0.00172673 -9.26654e-05 -6.31238e-05 0.0119036 -9.33931e-05 0.00533974 -0.000146516 0.000687136 0.00338184 0.00652416 -0.00149277 0.0158726 -0.000121698 0.00574029 -0.000169284 3.54147e-05
internal_weight=0 189.296 92.7499 25805.3 906.919 700.657 206.262 376.664 24898.4 168.16 134.254 70.9208 323.993 188.14 317.637 24730.2 24651 62.1963 24588.8 238.089 24350.7 178.043 153.426 126.154 67.9133 58.2405 24317.6 195.812 24121.8 21550.1
internal_count=105592 832 398 104760 3733 2884 849 1539 101027 684 546 289 1345 775 1298 100343 100018 258 99760 976 98784 730 629 519 281 238 98649 798 97851 87512
is_linear=0
shrinkage=0.03


Tree=60
num_leaves=31
num_cat=0
split_feature=12 15 12 12 4 7 7 3 13 4 11 12 7 15 15 7 0 9 9 15 0 10 9 9 3 7 6 10 3 3
split_gain=7.29946 10.9728 9.02897 13.6907 10.5199 9.91644 8.74695 8.60107 9.98354 14.6754 11.3448 8.52467 9.83691 7.95569 8.45391 7.76482 7.0882 7.69945 6.92714 6.89972 16.2243 13.2261 12.9334 21.3018 12.2915 11.6703 13.2866 11.6616 10.7534 9.69659
threshold=9.2826813465423452 0.86336166636625966 12.030682799355697 12.858867078357919 127.21460513151335 0.1098243882782045 0.027699034189827807 4.8602655493202773 -0.057566508273636789 -174.61902809102031 1.0000000180025095e-35 31.645824378014087 0.054653410117342247 1.499430416534145 1.2144411799193395 0.13422837070991012 41.473601361325443 -0.030554465954196416 -0.023797387348060358 1.1616660148152971 23.064638778568419 0.017878681414463474 0.090458270319850778 0.0674472155665259 92.45999605626011 0.26953714626344177 0.77885638026325077 -0.041623980918846885 45.968270294525801 79.324146358826013
decision_type=2 2 2 2 2 2 2 2 2 2 2 2 2 2 2 2 2 2 2 2 2 2 2 2 2 2 2 2 2 2
left_child=1 -1 15 4 5 -4 -5 8 9 -8 -10 12 -12 14 -11 16 17 -2 -14 20 -9 -21 23 25 -25 27 -27 -22 -23 -24
right_child=2 -3 3 6 -6 -7 7 19 10 13 11 -13 18 -15 -16 -17 -18 -19 -20 21 22 28 29 24 -26 26 -28 -29 -30 -31
leaf_value=-0.016035238807064561 0.0037583741081217061 0.0038562517120837238 -0.0080190673519206224 0.010262156471514662 0.0070661230997835622 0.0060708181471949675 0.0004112144605084355 -0.016200698864265551 -0.0047421700728655378 0.012059851244397759 -0.014791224882736709 0.016282403027806765 0.0018163634864953506 -0.00035851040460391627 0.030511454272820777 0.019651283329945726 0.0034167766672324315 -0.018035055163264955 0.01705949861233641 -0.00021042709962580978 -0.0099290555766459784 0.0081255058295634126 -0.0087731556446423754 -0.0097680456129387565 0.00026957863668694608 0.0059315371316665273 -0.01471121488184058 0.00022618910839385049 -0.0042456692922091576 0.0087157515545951171
leaf_weight=61.417639493942261 28.388954654335976 42.045471653342247 404.68561108410358 75.002882704138756 58.446108534932137 50.573638081550598 179.66767321527004 54.258206993341446 230.63220383226871 133.35594244301319 27.719477072358131 44.731754779815674 164.92348471283913 36.553552493453026 26.846583232283592 24.838514104485512 734.69394381344318 30.015792682766914 32.045156061649323 4268.7280453443527 102.39881221950054 66.548848658800125 32.311760887503624 303.4101097881794 172.05883421003819 486.90865468978882 29.778505548834801 16576.212768450379 1270.3383677750826 243.92823867499828
leaf_count=247 115 169 1635 319 237 208 740 222 944 562 113 186 674 151 113 103 2989 121 130 17314 421 272 130 1220 693 2010 120 67348 5104 982
internal_value=0 -0.00795171 3.26455e-05 -6.85449e-05 -0.00491564 -0.00645386 3.28454e-05 1.50865e-06 0.00291968 0.00660999 0.000141732 0.00432251 0.00194149 0.0122704 0.015152 0.00313441 0.00261713 -0.00744186 0.00429629 -0.000106837 0.000179368 -0.00102593 0.000228889 0.000128197 -0.00613571 0.000301401 0.00474182 0.000163841 -0.00362985 0.00667008
internal_weight=0 103.463 25890 25072.1 513.705 455.259 24558.4 24483.4 876.476 376.424 500.052 269.42 224.688 196.756 160.203 817.937 793.099 58.4047 196.969 23606.9 18001.3 5605.62 17947 17670.8 475.469 17195.3 516.687 16678.6 1336.89 276.24
internal_count=105592 416 105176 101848 2080 1843 99768 99449 3613 1566 2047 1103 917 826 675 3328 3225 236 804 95836 73146 22690 72924 71812 1913 69899 2130 67769 5376 1112
is_linear=0
shrinkage=0.03


Tree=61
num_leaves=31
num_cat=0
split_feature=5 12 12 7 15 7 12 11 9 15 12 10 8 11 16 10 10 12 14 16 8 5 12 7 16 16 10 7 16 16
split_gain=7.28203 11.9669 14.3045 13.0647 16.2882 14.0434 13.2668 17.7321 17.0244 17.9495 13.9745 13.2288 18.4745 14.9855 12.1974 10.4573 9.26469 11.1614 10.6011 9.78436 8.52782 11.7234 8.44167 12.904 10.0571 16.4275 8.22303 9.42684 8.17079 7.83101
threshold=0.017064725471080077 26.731285753220288 53.238332713707486 0.049787595271544999 1.6210494391813859 0.042273541113097148 18.480502916739539 1.0000000180025095e-35 -0.0092047839680856596 0.40319484498630814 19.757498347060274 0.0033829112053952452 0.0001874016979496185 1.0000000180025095e-35 -0.015035270520102338 0.01245099388952964 -0.0067751399263793468 24.176133151443931 0.04300350019965405 -0.024745243614938846 0.011364914820612528 0.015223320996517183 55.045967044368666 0.1064472573155396 -0.15528909681375438 -0.039812031976408639 0.022931729728588372 0.1156292104248617 0.012358413274291271 0.015440331026639666
decision_type=2 2 2 2 2 2 2 2 2 2 2 2 2 2 2 2 2 2 2 2 2 2 2 2 2 2 2 2 2 2
left_child=1 3 26 4 5 11 8 10 -5 15 -8 12 13 -1 -14 20 19 -18 -19 -9 21 -10 -2 -24 -25 -26 27 -3 -16 -7
right_child=22 2 -4 6 -6 29 7 16 9 -11 -12 -13 14 -15 28 -17 17 18 -20 -21 -22 -23 23 24 25 -27 -28 -29 -30 -31
leaf_value=-0.01912630009379801 -0.00022658446839850965 0.0053450140543117438 -0.015376492544791445 -0.0073493198989305541 0.019273946980263655 -0.012379053401587922 0.0069914517151486149 0.003512803126162492 0.0091709220673254956 0.018370335667442558 -0.01149532181424852 -0.0092045765255422685 0.02525404637424504 0.0016736347078223006 -0.0012410702077885612 -0.012783524917081669 0.0041956619019881108 -0.018728250642217836 0.0015752031067528748 0.02612411779911681 0.017858911920049726 -0.009758884762670339 0.025994181138268107 -0.012206002614405714 0.01986560114267041 0.00080968727515350622 -0.0040698179251849121 0.018393185834057146 0.018788121275113642 0.0019947928320309788
leaf_weight=42.978004679083824 23187.936135813594 648.99709156155586 31.211204037070274 66.203060120344162 27.859529376029968 198.05930389463902 47.063794612884521 41.105737671256065 87.137777924537659 123.409055352211 168.76041680574417 116.46654845774174 39.37490639090538 113.49970446527004 58.291196838021278 29.038561686873436 271.77410025894642 43.165123909711838 49.902230590581894 29.645057335495949 45.354077845811844 44.471623435616493 24.074661701917648 33.880118876695633 53.360573932528496 171.80566173791885 75.532896161079407 53.976625561714172 26.739406928420067 41.210394605994225
leaf_count=174 94038 2724 129 267 115 801 193 167 358 507 688 473 163 468 243 120 1122 177 207 121 188 181 98 139 221 696 312 225 110 167
internal_value=0 0.00153295 0.00453785 0.000111332 -0.00317885 -0.00416142 0.00219939 -0.000432277 0.00653267 0.00932259 -0.007464 -0.000703821 0.00282097 -0.00403925 0.0114498 0.00390239 0.00305175 0.00112507 -0.00784164 0.0129871 0.00664044 0.00277442 -0.000163717 0.00498518 0.00303269 0.00532562 0.00533624 0.0063469 0.00505747 -0.00990339
internal_weight=0 2521.23 809.718 1711.51 664.479 636.619 1047.03 651.416 395.614 329.411 215.824 397.35 280.883 156.478 124.406 206.002 435.592 364.841 93.0674 70.7508 176.963 131.609 23471.1 283.121 259.046 225.166 778.507 702.974 85.0306 239.27
internal_count=105592 10400 3390 7010 2714 2599 4296 2675 1621 1354 881 1631 1158 642 516 847 1794 1506 384 288 727 539 95192 1154 1056 917 3261 2949 353 968
is_linear=0
shrinkage=0.03


Tree=62
num_leaves=31
num_cat=0
split_feature=5 7 10 12 7 12 5 12 4 7 5 5 14 16 10 15 10 12 7 14 5 7 10 15 12 16 5 16 10 5
split_gain=7.17381 7.98699 13.2972 6.94665 10.53 8.07817 27.703 13.2223 10.0102 9.56752 8.02489 17.4916 13.7248 29.6843 22.0593 17.019 16.5102 17.8826 17.1147 13.7044 13.2183 12.5528 17.3578 18.5051 26.1835 18.2262 14.9767 14.7176 14.1974 21.9962
threshold=0.0098312138534587742 0.051011782225830929 0.0030495110561316045 9.2826813465423452 0.065008867648746374 12.030682799355697 0.039066347886889431 12.858867078357919 124.69225208396936 0.1098243882782045 0.025190144947660417 0.032057418237453505 0.044638097546867546 0.01926804557319867 0.021326498375101813 0.69651231965058202 0.0027056183324890575 16.833749292187779 0.14205817523544348 -0.1457172957551163 0.029881234711621074 0.16157752613709211 0.013854413865847516 0.56955262156233921 20.611604881945777 0.026353904266570808 0.01804647545181072 -0.00060271477391649053 -0.00055505184033055588 0.022311397524667733
decision_type=2 2 2 2 2 2 2 2 2 2 2 2 2 2 2 2 2 2 2 2 2 2 2 2 2 2 2 2 2 2
left_child=1 2 -1 4 -2 6 -5 8 9 -7 21 12 16 -14 -15 -16 17 -12 -19 -20 -17 22 28 24 25 -24 27 -25 29 -9
right_child=3 -3 -4 5 -6 7 -8 10 -10 -11 11 -13 13 14 15 20 -18 18 19 -21 -22 -23 23 26 -26 -27 -28 -29 -30 -31
leaf_value=0.019955897581716037 -0.014461617612376043 0.020155976719196864 -0.010202795055461801 0.0018429174416464728 0.0059653894430728759 -0.0079510275204148773 0.030771870666210736 -0.0019411376087676688 0.0065351835689068166 0.0059004120278589988 -0.0058993632129363972 0.00062730736628143998 0.0083193059138984664 0.0023434397801657065 0.0011167565419418202 -0.0087635740592773813 -0.0054116120070020176 0.0011521529052549958 -0.018493383829615555 -0.0031436902621286792 -0.00017511795954343559 0.0049235300540889562 0.0026949574057214261 0.024274136814170202 0.0039075477737601453 -0.023838103574753716 -0.0048877034094093729 0.0004534112229632192 0.0022480742693015638 0.0031033689744300341
leaf_weight=21.553540349006653 69.568563222885132 33.209809631109238 33.77776175737381 783.63473629951477 33.721277698874474 401.23903685808182 30.969668343663216 2422.8578645437956 61.111709132790565 50.532073721289635 629.53590498864651 6602.7325938791037 352.21335972845554 955.21909528970718 422.74862246215343 569.94228449463844 1275.5480622500181 1921.3050489574671 57.637327656149864 570.48735566437244 224.93537682294846 576.01824183762074 39.931854441761971 25.448804095387459 715.68294636905193 55.944105669856071 1397.3109559416771 282.20389990508556 4228.5191791206598 1145.8813892006874
leaf_count=106 279 170 140 3179 136 1619 134 9830 248 208 2537 26925 1428 3859 1708 2289 5149 7772 234 2309 904 2331 164 105 2942 228 5633 1151 17229 4646
internal_value=0 0.00852563 0.0015451 -2.82792e-05 -0.00779276 2.80624e-06 0.00294274 -9.30466e-05 -0.00486023 -0.0064017 6.86322e-06 -0.000479576 -0.0015267 0.000240254 -0.00106934 -0.00374665 -0.0025283 -0.00137138 -0.000253275 -0.00455219 -0.0063332 0.000613574 0.000372866 -0.00179349 0.00193526 -0.0127872 -0.00356837 0.00242384 0.00107205 -0.000321404
internal_weight=0 88.5411 55.3313 25902.9 103.29 25799.6 814.604 24985 512.883 451.771 24472.1 13582.3 6979.57 2525.06 2172.85 1217.63 4454.51 3178.97 2549.43 628.125 794.878 10889.8 10313.8 2516.52 811.559 95.876 1704.96 307.653 7797.26 3568.74
internal_count=105592 416 246 105176 415 104761 3313 101448 2075 1827 99373 55114 28189 10188 8760 4901 18001 12852 10315 2543 3193 44259 41928 10223 3334 392 6889 1256 31705 14476
is_linear=0
shrinkage=0.03


Tree=63
num_leaves=31
num_cat=0
split_feature=5 7 10 8 15 1 3 7 0 14 11 0 14 6 15 4 5 10 10 4 13 13 15 10 10 3 5 7 9 8
split_gain=6.78604 7.61769 12.5834 6.58263 19.4353 13.612 36.3486 15.3298 11.2511 11.0766 23.8103 29.8241 19.5939 19.4359 17.8889 15.1196 14.9609 14.0527 15.8699 13.6185 12.4734 10.9738 10.9625 12.1327 10.5885 10.2408 13.3136 10.2188 10.2058 9.61072
threshold=0.0098312138534587742 0.051011782225830929 0.0030495110561316045 -0.030038154247511214 1.5149558885218333 -1.1352917759318697 27.003136398686461 0.26953714626344177 30.080213591350383 -0.046078084415717195 1.0000000180025095e-35 38.002085888864897 -0.057102882457433272 0.092941458572777677 1.0000000180025095e-35 49.348110323543786 0.046593972937926505 -0.01982518138917749 -0.015289344198879005 -1.6586464410974624 -0.026992741724949195 0.019220454300963977 1.1210739692850844 -0.021929089616122718 -0.011903748789420852 41.062820977221982 0.061558870266101032 0.081431340466422267 -0.064393806001920725 -0.00075044364512744089
decision_type=2 2 2 2 2 2 2 2 2 2 2 2 2 2 2 2 2 2 2 2 2 2 2 2 2 2 2 2 2 2
left_child=1 2 -1 4 5 6 -2 -7 -5 10 13 12 27 20 29 16 28 19 -19 21 -10 -11 23 25 -17 -18 -27 -12 -15 -13
right_child=3 -3 -4 8 -6 7 -8 -9 9 17 11 14 -14 15 -16 24 22 18 -20 -21 -22 -23 -24 -25 -26 26 -28 -29 -30 -31
leaf_value=0.019525758694937799 0.001727854303459745 0.019740323044538727 -0.009878809783588979 0.0075197088193006655 -0.003276632620265829 0.0048303816350211892 -0.030489521644500694 0.021655713071656726 -0.0035756943532599009 -0.0086030718651112885 0.012847420643211468 -0.012051319615445821 0.015155866608035551 -0.016241366920195423 -0.0055146352739252127 -0.024195478495980732 0.018545520639755567 0.0074919113760191572 2.7153488617651442e-05 -0.02307290064435575 -0.021340382911035526 0.012742631007365848 -0.0017358726205002378 0.032368219468821416 0.0011065004305849521 -0.015480980019161896 0.011416954602939474 -0.0023103591899582294 0.0013762078310716401 -0.031252951465763922
leaf_weight=21.370304018259048 699.12751929461956 32.896596670150757 33.838032260537148 170.00096353888512 551.24377848207951 791.28554528951645 33.005255863070488 51.935010731220245 111.99940124154091 90.142045453190804 44.984703570604324 71.638970285654068 85.464671656489372 30.239649027585983 1207.8844880759716 34.052517220377922 64.777741774916649 259.73425671458244 19512.02085056901 43.619174897670746 52.129258513450623 28.538545295596123 58.877081662416458 25.5083829164505 26.44643646478653 25.219805523753166 48.240304753184319 363.34163938462734 1385.1828083693981 34.882765859365463
leaf_count=106 2898 170 140 704 2247 3288 137 221 454 368 183 289 348 124 4869 137 270 1054 79097 176 211 115 241 106 106 104 200 1477 5612 140
internal_value=0 0.0083126 0.00150325 -2.74084e-05 0.00157169 0.0032682 0.000275464 0.00586667 -0.000170443 -0.000225827 -0.00174021 -0.00419246 0.00209356 0.000640318 -0.00655397 0.00159291 0.00213687 5.3048e-05 0.000125215 -0.00873854 -0.00921798 -0.00347017 0.00936616 0.013358 -0.013135 0.00985017 0.00218255 -0.000640449 0.000999819 -0.0183393
internal_weight=0 88.1049 55.2083 25901.5 2126.6 1575.35 732.133 843.221 23774.9 23604.9 3670.87 1808.2 493.791 1862.67 1314.41 1698.54 1638.05 19934.1 19771.8 162.3 164.129 118.681 222.623 163.746 60.499 138.238 73.4601 408.326 1415.42 106.522
internal_count=105592 416 246 105176 8791 6544 3035 3509 96385 95681 14871 7306 2008 7565 5298 6900 6657 80810 80151 659 665 483 921 680 243 574 304 1660 5736 429
is_linear=0
shrinkage=0.03


Tree=64
num_leaves=31
num_cat=0
split_feature=16 13 12 10 4 3 12 10 15 15 3 14 10 5 10 0 0 15 14 5 15 12 9 3 12 16 10 15 5 14
split_gain=6.84267 14.5618 9.41961 13.1434 28.111 10.8719 8.95918 12.3512 20.0385 12.4705 10.139 9.65879 18.9292 8.99902 12.8576 19.0803 10.855 12.2495 9.79145 9.64051 8.72416 12.8831 9.799 12.5055 12.7422 10.4752 8.58918 8.16548 9.78328 7.49219
threshold=0.10268303692544191 0.071740849678425658 50.719948009454647 -0.029068459741351246 -40.967303520375033 89.826799935535703 27.966577978931252 0.025650071075877138 1.1471700518438384 0.5266383658219238 74.919353999521334 0.0979482869245384 0.021639977424037674 0.024445349838751327 0.043762308495282627 66.658555336377106 64.814954107818053 0.50775926734283006 0.14611185035344346 0.042817113601363262 1.4156513904453594 35.34210831533769 0.062553767191650858 87.789721527424561 30.814430972840324 0.23854632312305704 0.052829795995029578 1.821973618246995 0.034002764947780269 0.11942890185268486
decision_type=2 2 2 2 2 2 2 2 2 2 2 2 2 2 2 2 2 2 2 2 2 2 2 2 2 2 2 2 2 2
left_child=-1 2 3 -2 -5 -4 7 9 -9 -6 -11 -8 -13 18 16 -16 19 -18 -14 -15 22 29 -3 24 -24 -25 -17 28 -12 -22
right_child=1 20 5 4 6 -7 11 8 -10 10 27 12 13 14 15 26 17 -19 -20 -21 21 -23 23 25 -26 -27 -28 -29 -30 -31
leaf_value=0.00014674542653909348 0.016779966541336153 0.021575515605518333 0.0078361171011152725 -0.034090541543305555 -0.016514455988893527 -0.0096107723502622932 -0.01622162330718005 0.011432444480575163 -0.012317528853456614 0.0057306406104237605 -0.014335508750564363 0.013868111098412645 -0.0068969754769143956 -0.0014592826079150411 0.014635185584616786 -0.013139097029624852 0.0013079234445326211 -0.017452205760793083 0.0086596524851899285 -0.019904693666379862 -0.010160095238224424 -0.011792011383623235 -0.020961607210878683 0.0049086143359054453 0.0043764133222241822 0.023089465310966444 0.00029162465230586675 0.0094450658297246803 0.0043648073382048019 0.0065322063974202873
leaf_weight=23846.34777019918 27.4032341837883 33.483022645115852 131.7741025686264 27.757571876049042 57.887626260519028 42.516158878803253 68.507244989275932 137.73573227226734 41.638347610831261 111.61209428310394 92.712205037474632 47.592211931943893 70.791083335876465 146.21048946678638 51.619157776236534 82.544702336192131 37.173574820160866 199.09628224372864 74.982198715209961 30.889051854610443 29.891210183501244 74.539080515503883 30.390032395720482 137.44184224307537 43.331827878952026 35.99047189950943 89.125109985470772 25.165363058447838 34.565674379467964 127.1076013147831
leaf_count=96968 113 136 532 113 234 171 276 555 167 451 372 192 285 590 209 331 150 798 302 125 120 299 122 553 174 145 359 101 139 510
internal_value=0 -0.00162357 -0.00301059 -0.00380007 -0.00419511 0.00358014 -0.00360231 -0.000389205 0.00591933 -0.00390407 -0.00113956 -0.005395 -0.00450141 -0.00561875 -0.00715826 -0.0013575 -0.0102916 -0.0145006 0.00110497 -0.00467646 0.00278871 -0.00152187 0.00634512 0.0042818 -0.00606857 0.00868148 -0.00616632 -0.00616961 -0.00925694 0.00335414
internal_weight=0 2141.47 1629.3 1455.01 1427.61 174.29 1399.85 501.317 179.374 321.943 264.055 898.531 830.024 782.432 636.658 223.289 413.369 236.27 145.773 177.1 512.175 231.538 280.637 247.154 73.7219 173.432 171.67 152.443 127.278 156.999
internal_count=105592 8624 6565 5862 5749 703 5636 2019 722 1297 1063 3617 3341 3149 2562 899 1663 948 587 715 2059 929 1130 994 296 698 690 612 511 630
is_linear=0
shrinkage=0.03


Tree=65
num_leaves=31
num_cat=0
split_feature=7 8 6 12 7 10 12 1 16 10 12 7 11 7 4 10 14 12 13 14 10 11 3 14 3 16 7 16 12 16
split_gain=6.6122 8.51438 8.92506 7.24304 11.08 12.0746 7.6949 8.94859 12.987 10.133 7.38845 21.2382 10.885 11.9483 10.7135 12.9252 9.19077 8.56609 7.9204 10.3916 16.787 21.7534 17.1768 14.7308 15.6016 13.7081 13.1989 13.4279 12.5776 14.2109
threshold=0.030916404273755336 -0.0036005358257097937 0.19256809944717682 9.2826813465423452 0.065008867648746374 -0.00074336166497507284 11.609336312572301 -0.58003461732989348 -0.043019432116358718 -0.0059432474497558832 13.126943363430209 0.14205817523544348 1.0000000180025095e-35 0.11265586433801546 123.46029316084331 0.0025397273682360448 -0.042169057278268356 12.707993346821921 -0.0030374092793388203 -0.014684687360330127 0.008077022383021994 1.0000000180025095e-35 29.199680196831721 0.034295738681206618 47.781656286067211 -0.020099401339866704 0.067368309633143872 0.033170028965651806 53.238332713707486 0.092182744066050551
decision_type=2 2 2 2 2 2 2 2 2 2 2 2 2 2 2 2 2 2 2 2 2 2 2 2 2 2 2 2 2 2
left_child=1 2 -1 4 5 -2 7 -5 -9 -10 11 12 13 -8 15 16 -14 -16 -12 28 21 22 -21 24 -22 -25 -23 -28 29 -20
right_child=3 -3 -4 6 -6 -7 10 8 9 -11 18 -13 14 -15 17 -17 -18 -19 19 20 23 26 -24 25 -26 -27 27 -29 -30 -31
leaf_value=0.0067720482473143896 -0.029834826189733151 0.0094848921924787603 -0.016810746772680185 -0.010124336641170304 0.0057946973142042821 -0.0037937042686666798 -0.0095855493336031491 0.014850637875949724 0.019469646517844719 0.0011947322035904958 0.000634529508223655 0.023779877818887758 -0.010451848366598064 0.0083859075465573495 0.017647782731460501 -0.0092536721870575267 0.0036124708584419104 -0.0041980166119668528 -0.0024126619551680995 -0.017617566172723833 -0.01680569588254659 0.0013638576216121827 -0.00035714655973457171 0.0086515234219650006 -0.0031404478131410959 -0.00051580410026651083 0.0084666333291483417 -5.5631046690320985e-05 0.013146886950954863 0.020350422143839104
leaf_weight=31.083035975694656 28.928757518529892 139.53570027649403 26.979694962501526 41.120171219110489 33.705354645848274 35.92610876262188 311.24332953989506 89.357675179839134 29.153821021318436 431.0276096612215 10413.829698219895 26.373766362667084 50.361449718475342 37.283702090382576 46.167556926608086 164.66425278782845 246.48612198233604 24.849255412817001 3037.7200978547335 53.966075971722603 82.789130628108978 902.28361780941486 1348.6833833754063 150.2570778131485 819.49160745739937 6385.0628741234541 707.80498367547989 217.53440478444099 48.649436607956886 24.885348260402679
leaf_count=131 116 589 112 166 136 144 1256 367 119 1753 42515 109 203 154 188 666 996 101 12255 218 335 3671 5470 614 3321 25830 2872 880 202 103
internal_value=0 0.0054678 -0.00418604 -4.10382e-05 -0.00815811 -0.0154094 -9.89812e-06 0.00337467 0.00438476 0.0023525 -8.95434e-05 -0.00274718 -0.00354125 -0.00766305 -0.000843631 -0.00251282 0.0012264 0.0100038 1.01393e-05 -0.000461755 -1.68363e-05 0.00178895 -0.00102123 -0.000801117 -0.00439431 -0.000305033 0.00394568 0.00646317 -0.00198729 -0.0022277
internal_weight=0 197.598 58.0627 25789.6 98.5602 64.8549 25691 590.659 549.539 460.181 25100.4 907.429 881.056 348.527 532.529 461.512 296.848 71.0168 24193 13779.1 10667.9 3230.27 1402.65 7437.6 902.281 6535.32 1827.62 925.339 3111.25 3062.61
internal_count=105592 832 243 104760 396 260 104364 2405 2239 1872 101959 3673 3564 1410 2154 1865 1199 289 98286 55771 43211 13111 5688 30100 3656 26444 7423 3752 12560 12358
is_linear=0
shrinkage=0.03


Tree=66
num_leaves=31
num_cat=0
split_feature=2 2 5 4 9 3 1 7 5 14 3 4 8 9 12 10 6 2 4 4 2 8 14 12 5 2 12 5 5 14
split_gain=6.68381 8.95708 8.71609 8.65111 8.7385 9.67591 8.65096 10.415 8.11326 7.61469 6.46849 13.0726 7.97322 7.79339 10.3064 14.9015 23.1504 12.413 8.92251 13.634 14.2775 9.61962 8.81803 13.7309 11.9731 8.30782 7.81247 7.7436 17.4112 25.7943
threshold=-121.77661137116952 -36.004403656232903 0.043849185224231327 14.467461988434335 -0.001339813303320003 28.341668348854203 -0.81449975696513011 0.098980058141298941 0.018269384070727677 -0.02766258930478915 97.938144329896929 162.04327479008415 0.036864161915159961 0.051822246415946467 51.895733032666335 0.026083637042702227 0.7451883150516212 -0.073708980646103969 137.26510136983043 104.621440161595 21.334999708721316 0.052141847007818772 0.089004720957433628 21.667611970369382 0.048703280083850969 87.561829255624943 17.628809115374974 0.034002764947780269 0.027777830566163765 0.04539381705206192
decision_type=2 2 2 2 2 2 2 2 2 2 2 2 2 2 2 2 2 2 2 2 2 2 2 2 2 2 2 2 2 2
left_child=6 2 3 4 5 -2 -1 8 -8 -7 13 -12 -13 14 25 16 17 -16 19 20 21 -15 23 -20 -24 27 -27 28 -3 -30
right_child=1 10 -4 -5 -6 9 7 -9 -10 -11 11 12 -14 18 15 -17 -18 -19 22 -21 -22 -23 24 -25 -26 26 -28 -29 29 -31
leaf_value=0.00089412131868146566 0.0060368109022482597 0.00025003384985229909 -0.0089043506938257001 -0.0058886631814032359 0.014666211787321699 -0.012087944261277565 -0.014749100293728411 -0.02396706622522729 0.0062293061431765761 0.0043093342538921119 -0.00056328818114209634 0.003179314489392395 0.023159797694819084 0.00059276781174178003 -0.00037875640527379093 0.016283692587062734 -0.02205729319474151 0.015478103160984821 0.0028608015695502829 -0.0064713604543456937 -0.020083495485430418 0.019586905760921963 0.0018549906216648723 -0.0085873969037178286 -0.014791185346081006 -0.0058388532083919441 0.0088384167355005476 0.0011099163425255024 -0.0031502871772581147 0.0019832707234594469
leaf_weight=100.25847144424915 412.73850746452808 12834.75970967114 48.557215332984924 67.809646964073181 79.686646863818169 53.491011679172516 33.225842490792274 38.009698867797852 33.141376867890358 48.690227150917053 127.31820367276669 29.825015380978584 45.239641860127449 389.56340092420578 120.97220924496651 84.333761304616928 32.182536497712135 70.222023010253906 157.36744424700737 651.48716945946217 28.791124731302261 25.572499424219131 1055.1011257767677 235.23947627842426 40.376482784748077 40.541009113192558 167.46015560626984 4205.0420809835196 3558.2923520803452 1170.7390487790108
leaf_count=412 1697 52150 200 281 326 217 135 153 134 198 522 124 183 1569 498 343 131 292 633 2617 116 103 4239 946 162 168 698 17231 14372 4742
internal_value=0 4.37083e-05 0.00336422 0.00426355 0.00542132 0.00399062 -0.00539956 -0.0114449 -0.00427325 -0.0042745 -5.04584e-05 0.0052912 0.0152211 -9.39302e-05 8.68978e-05 0.00553926 0.00148281 0.00544517 -0.0016537 -0.00370858 0.000345959 0.00176281 -0.000141061 -0.00399865 0.00124146 1.05561e-05 0.00597771 -4.646e-05 -0.000323314 -0.0018794
internal_weight=0 25781.4 710.973 662.416 594.606 514.92 204.635 104.377 66.3672 102.181 25070.4 202.383 75.0647 24868 22284.5 307.711 223.377 191.194 2583.5 1095.41 443.927 415.136 1488.08 392.607 1095.48 21976.8 208.001 21768.8 17563.8 4729.03
internal_count=105592 104758 2919 2719 2438 2112 834 422 269 415 101839 829 307 101010 90625 1264 921 790 10385 4405 1788 1672 5980 1579 4401 89361 866 88495 71264 19114
is_linear=0
shrinkage=0.03


Tree=67
num_leaves=31
num_cat=0
split_feature=16 4 10 4 2 14 5 2 5 10 4 7 1 16 10 13 7 2 5 5 7 2 14 10 9 15 1 5 1 14
split_gain=6.55053 16.7712 17.7198 17.1984 9.12684 33.8891 22.4749 18.0871 18.8758 17.041 12.089 10.5194 13.6001 9.80378 10.7444 8.7699 14.6489 13.195 12.372 14.4569 17.2668 17.4942 17.7444 13.624 17.0863 12.2095 12.3497 12.154 13.4169 12.0771
threshold=0.069658659626934863 -126.34115805167313 -0.003172854077105824 -36.532595919176735 0.66497942148469147 0.027414236843061216 0.018597114397819588 -0.29925149236658916 0.021140593383084907 0.011694748430682524 189.08695328198522 0.092585937712892627 1.2419881244999007 0.14066751571554517 0.033578118661412255 0.047669501832756651 0.14205817523544348 44.322175318297774 0.032685642482580789 0.027777830566163765 0.053380666846105866 -20.373288709178038 0.044638097546867546 0.0027056183324890575 0.011728840320470836 1.5818633034823895 -1.7954896438212364 0.048703280083850969 -1.0600062229160281 -0.1457172957551163
decision_type=2 2 2 2 2 2 2 2 2 2 2 2 2 2 2 2 2 2 2 2 2 2 2 2 2 2 2 2 2 2
left_child=15 -2 -3 -4 5 -5 -7 8 -8 -6 -9 12 -11 14 -10 17 -17 18 19 -1 -21 -22 23 24 29 26 -20 28 -27 -23
right_child=1 2 3 4 9 6 7 10 13 11 -12 -13 -14 -15 -16 16 -18 -19 25 20 21 22 -24 -25 -26 27 -28 -29 -30 -31
leaf_value=0.00036381880167486768 -0.019973049541941162 0.011064181027033671 -0.017059133541547131 -0.033712429436693787 0.0079967198326459689 -0.02482315289833616 0.023992197970200007 -0.0060730602550003324 0.001233838450315334 -0.02051430091326846 0.010282992943301369 -0.00034331724542846471 0.0060925088727463959 -0.0071439462827047572 0.015736999743547874 0.00014072299189092229 -0.0056384245694222198 0.0053624613048645743 -0.0083944541290384596 0.011495902944654871 0.0068774271744394639 -0.018297984526042716 0.0020346869330247729 -0.0074879987260449785 0.0095185147671728882 0.0075317403411409621 0.0026099964266010247 -0.011500639484280428 -0.0040438072136996309 -0.0027622248402582273
leaf_weight=12077.88981154561 41.957572922110558 108.2818800508976 60.878813251852989 31.6773422062397 221.15035152435303 38.590742975473404 34.245075359940529 603.01650826632977 360.04844364523888 51.489422678947449 43.61160247027874 2292.9722143113613 26.031689658761024 105.96398629248142 52.701911374926567 1160.172524034977 598.32609397172928 467.91604728996754 94.212615415453911 85.200211703777313 181.53272792696953 46.200539365410805 582.04136329889297 658.660380423069 101.0355618596077 134.54321578145027 3559.1897006332874 108.98230381309986 272.92268095910549 1783.5135927647352
leaf_count=49105 172 444 246 128 896 157 139 2432 1460 208 175 9228 105 429 214 4687 2412 1953 387 346 741 187 2360 2652 407 550 14627 443 1107 7195
internal_value=0 -0.00110402 -0.000907602 -0.0012381 -0.00098867 -0.00307227 -0.00228838 -0.00156343 0.00242011 3.22534e-05 -0.00496993 -0.000710775 -0.0115797 0.000995944 0.00308567 0.000206183 -0.00182562 0.000383466 0.00026512 -0.000124762 -0.00184108 -0.00217998 -0.00269842 -0.00376232 -0.00249133 0.00171587 0.00232622 -0.00260175 -0.000221619 -0.0031545
internal_weight=0 4072.62 4030.66 3922.38 3861.5 1269.86 1238.18 1199.59 552.959 2591.64 646.628 2370.49 77.5211 518.714 412.75 21912.3 1758.5 20153.8 19685.9 15516.1 3438.18 3352.98 3171.45 2589.41 1930.75 4169.85 3653.4 516.448 407.466 1829.71
internal_count=105592 16433 16261 15817 15571 5134 5006 4849 2242 10437 2607 9541 313 2103 1674 89159 7099 82060 80107 62993 13888 13542 12801 10441 7789 17114 15014 2100 1657 7382
is_linear=0
shrinkage=0.03


Tree=68
num_leaves=31
num_cat=0
split_feature=2 16 3 10 0 4 2 16 10 16 12 5 12 5 12 4 10 2 16 5 12 16 3 4 8 9 12 10 6 16
split_gain=6.35613 9.45375 9.38006 9.62134 9.04341 8.56185 8.33267 15.5524 9.68581 11.0418 8.19733 8.86529 11.6721 10.0231 7.61567 6.97174 8.99538 13.2125 11.0238 9.08007 7.89939 9.89907 6.06612 12.3456 7.55475 7.15348 9.82673 13.9453 22.931 12.4897
threshold=-121.77661137116952 -0.066974924074869199 12.529761928839951 0.00054907905926271383 31.166440873007165 -106.33843305153916 -36.004403656232903 0.067165232714948689 -0.060922304192496772 -0.10048201404343919 28.73269463226141 0.017064725471080077 35.34210831533769 0.027339038243600046 35.118017890453579 14.467461988434335 -0.002402713876594242 -74.479753790535071 -0.039023112449166113 0.023889376183246453 20.872714283462045 -0.0023176502781793169 97.938144329896929 162.04327479008415 0.036864161915159961 0.051822246415946467 51.895733032666335 0.025650071075877138 0.7451883150516212 -0.15528909681375438
decision_type=2 2 2 2 2 2 2 2 2 2 2 2 2 2 2 2 2 2 2 2 2 2 2 2 2 2 2 2 2 2
left_child=1 -1 4 5 -3 -4 7 8 -2 -10 15 14 13 -13 -12 16 17 19 -18 -11 21 -20 25 -24 -25 26 -8 28 29 -28
right_child=6 2 3 -5 -6 -7 22 -9 9 10 11 12 -14 -15 -16 -17 18 -19 20 -21 -22 -23 23 24 -26 -27 27 -29 -30 -31
leaf_value=0.0073000100671176509 -0.01331233919901325 0.013898886199209363 -0.011599011297818514 -0.00040177940941721454 -0.0087628613681317927 -0.033465177450618958 8.5030469096311678e-06 -0.019521779789031222 0.018635797075863988 0.016608527008080208 0.0094188540487322517 0.003534463033447123 -0.0044933534206076367 0.02676296814740535 0.031611812828357885 -0.013813384261075895 -0.0097969521707483801 -0.0055615078915593041 0.018569471475007312 -0.0052782521216506997 0.021362524522818647 -0.0047413802468765087 -0.00056040997912208288 0.0030649296199913262 0.02252692497644293 -0.0015845306212110136 -0.0090424704345404092 0.015652251700338512 -0.02271762774497272 0.0093984984430889006
leaf_weight=42.656610235571861 27.55657123029232 25.950198605656624 37.472526147961617 29.581477239727974 40.713019222021103 28.278258189558983 21974.758732020855 26.01223412156105 48.387916654348373 51.449717029929161 32.887573152780533 39.845032706856728 64.485052347183228 28.804941758513451 24.124209597706795 25.465072482824326 24.573924317955971 175.11376929283142 29.36537092924118 25.522113174200058 49.729590460658073 37.120651289820671 127.30614033341408 29.803909823298454 45.137250632047653 2583.7402331233025 42.539477616548538 86.117859229445457 30.526835098862648 148.23950688540936
leaf_count=174 113 107 153 120 166 114 89361 106 200 210 140 164 265 120 104 104 100 714 120 104 204 151 522 124 183 10385 175 351 124 614
internal_value=0 -0.00526531 -0.00857401 -0.0146107 5.87477e-05 -0.0210033 4.26377e-05 0.00324655 0.00411187 0.00484283 0.00374599 0.00891078 0.00467182 0.0132809 0.0188097 0.00139846 0.00238445 -0.00100801 0.0084587 0.00935137 0.0123189 0.0055545 -4.81626e-05 0.00512643 0.0147869 -9.02502e-05 8.30197e-05 0.0054095 0.00142368 0.00528657
internal_weight=0 204.652 161.995 95.3323 66.6632 65.7508 25778.6 710.444 684.432 656.875 608.487 190.147 133.135 68.65 57.0118 418.34 392.875 252.086 140.79 76.9718 116.216 66.486 25068.2 202.247 74.9412 24865.9 22282.2 307.424 221.306 190.779
internal_count=105592 834 660 387 273 267 104758 2919 2813 2700 2500 793 549 284 244 1707 1603 1028 575 314 475 271 101839 829 307 101010 90625 1264 913 789
is_linear=0
shrinkage=0.03


Tree=69
num_leaves=31
num_cat=0
split_feature=7 2 12 3 12 10 0 12 7 10 12 12 7 16 8 3 16 0 8 15 16 7 2 2 16 7 3 8 11 16
split_gain=6.10363 9.38395 9.23083 8.65649 8.35893 9.1815 7.14661 6.83577 10.435 11.3904 7.26257 11.3562 13.0691 8.22914 7.91923 7.35952 15.2279 9.91585 11.4297 10.9999 10.2492 9.71205 13.7658 7.52997 11.9642 17.3239 12.2817 7.1063 7.09456 11.7426
threshold=0.030916404273755336 0.6972397306542043 18.734100406702904 33.073409796080078 24.279041319221356 0.0027056183324890575 50.652456509088246 9.2826813465423452 0.065008867648746374 -0.00074336166497507284 12.030682799355697 13.126943363430209 0.13754669405489509 -0.065698410441922858 -0.0080629945731034974 4.8602655493202773 -0.018182263105128656 38.002085888864897 -0.048060411972136945 0.42677563675934355 -0.00060271477391649053 0.14978620127116862 -0.39322885316217088 -121.77661137116952 -0.054753494580285882 0.096052195097753076 14.609882305194793 -0.10961166802247767 1.0000000180025095e-35 0.0094916088736282673
decision_type=2 2 2 2 2 2 2 2 2 2 2 2 2 2 2 2 2 2 2 2 2 2 2 2 2 2 2 2 2 2
left_child=1 3 -3 -1 5 6 -5 8 9 -2 13 12 28 14 -9 16 21 18 -18 -19 -20 22 -13 24 -17 -26 -27 -23 -12 -30
right_child=7 2 -4 4 -6 -7 -8 10 -10 -11 11 15 -14 -15 -16 23 17 19 20 -21 -22 27 -24 -25 25 26 -28 -29 29 -31
leaf_value=-0.0019564671641708739 -0.028990931718245846 0.0069738443456906461 -0.018491478708090207 0.005022211629356072 0.028967540095937352 -0.0050860317279527185 0.027756768965025696 0.00082712843593122731 0.0056170490420352943 -0.003689174348434323 -0.0084174872029279656 -0.00054503007289050803 0.017402777337071764 0.0019451490821365809 0.022905486497039985 0.0065028952632891091 0.00045806772361947645 -0.012703976197905127 0.012301503888631923 0.009476186032256367 0.036921001932302841 -0.0091993240488772773 -0.019746887951361553 -4.4759161598833412e-05 6.9656365658800492e-05 -0.0063889617721652374 -0.03370112791496023 0.0069103869523352585 0.0015491964218484577 -0.0090861712759694648
leaf_weight=44.178567126393318 28.889737591147423 25.564640924334526 25.679865583777428 24.31419076025486 25.114103853702545 26.926207333803177 25.490678504109383 25.43803758919239 33.686844184994698 35.927779167890549 269.43365131318569 381.18180701136589 25.116696774959564 731.81299445033073 34.386398479342461 46.631184637546539 24.491373181343079 26.491622269153595 30.153704077005386 83.712574645876884 30.726237088441849 27.615982204675674 36.84987598657608 23150.512485519052 60.157894194126129 24.991523787379265 36.400937512516975 228.99112151563168 268.21894185245037 143.37874174118042
leaf_count=187 116 108 108 102 106 111 110 104 136 144 1088 1564 104 2976 142 190 101 109 125 346 128 112 151 94010 244 102 148 956 1084 580
internal_value=0 0.00525775 -0.00578745 0.00913387 0.0139447 0.00902766 0.016658 -3.93915e-05 -0.0079272 -0.0149664 -9.14306e-06 -9.90967e-05 -0.00384918 0.00281968 0.0135175 1.03798e-05 0.00271918 0.0100898 0.0177647 0.00414437 0.024727 0.000582449 -0.00223769 -9.0708e-05 -0.00641565 -0.0113717 -0.0225829 0.00517666 -0.00463296 -0.0021556
internal_weight=0 197.268 51.2445 146.024 101.845 76.7311 49.8049 25785.2 98.5044 64.8175 25686.7 24895.1 706.148 791.637 59.8244 24188.9 870.214 195.576 85.3713 110.204 60.8799 674.639 418.032 23318.7 168.182 121.55 61.3925 256.607 681.031 411.598
internal_count=105592 832 216 616 429 323 212 104760 396 260 104364 101142 2856 3222 246 98286 3592 809 354 455 253 2783 1715 94694 684 494 250 1068 2752 1664
is_linear=0
shrinkage=0.03


Tree=70
num_leaves=31
num_cat=0
split_feature=5 7 10 2 16 3 7 2 14 4 9 4 16 14 2 13 2 3 6 16 16 3 1 2 16 14 16 2 5 10
split_gain=6.18483 7.38788 11.7873 6.03368 8.7395 9.16368 13.5912 6.96417 10.5736 11.2567 6.99998 9.89242 9.30029 15.8023 10.0485 6.48731 15.671 16.345 9.82203 10.4492 10.6714 10.0537 14.6429 14.1908 11.2995 9.60118 26.7047 14.6359 9.21574 9.40972
threshold=0.0098312138534587742 0.051011782225830929 0.0030495110561316045 -121.77661137116952 -0.066974924074869199 18.482673036609615 0.096052195097753076 -52.637665919421956 -0.16310619380116345 -3.2389973015361035 -0.001339813303320003 -80.804449080981598 -0.068244115674550007 -0.051446007712933388 -61.862779133515311 -0.061506257205472085 -3.2346576327061194 34.422282286503361 -0.15359344336748595 -0.032356619343559261 -0.074030155478262125 5.2534532452348399 -1.3267921100101492 -6.8142190320594676 -0.12130000923028077 -0.2138676862988895 -0.16924665672593983 -1.4170827507712831 0.082294838605447104 -0.041623980918846885
decision_type=2 2 2 2 2 2 2 2 2 2 2 2 2 2 2 2 2 2 2 2 2 2 2 2 2 2 2 2 2 2
left_child=1 2 -1 4 -2 -6 -7 8 -5 10 11 12 -10 -14 -15 16 17 18 19 20 -9 -20 23 24 -23 26 -17 -28 29 -18
right_child=3 -3 -4 7 5 6 -8 15 9 -11 -12 -13 13 14 -16 25 28 -19 21 -21 -22 22 -24 -25 -26 -27 27 -29 -30 -31
leaf_value=0.018867849775830385 0.0069218320483871269 0.019289296310077263 -0.0097103558174953912 -0.013838292502512376 -0.0021646068501959127 -0.0042497751046293979 -0.030921743408491891 -0.010560333086933309 0.020210722161712096 -0.0092935199043240064 0.020147523415068945 -0.005082053040967871 -0.0053608625708785893 0.0173979245712646 -0.0032133977504386927 -0.010627481508777108 -0.0055354501056921693 -0.022981478272031165 0.0079470243201232287 -0.0242451935620655 0.012218076971501119 0.011495971355646083 0.0033571976445257328 -0.022485164815647343 -0.0089315582889100339 -0.00020216156410939368 0.0029726703529105751 0.02983995136505185 0.022885931384300152 0.0063397357673490359
leaf_weight=21.073816061019897 42.58683343231678 32.551301047205925 33.858994588255882 28.0539770424366 92.17810432612896 37.096008449792862 32.050289779901505 55.042408734560013 48.108564451336861 42.442838504910469 33.359218522906303 61.345577284693718 74.204905107617378 87.431402295827866 28.139187380671501 42.686706781387329 68.579674512147903 29.00944946706295 160.3302129805088 27.480405747890472 27.889500081539154 35.615694910287857 271.93112935125828 44.51492565870285 77.188251331448555 23861.15176795423 30.527575477957726 45.365194365382195 26.774622410535812 483.03658187389374
leaf_count=106 174 170 140 116 377 150 130 224 198 176 137 249 307 358 115 176 285 120 668 112 114 146 1120 182 316 96772 128 194 114 2018
internal_value=0 0.00796403 0.00125307 -2.60829e-05 -0.00516622 -0.00835726 -0.0166126 1.47161e-05 0.00392693 0.00525585 0.00711255 0.00565936 0.00842935 0.00544275 0.0123795 -4.76461e-05 0.00201025 -0.000915338 -8.61462e-07 -0.00821265 -0.00290009 0.00153698 -0.000857247 -0.00814206 -0.00248196 -0.000159844 0.00835551 0.0190327 0.00569765 0.00486335
internal_weight=0 87.4841 54.9328 25894.1 203.911 161.324 69.1463 25690.2 403.086 375.032 332.589 299.23 237.884 189.775 115.571 25287.1 1307.39 729.002 699.993 110.412 82.9319 589.58 429.25 157.319 112.804 23979.7 118.579 75.8928 578.391 551.616
internal_count=105592 416 246 105176 831 657 280 104345 1656 1540 1364 1227 978 780 473 102689 5419 3002 2882 450 338 2432 1764 644 462 97270 498 322 2417 2303
is_linear=0
shrinkage=0.03


Tree=71
num_leaves=31
num_cat=0
split_feature=16 13 6 7 4 14 16 0 5 0 0 9 15 3 14 5 7 15 12 12 8 13 5 12 14 4 9 9 14 5
split_gain=5.96255 13.4932 10.535 10.6192 24.7837 17.0712 13.0432 15.464 11.8365 9.7022 15.7174 13.9357 9.80174 9.71866 8.89987 11.8554 9.4269 8.92822 8.21976 12.8297 9.9759 8.54288 7.93189 7.82009 7.51777 8.46441 7.40064 7.30968 13.2967 14.8843
threshold=0.10268303692544191 0.08658588965128379 1.158187269669132 0.21060107798862074 -38.124569342882502 0.061204496630470014 0.12684946620132079 56.710157807335513 0.02240491293176056 69.183518917963184 60.345475919916865 0.086125939003917309 0.64755796868454008 95.280626871739713 0.09632751094555371 0.034002764947780269 0.16425526920322428 0.58560065329611943 35.830202867620734 44.894700522459395 0.029596343124020933 0.0045114324272088622 0.031921831291043666 27.457065485694667 0.091853494442067599 84.14264170029314 0.044490322252473187 0.065734342629181 0.1219162942661919 0.043308816860993846
decision_type=2 2 2 2 2 2 2 2 2 2 2 2 2 2 2 2 2 2 2 2 2 2 2 2 2 2 2 2 2 2
left_child=-1 2 3 4 -2 -5 14 -8 -7 10 12 -11 -10 22 17 -16 -17 -6 20 21 23 -20 -13 -12 -9 -26 -27 -3 -29 -30
right_child=1 27 -4 5 6 8 7 24 9 11 18 13 -14 -15 15 16 -18 -19 19 -21 -22 -23 -24 -25 25 26 -28 28 29 -31
leaf_value=0.00013702479819804598 -0.030938135269505573 0.01926990755585347 0.015923472415334428 0.019653003110527801 -0.020452198055830609 0.01713205999368262 0.0082720637551969949 -0.025026659957194695 -0.018464232275914611 -0.01355826032767172 0.029148490119976483 0.01323478319449274 -0.00053323967802763547 -0.01206726597715752 -0.000663614746431734 0.026959407632954475 0.0022486011431155466 -0.0031365721990785659 -0.019799924097119708 0.010732073227177138 -0.00069625317815842343 0.0019950833380541276 -0.0018922902371634087 0.010197338659831023 -0.0013399217268108055 -0.025644760442353594 -0.009849890313822364 -0.014370228116955 0.0075714061443819848 -0.0091691353584608358
leaf_weight=23839.095616653562 32.012477353215218 25.038733959197998 27.137010827660561 36.922447934746742 34.317543521523476 30.15570555627346 46.591595694422722 27.931578427553177 47.832908734679222 128.2906181961298 27.731042489409447 48.011232808232307 64.346033930778503 49.810049086809158 312.34033282101154 27.276894614100456 28.319973662495613 122.33717080950737 34.349936977028847 49.599684074521065 51.095506280660629 30.608525812625885 89.077547013759613 66.807661652565002 97.253051191568375 30.397450804710388 219.37536960840225 37.605418428778648 259.89800201356411 58.573180377483368
leaf_count=96968 131 102 109 153 138 122 189 112 194 515 112 193 262 200 1257 110 114 492 139 201 205 123 358 269 392 122 879 151 1045 235
internal_value=0 -0.0015157 -0.00262397 -0.00291444 -0.00497725 -0.00024065 -0.00409887 -0.00802824 -0.00126407 -0.0020709 0.00120778 -0.0059444 -0.00817898 -0.000718107 -0.000941328 0.00160836 0.0143722 -0.00692982 0.00525477 -0.000757276 0.00998394 -0.00953008 0.00340551 0.0157563 -0.0100537 -0.00884853 -0.0117721 0.00360212 0.00250039 0.00449249
internal_weight=0 2141.04 1759.93 1732.79 978.153 754.639 946.141 421.549 717.716 687.561 372.371 315.189 112.179 186.899 524.592 367.937 55.5969 156.655 260.192 114.558 145.634 64.9585 137.089 94.5387 374.957 347.026 249.773 381.115 356.077 318.471
internal_count=105592 8624 7091 6982 3936 3046 3805 1694 2893 2771 1505 1266 456 751 2111 1481 224 630 1049 463 586 262 551 381 1505 1393 1001 1533 1431 1280
is_linear=0
shrinkage=0.03


Tree=72
num_leaves=31
num_cat=0
split_feature=13 14 11 16 11 15 15 4 12 10 7 12 15 14 2 16 15 2 4 12 16 0 2 2 0 7 2 0 13 14
split_gain=5.73682 14.011 19.1874 17.6984 16.2412 15.3765 15.2615 15.0492 17.1982 14.7962 14.2984 17.878 12.0478 11.8975 13.5441 11.4177 14.9351 12.6995 16.3893 12.8684 11.1944 11.1551 14.4203 14.1457 10.986 10.8295 10.7861 14.2463 10.7544 11.3027
threshold=0.011525713522271943 -0.038287289287385444 1.0000000180025095e-35 -0.061187202297100778 1.0000000180025095e-35 0.8221096053448449 0.56533372968718554 164.42451414746105 45.502523096735025 0.013042040488629893 0.078702419828704531 25.071906473824221 0.55657710474057109 0.020895018119333256 -1.6820044272778383 -0.061187202297100778 0.63333341624630957 2.6732287521468754 12.984065934942285 11.609336312572301 -0.015602704932177245 80.509355971927917 8.6756938624814826 7.2041264078023906 44.080730574253799 0.15189686104639197 13.401936174820607 59.339610161763837 0.018840360018353656 0.014992160627051556
decision_type=2 2 2 2 2 2 2 2 2 2 2 2 2 2 2 2 2 2 2 2 2 2 2 2 2 2 2 2 2 2
left_child=-1 2 20 -4 15 24 12 9 -9 26 11 -11 -6 -12 -15 16 -3 19 -19 -17 -2 23 -23 -16 -5 -7 -8 -28 29 -21
right_child=1 4 3 5 6 25 7 8 -10 10 13 -13 -14 14 21 17 -18 18 -20 28 -22 22 -24 -25 -26 -27 27 -29 -30 -31
leaf_value=0.00036198754415847189 -0.002289790633230958 0.026127979018696179 -0.0016112093112988859 -0.0069602335180160395 0.0031511009898406292 -0.011876993631784363 0.0015966510461613295 0.0039556196556952911 -0.011089480388477246 -0.03403541773924583 -0.020199486590932805 -0.0066454811561585175 0.021078672309578342 0.011369263176320392 -0.0014698699013156583 0.0090242603351854151 0.00072227744451546546 0.020350843426856901 -0.00067628911431062743 -0.0066860362032166703 0.0072103762042146722 -0.0022334068397889895 0.024829982294795907 -0.0087430148738558561 -0.024718310686899201 0.0060308704233906245 0.0004874303118768817 -0.025417797008935292 -0.0058185922814498105 0.0048698910553644573
leaf_weight=15684.361999824643 552.34244813024998 29.328640043735504 216.38175390660763 44.30440779030323 1303.5654189288616 86.041043102741241 1528.7474461048841 1047.6324371546507 73.156063318252563 27.696661278605461 32.415722385048866 95.058677136898041 34.633481338620186 66.919639512896538 1147.666237950325 65.465029120445251 71.826068058609962 34.106530547142029 1526.7699041515589 125.08955584466457 139.90480843186378 42.580420091748238 30.349170446395874 304.53201165795326 107.26354505121708 46.990733548998833 48.59213188290596 31.486067295074463 1239.4657402187586 194.80580726265907
leaf_count=63949 2228 120 869 178 5352 345 6192 4224 294 112 130 385 140 272 4610 266 292 138 6177 505 569 171 122 1223 430 189 197 128 4997 788
internal_value=0 -0.000549442 -0.00360608 -0.00807793 -0.000148727 -0.0129946 0.000804022 -3.62494e-05 0.0029736 -0.00104142 -0.00295287 -0.0128253 0.00361508 -0.00220684 -0.00184049 -0.00183431 0.00808837 -0.00214938 -0.000216828 -0.00400587 -0.000369784 -0.00242011 0.00902884 -0.00299508 -0.0195275 -0.00555141 0.00103445 -0.00969828 -0.0045529 0.000351145
internal_weight=0 10295.1 1193.23 500.981 9101.89 284.6 5815.03 4476.83 1120.79 3356.04 1747.22 122.755 1338.2 1624.46 1592.05 3286.86 101.155 3185.7 1560.88 1624.83 692.247 1525.13 72.9296 1452.2 151.568 133.032 1608.83 80.0782 1559.36 319.895
internal_count=105592 41643 4808 2011 36835 1142 23552 18060 4518 13542 7025 497 5492 6528 6398 13283 412 12871 6315 6556 2797 6126 293 5833 608 534 6517 325 6290 1293
is_linear=0
shrinkage=0.03


Tree=73
num_leaves=31
num_cat=0
split_feature=5 7 7 2 3 4 8 4 5 16 15 5 4 15 9 1 16 2 15 11 9 13 0 7 3 3 7 3 7 15
split_gain=5.80056 10.5919 14.1773 5.98197 5.79079 11.0582 7.37337 6.81992 18.8126 18.2169 13.4557 18.8153 10.6365 17.18 10.6386 11.7566 16.4755 11.2294 10.3156 10.0182 9.56673 11.8243 10.9742 10.597 11.7538 10.2953 9.33108 9.26634 9.17684 8.89561
threshold=0.010784675161996812 0.044859438990104729 0.033177544256923909 51.453122316968354 97.938144329896929 162.04327479008415 0.036864161915159961 88.329570199206103 0.066101771936755357 -0.0017538014732233485 0.62260450535053546 0.019290556862990037 134.17719931635864 1.1986560613635382 0.013035687790613039 0.51958632631047841 0.086604291197354591 -9.0225247551298562 1.9683433577680565 1.0000000180025095e-35 0.090458270319850778 0.096044239537700152 59.911490508673943 0.096570445589943738 83.780325494555441 75.268817204301072 0.059077216245641946 96.257901387691348 0.14578198922824254 1.1147984041991637
decision_type=2 2 2 2 2 2 2 2 2 2 2 2 2 2 2 2 2 2 2 2 2 2 2 2 2 2 2 2 2 2
left_child=1 2 -1 -3 7 -6 -7 -2 9 10 19 -12 14 20 -11 16 -16 -17 -15 -9 21 22 25 24 26 -14 -24 -22 -13 -26
right_child=4 3 -4 -5 5 6 -8 8 -10 12 11 28 13 18 15 17 -18 -19 -20 -21 27 -23 23 -25 29 -27 -28 -29 -30 -31
leaf_value=0.0097551141104595639 0.00023171833921702332 0.016580588425369972 -0.013802174206701698 -0.00091909388171214368 -0.00038265049939543153 0.0022374525817658183 0.021868863696453682 0.0019127684923756737 -0.022865011701736028 -0.01017202826255878 0.0091736774953917865 -0.00067141948639865738 -0.0049282767405195846 -0.0047916324110464795 0.00064695144193718302 0.016605394540601282 0.021420246967308966 -0.0031114080993107523 0.00077883603173250473 0.012745829647132815 0.012910288326205962 -0.011617171969705071 0.018454138985527984 0.0030348942434959493 -0.0065582401684128626 0.011502833865796631 0.00052531692813434635 -0.0069583616749092168 -0.014010189166441148 0.010088172083293491
leaf_weight=46.110533714294434 18325.656401276588 71.718428686261177 45.859949767589569 23.289144679903984 123.16152893006802 27.885877206921577 45.014099776744843 135.7070178091526 34.780543029308319 158.92494314908981 183.61427289247513 578.98647835850716 43.264363497495651 804.75752045214176 331.80926182866096 26.260440945625305 38.33081391453743 2592.983340471983 476.25796730816364 177.08821801841259 116.95193275809288 62.141093790531158 34.369319409132004 731.62928031384945 359.23464518785477 166.00872668623924 108.92656856775284 25.783253788948059 50.465952754020691 31.418850347399712
leaf_count=208 74566 326 190 108 503 115 183 554 140 645 756 2341 175 3239 1344 108 155 10471 1915 728 471 250 140 2948 1464 674 441 104 203 127
internal_value=0 0.00526573 -0.00199144 0.0122909 -3.737e-05 0.00509877 0.0143594 -7.6713e-05 -0.000854216 -0.000748403 0.0027582 0.000723972 -0.00139465 -0.000103807 -0.00260859 -0.00220649 0.00279818 -0.00291373 -0.00272063 0.00804588 0.00189187 0.00120193 0.00174205 0.000689729 -0.00252367 0.00810593 0.00482552 0.00932128 -0.00174085 -0.00521943
internal_weight=0 186.978 91.9705 95.0076 25791.4 196.062 72.9 25595.4 7269.69 7234.91 1125.86 813.067 6109.05 2960.74 3148.31 2989.38 370.14 2619.24 1281.02 312.795 1679.73 1536.99 1474.85 1265.58 533.949 209.273 143.296 142.735 629.452 390.653
internal_count=105592 832 398 434 104760 801 298 103959 29393 29253 4582 3300 24671 11948 12723 12078 1499 10579 5154 1282 6794 6219 5969 5120 2172 849 581 575 2544 1591
is_linear=0
shrinkage=0.03


Tree=74
num_leaves=31
num_cat=0
split_feature=12 15 12 12 16 13 7 11 6 16 7 16 7 3 16 13 0 8 16 15 2 2 16 7 10 13 6 15 10 2
split_gain=5.78885 10.4228 6.97521 11.1875 9.04438 11.6208 7.86611 8.34193 14.4115 15.3088 8.30448 7.07996 6.99743 6.90816 15.3245 13.7162 10.0083 10.7412 9.45204 9.08171 8.8501 7.3509 11.2323 14.6818 11.8864 7.27076 7.10197 6.95845 13.9384 14.172
threshold=9.2826813465423452 0.86336166636625966 12.030682799355697 12.858867078357919 -0.065698410441922858 -0.013417229458943523 0.1098243882782045 1.0000000180025095e-35 0.82955955278194649 0.0094916088736282673 0.059618530021270953 -0.0017538014732233485 0.027699034189827807 4.8602655493202773 -0.018182263105128656 -0.056003597036001267 38.002085888864897 -0.048060411972136945 -0.00060271477391649053 0.42677563675934355 -0.72771455058753676 -121.77661137116952 -0.054753494580285882 0.096052195097753076 -0.019346409620856094 -0.040081349287216954 -0.18747936317469763 0.97376133434955869 0.017878681414463474 0.7961196870909254
decision_type=2 2 2 2 2 2 2 2 2 2 2 2 2 2 2 2 2 2 2 2 2 2 2 2 2 2 2 2 2 2
left_child=1 -1 4 6 5 -2 7 10 9 11 -4 -9 -5 14 15 26 17 -16 -19 -18 -17 22 -15 -24 -25 -21 -14 -23 29 -29
right_child=2 -3 3 12 -6 -7 -8 8 -10 -11 -12 -13 13 21 16 20 19 18 -20 25 -22 27 23 24 -26 -27 -28 28 -30 -31
leaf_value=-0.01496753959081021 -0.002021441076689097 0.004431932150001208 -0.00084004777916192521 0.0092326595605772294 0.00185602574915091 0.02453364553154409 0.0059574992142178906 -0.0033621997989523042 0.012908144867000268 -0.017787715798539352 -0.015258336960650803 0.01378828109363218 -0.0058076943846232052 0.0062262216784375627 0.00097148356888620191 -0.0015335809793843764 -0.011045435509632851 0.012589428252620575 0.036150038725976413 0.00093845811502142899 -0.014569152323612521 0.00033355807006514674 -0.00070359759424849528 -0.0077970706601009692 -0.034207030245250097 0.01870547499231931 0.0068451891531534663 -0.00099017184006209126 -0.0029674118792396586 0.0021183157214644836
leaf_weight=61.349421247839928 24.876488164067268 41.982771679759026 51.149953201413155 74.169131517410278 754.54421357810497 36.729908674955368 58.089445188641548 146.74714644253254 45.299089699983597 66.393046081066132 121.00368870794773 25.4148830473423 46.762703165411949 46.568005681037903 24.711664363741875 302.05748125910759 27.149493098258972 30.570919364690781 30.7287288159132 46.145440101623535 55.48394513130188 15168.041409865022 61.409132495522499 29.674370408058167 31.746018216013908 37.637389957904816 273.03381852805614 4430.4003757834435 1947.3548419624567 1880.1928049325943
leaf_count=247 102 169 206 319 3074 152 239 592 185 268 487 103 192 190 102 1236 112 127 129 193 226 61693 249 122 128 154 1142 18004 7834 7616
internal_value=0 -0.00708574 2.9096e-05 -5.97995e-05 0.00275842 0.0138108 -0.00443969 -0.00576416 -0.00260422 -0.00554986 -0.0109744 -0.000830414 3.19421e-05 4.05417e-06 0.0026227 0.000481002 0.00998852 0.0176689 0.0244001 0.00403357 -0.00355647 -9.29746e-05 -0.0063199 -0.0110765 -0.0214474 0.00891986 0.004995 -4.79466e-05 -0.000748687 -6.40218e-05
internal_weight=0 103.332 25874.1 25057.9 816.151 61.6064 514.097 456.008 283.854 238.555 172.154 172.162 24543.8 24469.7 874.282 677.338 196.944 86.0113 61.2996 110.932 357.541 23595.4 169.398 122.83 61.4204 83.7828 319.797 23426 8257.95 6310.59
internal_count=105592 416 105176 101848 3328 254 2080 1841 1148 963 693 695 99768 99449 3613 2796 817 358 256 459 1462 95836 689 499 250 347 1334 95147 33454 25620
is_linear=0
shrinkage=0.03


end of trees

feature_importances:
atr_pct=240
bb_width_norm=216
rs_momentum_20d=209
macd_hist=208
adx_14=198
ema_cross=169
price_return_20d=154
vol_ratio=141
stoch_k=125
cci_20=125
price_return_5d=104
ema9_ratio=90
ema21_ratio=68
rsi_14=59
bb_pct_b=52
golden_death=52
rsi_z=40

parameters:
[boosting: gbdt]
[objective: binary]
[metric: auc]
[tree_learner: serial]
[device_type: cpu]
[data_sample_strategy: bagging]
[data: ]
[valid: ]
[num_iterations: 300]
[learning_rate: 0.03]
[num_leaves: 31]
[num_threads: 0]
[seed: 0]
[deterministic: 0]
[force_col_wise: 0]
[force_row_wise: 0]
[histogram_pool_size: -1]
[max_depth: -1]
[min_data_in_leaf: 100]
[min_sum_hessian_in_leaf: 0.001]
[bagging_fraction: 1]
[pos_bagging_fraction: 1]
[neg_bagging_fraction: 1]
[bagging_freq: 0]
[bagging_seed: 3]
[feature_fraction: 0.8]
[feature_fraction_bynode: 1]
[feature_fraction_seed: 2]
[extra_trees: 0]
[extra_seed: 6]
[early_stopping_round: 0]
[first_metric_only: 0]
[max_delta_step: 0]
[lambda_l1: 0]
[lambda_l2: 0]
[linear_lambda: 0]
[min_gain_to_split: 0]
[drop_rate: 0.1]
[max_drop: 50]
[skip_drop: 0.5]
[xgboost_dart_mode: 0]
[uniform_drop: 0]
[drop_seed: 4]
[top_rate: 0.2]
[other_rate: 0.1]
[min_data_per_group: 100]
[max_cat_threshold: 32]
[cat_l2: 10]
[cat_smooth: 10]
[max_cat_to_onehot: 4]
[top_k: 20]
[monotone_constraints: ]
[monotone_constraints_method: basic]
[monotone_penalty: 0]
[feature_contri: ]
[forcedsplits_filename: ]
[refit_decay_rate: 0.9]
[cegb_tradeoff: 1]
[cegb_penalty_split: 0]
[cegb_penalty_feature_lazy: ]
[cegb_penalty_feature_coupled: ]
[path_smooth: 0]
[interaction_constraints: ]
[verbosity: -1]
[saved_feature_importance_type: 0]
[use_quantized_grad: 0]
[num_grad_quant_bins: 4]
[quant_train_renew_leaf: 0]
[stochastic_rounding: 1]
[linear_tree: 0]
[max_bin: 255]
[max_bin_by_feature: ]
[min_data_in_bin: 3]
[bin_construct_sample_cnt: 200000]
[data_random_seed: 1]
[is_enable_sparse: 1]
[enable_bundle: 1]
[use_missing: 1]
[zero_as_missing: 0]
[feature_pre_filter: 1]
[pre_partition: 0]
[two_round: 0]
[header: 0]
[label_column: ]
[weight_column: ]
[group_column: ]
[ignore_column: ]
[categorical_feature: ]
[forcedbins_filename: ]
[precise_float_parser: 0]
[parser_config_file: ]
[objective_seed: 5]
[num_class: 1]
[is_unbalance: 0]
[scale_pos_weight: 1]
[sigmoid: 1]
[boost_from_average: 1]
[reg_sqrt: 0]
[alpha: 0.9]
[fair_c: 1]
[poisson_max_delta_step: 0.7]
[tweedie_variance_power: 1.5]
[lambdarank_truncation_level: 30]
[lambdarank_norm: 1]
[label_gain: ]
[lambdarank_position_bias_regularization: 0]
[eval_at: ]
[multi_error_top_k: 1]
[auc_mu_weights: ]
[num_machines: 1]
[local_listen_port: 12400]
[time_out: 120]
[machine_list_filename: ]
[machines: ]
[gpu_platform_id: -1]
[gpu_device_id: -1]
[gpu_use_dp: 0]
[num_gpu: 1]

end of parameters

pandas_categorical:[]
